#
# A fatal error has been detected by the Java Runtime Environment:
#
#  EXCEPTION_ACCESS_VIOLATION (0xc0000005) at pc=0x0000000054018da6, pid=19932, tid=22324
#
# JRE version: OpenJDK Runtime Environment Temurin-21.0.11+10 (21.0.11+10) (build 21.0.11+10-LTS)
# Java VM: OpenJDK 64-Bit Server VM Temurin-21.0.11+10 (21.0.11+10-LTS, mixed mode, sharing, tiered, compressed oops, compressed class ptrs, g1 gc, windows-amd64)
# Problematic frame:
# C  [quickjs_quickjs15750467880257135809.tmp+0x18da6]
#
# No core dump will be written. Minidumps are not enabled by default on client versions of Windows
#
# If you would like to submit a bug report, please visit:
#   https://github.com/adoptium/adoptium-support/issues
# The crash happened outside the Java Virtual Machine in native code.
# See problematic frame for where to report the bug.
#

---------------  S U M M A R Y ------------

Command Line: -Dapple.awt.application.appearance=NSAppearanceNameDarkAqua -Dcompose.application.configure.swing.globals=true -Dcompose.application.resources.dir=D:\opencode\NuvioDesktop0-experiment\composeApp\build\compose\tmp\prepareAppResources --add-opens=java.desktop/java.awt=ALL-UNNAMED --add-opens=java.desktop/sun.lwawt=ALL-UNNAMED --add-opens=java.desktop/sun.lwawt.macosx=ALL-UNNAMED --add-opens=java.desktop/sun.awt.windows=ALL-UNNAMED -Dfile.encoding=UTF-8 -Duser.country=US -Duser.language=en -Duser.variant com.nuvio.app.MainKt

Host: 12th Gen Intel(R) Core(TM) i7-12700H, 20 cores, 31G,  Windows 11 , 64 bit Build 26100 (10.0.26100.8328)
Time: Sat Jun 13 23:15:21 2026 Eastern Daylight Time elapsed time: 64.944870 seconds (0d 0h 1m 4s)

---------------  T H R E A D  ---------------

Current thread (0x000001ea703b9eb0):  JavaThread "DefaultDispatcher-worker-83" daemon [_thread_in_native, id=22324, stack(0x000000233a700000,0x000000233a800000) (1024K)]

Stack: [0x000000233a700000,0x000000233a800000],  sp=0x000000233a7fd1e0,  free space=1012k
Native frames: (J=compiled Java code, j=interpreted, Vv=VM code, C=native code)
C  [quickjs_quickjs15750467880257135809.tmp+0x18da6]

Java frames: (J=compiled Java code, j=interpreted, Vv=VM code)
J 14591  com.dokar.quickjs.QuickJs.executePendingJob(JJ)Z (0 bytes) @ 0x000001ea109a28f3 [0x000001ea109a28a0+0x0000000000000053]
J 15481 c1 com.dokar.quickjs.QuickJs.awaitAsyncJobs(Lkotlin/coroutines/Continuation;)Ljava/lang/Object; (527 bytes) @ 0x000001ea0a3ca134 [0x000001ea0a3c8de0+0x0000000000001354]
j  com.dokar.quickjs.QuickJs.evalAndAwait(Lkotlin/jvm/functions/Function1;Lkotlin/coroutines/Continuation;)Ljava/lang/Object;+687
j  com.dokar.quickjs.QuickJs.evaluateInternal(Ljava/lang/String;Ljava/lang/String;ZLkotlin/coroutines/Continuation;)Ljava/lang/Object;+18
j  com.nuvio.app.features.plugins.PluginRuntime.executePluginInternal(Ljava/lang/String;Ljava/lang/String;Ljava/lang/String;Ljava/lang/Integer;Ljava/lang/Integer;Ljava/lang/String;Ljava/util/Map;Lkotlin/coroutines/Continuation;)Ljava/lang/Object;+2190
j  com.nuvio.app.features.plugins.PluginRuntime.access$executePluginInternal(Lcom/nuvio/app/features/plugins/PluginRuntime;Ljava/lang/String;Ljava/lang/String;Ljava/lang/String;Ljava/lang/Integer;Ljava/lang/Integer;Ljava/lang/String;Ljava/util/Map;Lkotlin/coroutines/Continuation;)Ljava/lang/Object;+14
j  com.nuvio.app.features.plugins.PluginRuntime$executePlugin$2$1.invokeSuspend(Ljava/lang/Object;)Ljava/lang/Object;+76
j  com.nuvio.app.features.plugins.PluginRuntime$executePlugin$2$1.invoke(Lkotlinx/coroutines/CoroutineScope;Lkotlin/coroutines/Continuation;)Ljava/lang/Object;+12
j  com.nuvio.app.features.plugins.PluginRuntime$executePlugin$2$1.invoke(Ljava/lang/Object;Ljava/lang/Object;)Ljava/lang/Object;+9
J 8604 c1 kotlinx.coroutines.intrinsics.UndispatchedKt.startUndspatched(Lkotlinx/coroutines/internal/ScopeCoroutine;ZLjava/lang/Object;Lkotlin/jvm/functions/Function2;)Ljava/lang/Object; (267 bytes) @ 0x000001ea095424f4 [0x000001ea09542140+0x00000000000003b4]
j  kotlinx.coroutines.intrinsics.UndispatchedKt.startUndispatchedOrReturnIgnoreTimeout(Lkotlinx/coroutines/internal/ScopeCoroutine;Ljava/lang/Object;Lkotlin/jvm/functions/Function2;)Ljava/lang/Object;+4
j  kotlinx.coroutines.TimeoutKt.setupTimeout(Lkotlinx/coroutines/TimeoutCoroutine;Lkotlin/jvm/functions/Function2;)Ljava/lang/Object;+47
j  kotlinx.coroutines.TimeoutKt.withTimeout(JLkotlin/jvm/functions/Function2;Lkotlin/coroutines/Continuation;)Ljava/lang/Object;+33
j  com.nuvio.app.features.plugins.PluginRuntime$executePlugin$2.invokeSuspend(Ljava/lang/Object;)Ljava/lang/Object;+87
j  com.nuvio.app.features.plugins.PluginRuntime$executePlugin$2.invoke(Lkotlinx/coroutines/CoroutineScope;Lkotlin/coroutines/Continuation;)Ljava/lang/Object;+12
j  com.nuvio.app.features.plugins.PluginRuntime$executePlugin$2.invoke(Ljava/lang/Object;Ljava/lang/Object;)Ljava/lang/Object;+9
J 8604 c1 kotlinx.coroutines.intrinsics.UndispatchedKt.startUndspatched(Lkotlinx/coroutines/internal/ScopeCoroutine;ZLjava/lang/Object;Lkotlin/jvm/functions/Function2;)Ljava/lang/Object; (267 bytes) @ 0x000001ea095424f4 [0x000001ea09542140+0x00000000000003b4]
J 9048 c1 kotlinx.coroutines.BuildersKt__Builders_commonKt.withContext(Lkotlin/coroutines/CoroutineContext;Lkotlin/jvm/functions/Function2;Lkotlin/coroutines/Continuation;)Ljava/lang/Object; (203 bytes) @ 0x000001ea0964a974 [0x000001ea096498e0+0x0000000000001094]
J 9047 c1 kotlinx.coroutines.BuildersKt.withContext(Lkotlin/coroutines/CoroutineContext;Lkotlin/jvm/functions/Function2;Lkotlin/coroutines/Continuation;)Ljava/lang/Object; (7 bytes) @ 0x000001ea0964931c [0x000001ea096492c0+0x000000000000005c]
j  com.nuvio.app.features.plugins.PluginRuntime.executePlugin(Ljava/lang/String;Ljava/lang/String;Ljava/lang/String;Ljava/lang/Integer;Ljava/lang/Integer;Ljava/lang/String;Ljava/util/Map;Lkotlin/coroutines/Continuation;)Ljava/lang/Object;+30
j  com.nuvio.app.features.plugins.PluginRepository.executeScraper-hUnOzRk(Lcom/nuvio/app/features/plugins/PluginScraper;Ljava/lang/String;Ljava/lang/String;Ljava/lang/Integer;Ljava/lang/Integer;Lkotlin/coroutines/Continuation;)Ljava/lang/Object;+342
j  com.nuvio.app.features.plugins.PluginRepository$executeScraper$1.invokeSuspend(Ljava/lang/Object;)Ljava/lang/Object;+29
J 8575 c2 kotlin.coroutines.jvm.internal.BaseContinuationImpl.resumeWith(Ljava/lang/Object;)V (124 bytes) @ 0x000001ea106588c8 [0x000001ea10658860+0x0000000000000068]
J 9057 c2 kotlinx.coroutines.DispatchedTask.run()V (387 bytes) @ 0x000001ea1069d930 [0x000001ea1069d6a0+0x0000000000000290]
J 6292 c1 kotlinx.coroutines.scheduling.CoroutineScheduler.runSafely(Lkotlinx/coroutines/scheduling/Task;)V (73 bytes) @ 0x000001ea0914b054 [0x000001ea0914af40+0x0000000000000114]
J 4719 c1 kotlinx.coroutines.scheduling.CoroutineScheduler$Worker.executeTask(Lkotlinx/coroutines/scheduling/Task;)V (168 bytes) @ 0x000001ea08e6f1d4 [0x000001ea08e6ed60+0x0000000000000474]
j  kotlinx.coroutines.scheduling.CoroutineScheduler$Worker.runWorker()V+44
j  kotlinx.coroutines.scheduling.CoroutineScheduler$Worker.run()V+1
v  ~StubRoutines::call_stub 0x000001ea0fab100d

siginfo: EXCEPTION_ACCESS_VIOLATION (0xc0000005), reading address 0x0000000000000028


Registers:
RAX=0x0000000000000000, RBX=0x0000000000000036, RCX=0x0000000000000002, RDX=0x000000233a7fd6d0
RSP=0x000000233a7fd1e0, RBP=0x0000000000000036, RSI=0x000000233a7fd680, RDI=0xffffffffffffffff
R8 =0x000000233a7fd240, R9 =0x00000000540b1840, R10=0x000001eaeaac4020, R11=0x000001ead762956b
R12=0x000000233a7fd240, R13=0x0000000000000000, R14=0x000001ea00000000, R15=0x0000000003ffffff
RIP=0x0000000054018da6, EFLAGS=0x0000000000010206

XMM[0]=0x0000000000000004 0x000001ea00000000
XMM[1]=0x005d7d2275346275 0x686468223a227265
XMM[2]=0x6973222c22703038 0x34223a227974696c
XMM[3]=0x222c22424d20322e 0x383434223a22657a
XMM[4]=0x6275686468223a22 0x72656469766f7270
XMM[5]=0x0000000000000000 0x354f020000000000
XMM[6]=0x0000000000000000 0x000001eac40fd400
XMM[7]=0x0000000000000000 0x0000000000000000
XMM[8]=0x0000000000000000 0x0000000000000000
XMM[9]=0x0000000000000000 0x0000000000000000
XMM[10]=0x0000000000000000 0x0000000000000000
XMM[11]=0x0000000000000000 0x0000000000000000
XMM[12]=0x0000000000000000 0x0000000000000000
XMM[13]=0x0000000000000000 0x0000000000000000
XMM[14]=0x0000000000000000 0x0000000000000000
XMM[15]=0x0000000000000000 0x0000000000000000
  MXCSR=0x00001fa2


Register to memory mapping:

RAX=0x0 is null
RBX=0x0000000000000036 is an unknown value
RCX=0x0000000000000002 is an unknown value
RDX=0x000000233a7fd6d0 is pointing into the stack for thread: 0x000001ea703b9eb0
RSP=0x000000233a7fd1e0 is pointing into the stack for thread: 0x000001ea703b9eb0
RBP=0x0000000000000036 is an unknown value
RSI=0x000000233a7fd680 is pointing into the stack for thread: 0x000001ea703b9eb0
RDI=0xffffffffffffffff is an unknown value
R8 =0x000000233a7fd240 is pointing into the stack for thread: 0x000001ea703b9eb0
R9 =0x00000000540b1840 quickjs_quickjs15750467880257135809.tmp
R10=0x000001eaeaac4020 points into unknown readable memory: 0x000000050000060a | 0a 06 00 00 05 00 00 00
R11=0x000001ead762956b points into unknown readable memory: 36 00 00 00 e8
R12=0x000000233a7fd240 is pointing into the stack for thread: 0x000001ea703b9eb0
R13=0x0 is null
R14=0x000001ea00000000 points into unknown readable memory: 0x00010000cafedada | da da fe ca 00 00 01 00
R15=0x0000000003ffffff is an unknown value

Top of Stack: (sp=0x000000233a7fd1e0)
0x000000233a7fd1e0:   0000002300000000 0000000000000003   ....#...........
0x000000233a7fd1f0:   0000000000000000 000001eaea30ceb0   ..........0.....
0x000000233a7fd200:   000001eaeaac4020 000001eaeaac4020    @...... @......
0x000000233a7fd210:   0000000000000000 00000000540396ec   ...........T....
0x000000233a7fd220:   000001eaea30ceb0 0000000000000000   ..0.............
0x000000233a7fd230:   000001ead713adc0 000000233a7fd2e0   ...........:#...
0x000000233a7fd240:   000001ea00000000 0000000000000002   ................
0x000000233a7fd250:   0000000000000000 0000000000000000   ................
0x000000233a7fd260:   0000000000000000 0000000000000000   ................
0x000000233a7fd270:   0000000000000000 0000000000000000   ................
0x000000233a7fd280:   0000000000000000 0000000000000000   ................
0x000000233a7fd290:   000001eae9fc9180 000001ea00000000   ................
0x000000233a7fd2a0:   0000000000000002 00000000540b5bc0   .........[.T....
0x000000233a7fd2b0:   000000233a7fd3a0 000000233a7fd680   ...:#......:#...
0x000000233a7fd2c0:   000001eac4f41b18 000001ead762956b   ........k.b.....
0x000000233a7fd2d0:   000001ead762956f 000001eaeaac4020   o.b..... @......
0x000000233a7fd2e0:   000001eaeaac4020 00000000540268ea    @.......h.T....
0x000000233a7fd2f0:   000001ead7629568 0000000054024ff2   h.b......O.T....
0x000000233a7fd300:   000000233a7fd610 0000000000000000   ...:#...........
0x000000233a7fd310:   000000233a7fd6d0 0000000000000000   ...:#...........
0x000000233a7fd320:   00000023ffffffff 000000233a7fcf30   ....#...0..:#...
0x000000233a7fd330:   000001ead73b6d60 ffffffffffffffff   `m;.............
0x000000233a7fd340:   000001ead73b6dc0 0000000000000000   .m;.............
0x000000233a7fd350:   000001eaea30ceb0 000000233a7fd820   ..0..... ..:#...
0x000000233a7fd360:   000000233a7fd570 000000233a7fd3c0   p..:#......:#...
0x000000233a7fd370:   000001eaeaac4020 000000005401575f    @......_W.T....
0x000000233a7fd380:   000001eac4bd664b 000000233a7fd8a0   Kf.........:#...
0x000000233a7fd390:   ffffffffffffffff 000000005401a149   ........I..T....
0x000000233a7fd3a0:   0000002300000005 00000001eaac4020   ....#... @......
0x000000233a7fd3b0:   0000000000000398 000000233a7fd450   ........P..:#...
0x000000233a7fd3c0:   0000000000000044 000001eaeaac4020   D....... @......
0x000000233a7fd3d0:   000001ead73b6dc0 0000000000000000   .m;.............

Instructions: (pc=0x0000000054018da6)
0x0000000054018ca6:   5e 41 5f c3 41 ff 45 00 48 c7 c5 ff ff ff ff 48
0x0000000054018cb6:   8d 5c 24 30 4c 8d 74 24 40 4c 89 6c 24 40 48 89
0x0000000054018cc6:   6c 24 48 48 89 d9 48 89 f2 4d 89 f0 e8 2c 2d 02
0x0000000054018cd6:   00 48 8b 6c 24 38 83 fd 02 74 8d 83 fd 06 0f 84
0x0000000054018ce6:   52 ff ff ff 4c 8b 6c 24 30 4d 39 ef 74 26 8b 8e
0x0000000054018cf6:   b8 01 00 00 8d 41 ff 89 86 b8 01 00 00 31 c0 83
0x0000000054018d06:   f9 01 7e 06 85 c0 74 b1 eb 23 48 89 f1 e8 47 2d
0x0000000054018d16:   02 00 eb f0 48 8d 54 24 30 4c 89 3a 48 89 6a 08
0x0000000054018d26:   48 89 f1 e8 7f 91 ff ff e9 28 ff ff ff 48 8d 54
0x0000000054018d36:   24 30 4c 89 2a 48 89 6a 08 48 89 f1 e8 66 91 ff
0x0000000054018d46:   ff e9 f0 fe ff ff 41 57 41 56 41 55 41 54 56 57
0x0000000054018d56:   55 53 48 81 ec c8 00 00 00 44 89 cb 49 89 d2 48
0x0000000054018d66:   89 ce 41 8b 40 08 83 f8 ff 0f 85 3a 02 00 00 4d
0x0000000054018d76:   8b 30 44 8b ac 24 38 01 00 00 48 8b 94 24 30 01
0x0000000054018d86:   00 00 89 dd 81 e5 ff ff ff 7f 48 c7 c7 ff ff ff
0x0000000054018d96:   ff 4c 8d 64 24 60 41 bf ff ff ff 03 49 8b 46 28
0x0000000054018da6:   8b 48 28 21 d9 48 f7 d1 8b 0c 88 85 c9 74 1b 48
0x0000000054018db6:   83 c0 48 41 89 c9 4a 8d 0c c8 48 83 c1 f8 39 59
0x0000000054018dc6:   04 74 21 8b 09 44 21 f9 75 e9 41 8a 46 05 a8 04
0x0000000054018dd6:   75 6c 49 8b 46 28 4c 8b 70 40 4d 85 f6 75 bd e9
0x0000000054018de6:   ac 01 00 00 49 ff c9 49 c1 e1 04 8b 01 4d 03 4e
0x0000000054018df6:   30 c1 e8 1e 0f 84 6a 01 00 00 83 f8 01 0f 84 d2
0x0000000054018e06:   01 00 00 83 f8 02 0f 84 39 02 00 00 48 89 4c 24
0x0000000054018e16:   20 4c 89 d1 4c 89 f2 41 89 d8 4c 89 54 24 38 e8
0x0000000054018e26:   ca 05 00 00 48 8b 94 24 30 01 00 00 4c 8b 54 24
0x0000000054018e36:   38 85 c0 0f 84 63 ff ff ff e9 31 02 00 00 4c 89
0x0000000054018e46:   54 24 38 a8 08 0f 85 a7 00 00 00 4c 8b 54 24 38
0x0000000054018e56:   49 8b 42 20 48 8b 40 70 41 0f b7 4e 06 48 8d 0c
0x0000000054018e66:   89 48 8b 4c c8 20 48 85 c9 48 8b 94 24 30 01 00
0x0000000054018e76:   00 0f 84 5b ff ff ff 48 8b 41 28 48 85 c0 0f 85
0x0000000054018e86:   e5 02 00 00 48 8b 01 48 85 c0 4c 8b 54 24 38 4c
0x0000000054018e96:   8d 44 24 40 0f 84 38 ff ff ff 41 ff 06 4c 89 74


Stack slot to memory mapping:

stack at sp + 0 slots: 0x0000002300000000 is an unknown value
stack at sp + 1 slots: 0x0000000000000003 is an unknown value
stack at sp + 2 slots: 0x0 is null
stack at sp + 3 slots: 0x000001eaea30ceb0 points into unknown readable memory: 0x00000f7000000000 | 00 00 00 00 70 0f 00 00
stack at sp + 4 slots: 0x000001eaeaac4020 points into unknown readable memory: 0x000000050000060a | 0a 06 00 00 05 00 00 00
stack at sp + 5 slots: 0x000001eaeaac4020 points into unknown readable memory: 0x000000050000060a | 0a 06 00 00 05 00 00 00
stack at sp + 6 slots: 0x0 is null
stack at sp + 7 slots: 0x00000000540396ec quickjs_quickjs15750467880257135809.tmp


Compiled method (n/a) 65019 14591     n 0       com.dokar.quickjs.QuickJs::executePendingJob (native)
 total in heap  [0x000001ea109a2710,0x000001ea109a2ae0] = 976
 relocation     [0x000001ea109a2870,0x000001ea109a28a0] = 48
 main code      [0x000001ea109a28a0,0x000001ea109a2ad2] = 562
 stub code      [0x000001ea109a2ad2,0x000001ea109a2ad8] = 6
 oops           [0x000001ea109a2ad8,0x000001ea109a2ae0] = 8

[Constant Pool (empty)]

[MachCode]
[Entry Point]
  # {method} {0x000001ead884b9b0} 'executePendingJob' '(JJ)Z' in 'com/dokar/quickjs/QuickJs'
  # this:     rdx:rdx   = 'com/dokar/quickjs/QuickJs'
  # parm0:    r8:r8     = long
  # parm1:    r9:r9     = long
  #           [sp+0x70]  (sp of caller)
  0x000001ea109a28a0: 448b 5208 | 49bb 0000 | 0020 ea01 | 0000 4d03 | d349 3bc2 | 0f84 0600 

  0x000001ea109a28b8: ;   {runtime_call ic_miss_stub}
  0x000001ea109a28b8: 0000 e9c1 | be15 ff90 
[Verified Entry Point]
  0x000001ea109a28c0: 8984 2400 | 80ff ff55 | 488b ec48 | 83ec 6090 | 4181 7f20 | 0f00 0000 

  0x000001ea109a28d8: ;   {runtime_call StubRoutines (final stubs)}
  0x000001ea109a28d8: 7405 e801 | 3c14 ff48 | 8954 2420 | 4883 fa00 | 488d 5424 | 2048 0f44 | 5424 20c5 

  0x000001ea109a28f4: ;   {internal_word}
  0x000001ea109a28f4: f877 49ba | f328 9a10 | ea01 0000 | 4d89 97a8 | 0300 0049 | 89a7 a003 

  0x000001ea109a290c: ;   {external_word}
  0x000001ea109a290c: 0000 49ba | c66c d094 | fb7f 0000 | 4180 3a00 | 0f84 4e00 | 0000 5241 

  0x000001ea109a2924: ;   {metadata({method} {0x000001ead884b9b0} 'executePendingJob' '(JJ)Z' in 'com/dokar/quickjs/QuickJs')}
  0x000001ea109a2924: 5041 5148 | baa8 b984 | d8ea 0100 | 0049 8bcf | 4883 ec20 | 40f6 c40f | 0f84 1900 | 0000 4883 
  0x000001ea109a2944: ;   {runtime_call}
  0x000001ea109a2944: ec08 48b8 | 20e5 7994 | fb7f 0000 | ffd0 4883 | c408 e90c 

  0x000001ea109a2958: ;   {runtime_call}
  0x000001ea109a2958: 0000 0048 | b820 e579 | 94fb 7f00 | 00ff d048 | 83c4 2041 | 5941 585a | 498d 8fc0 | 0300 0041 
  0x000001ea109a2978: c787 4c04 | 0000 0400 

  0x000001ea109a2980: ;   {runtime_call}
  0x000001ea109a2980: 0000 48b8 | e5f6 0954 | 0000 0000 | ffd0 c5f8 | 7725 ff00 | 0000 0f95 | c041 c787 | 4c04 0000 
  0x000001ea109a29a0: 0500 0000 | f083 4424 | c000 493b | af50 0400 | 000f 870e | 0000 0041 | 83bf 4804 | 0000 000f 
  0x000001ea109a29c0: 842b 0000 | 00c5 f877 | 4889 45f8 | 498b cf4c | 8be4 4883 | ec20 4883 

  0x000001ea109a29d8: ;   {runtime_call}
  0x000001ea109a29d8: e4f0 48b8 | e053 4594 | fb7f 0000 | ffd0 498b | e44d 33e4 | 488b 45f8 | 41c7 874c | 0400 0008 
  0x000001ea109a29f8: 0000 0041 | 83bf c804 | 0000 020f | 849c 0000 

  0x000001ea109a2a08: ;   {external_word}
  0x000001ea109a2a08: 0049 bac6 | 6cd0 94fb | 7f00 0041 | 803a 000f | 844c 0000 | 0048 8945 

  0x000001ea109a2a20: ;   {metadata({method} {0x000001ead884b9b0} 'executePendingJob' '(JJ)Z' in 'com/dokar/quickjs/QuickJs')}
  0x000001ea109a2a20: f848 baa8 | b984 d8ea | 0100 0049 | 8bcf 4883 | ec20 40f6 | c40f 0f84 | 1900 0000 | 4883 ec08 
  0x000001ea109a2a40: ;   {runtime_call}
  0x000001ea109a2a40: 48b8 20e5 | 7994 fb7f | 0000 ffd0 | 4883 c408 | e90c 0000 

  0x000001ea109a2a54: ;   {runtime_call}
  0x000001ea109a2a54: 0048 b820 | e579 94fb | 7f00 00ff | d048 83c4 | 2048 8b45 | f849 c787 | a003 0000 | 0000 0000 
  0x000001ea109a2a74: 49c7 87a8 | 0300 0000 | 0000 00c5 | f877 498b | 8f30 0400 | 00c7 8100 | 0100 0000 | 0000 00c9 
  0x000001ea109a2a94: 4983 7f08 | 000f 8501 | 0000 00c3 

  0x000001ea109a2aa0: ;   {runtime_call StubRoutines (initial stubs)}
  0x000001ea109a2aa0: e95b e410 | ffc5 f877 | 4889 45f8 | 4c8b e448 | 83ec 2048 

  0x000001ea109a2ab4: ;   {runtime_call}
  0x000001ea109a2ab4: 83e4 f048 | b870 1c7a | 94fb 7f00 | 00ff d049 | 8be4 4d33 | e448 8b45 | f8e9 37ff | ffff f4f4 
  0x000001ea109a2ad4: f4f4 f4f4 
[/MachCode]


Compiled method (c1) 65024 15481   !   3       com.dokar.quickjs.QuickJs::awaitAsyncJobs (527 bytes)
 total in heap  [0x000001ea0a3c8890,0x000001ea0a3cd4a0] = 19472
 relocation     [0x000001ea0a3c89f0,0x000001ea0a3c8dc8] = 984
 main code      [0x000001ea0a3c8de0,0x000001ea0a3cbff8] = 12824
 stub code      [0x000001ea0a3cbff8,0x000001ea0a3cc140] = 328
 oops           [0x000001ea0a3cc140,0x000001ea0a3cc150] = 16
 metadata       [0x000001ea0a3cc150,0x000001ea0a3cc1f0] = 160
 scopes data    [0x000001ea0a3cc1f0,0x000001ea0a3ccc28] = 2616
 scopes pcs     [0x000001ea0a3ccc28,0x000001ea0a3cd258] = 1584
 dependencies   [0x000001ea0a3cd258,0x000001ea0a3cd270] = 24
 handler table  [0x000001ea0a3cd270,0x000001ea0a3cd3c0] = 336
 nul chk table  [0x000001ea0a3cd3c0,0x000001ea0a3cd4a0] = 224

[Constant Pool (empty)]

[MachCode]
[Entry Point]
  # {method} {0x000001ead8849978} 'awaitAsyncJobs' '(Lkotlin/coroutines/Continuation;)Ljava/lang/Object;' in 'com/dokar/quickjs/QuickJs'
  # this:     rdx:rdx   = 'com/dokar/quickjs/QuickJs'
  # parm0:    r8:r8     = 'kotlin/coroutines/Continuation'
  #           [sp+0x180]  (sp of caller)
  0x000001ea0a3c8de0: 448b 5208 | 49bb 0000 | 0020 ea01 | 0000 4d03 | d34c 3bd0 

  0x000001ea0a3c8df4: ;   {runtime_call ic_miss_stub}
  0x000001ea0a3c8df4: 0f85 8659 | 7305 660f | 1f44 0000 
[Verified Entry Point]
  0x000001ea0a3c8e00: 8984 2400 | 80ff ff55 | 4881 ec70 | 0100 0090 | 4181 7f20 | 0e00 0000 

  0x000001ea0a3c8e18: ;   {runtime_call StubRoutines (final stubs)}
  0x000001ea0a3c8e18: 7405 e8c1 | d671 0548 | 8994 24b8 

  0x000001ea0a3c8e24: ;   {metadata(method data for {method} {0x000001ead8849978} 'awaitAsyncJobs' '(Lkotlin/coroutines/Continuation;)Ljava/lang/Object;' in 'com/dokar/quickjs/QuickJs')}
  0x000001ea0a3c8e24: 0000 0048 | bee8 19a4 | d8ea 0100 | 008b becc | 0000 0083 | c702 89be | cc00 0000 | 81e7 fe07 
  0x000001ea0a3c8e44: 0000 85ff | 0f84 532a | 0000 4d85 

  0x000001ea0a3c8e50: ;   {metadata(method data for {method} {0x000001ead8849978} 'awaitAsyncJobs' '(Lkotlin/coroutines/Continuation;)Ljava/lang/Object;' in 'com/dokar/quickjs/QuickJs')}
  0x000001ea0a3c8e50: c075 1648 | b8e8 19a4 | d8ea 0100 | 0080 8809 | 0100 0001 | e9ce 0000 

  0x000001ea0a3c8e68: ;   {metadata('com/dokar/quickjs/QuickJs$awaitAsyncJobs$1')}
  0x000001ea0a3c8e68: 0048 b9d0 | 7c96 21ea | 0100 0041 | 8b78 0849 | ba00 0000 | 20ea 0100 | 0049 03fa | 483b cf0f 
  0x000001ea0a3c8e88: 858e 0000 

  0x000001ea0a3c8e8c: ;   {metadata(method data for {method} {0x000001ead8849978} 'awaitAsyncJobs' '(Lkotlin/coroutines/Continuation;)Ljava/lang/Object;' in 'com/dokar/quickjs/QuickJs')}
  0x000001ea0a3c8e8c: 0048 b8e8 | 19a4 d8ea | 0100 0041 | 8b48 0849 | ba00 0000 | 20ea 0100 | 0049 03ca | 483b 8820 
  0x000001ea0a3c8eac: 0100 0075 | 0d48 8380 | 2801 0000 | 01e9 7e00 | 0000 483b | 8830 0100 | 0075 0d48 | 8380 3801 
  0x000001ea0a3c8ecc: 0000 01e9 | 6800 0000 | 4883 b820 | 0100 0000 | 7517 4889 | 8820 0100 | 0048 c780 | 2801 0000 
  0x000001ea0a3c8eec: 0100 0000 | e947 0000 | 0048 83b8 | 3001 0000 | 0075 1748 | 8988 3001 | 0000 48c7 | 8038 0100 
  0x000001ea0a3c8f0c: 0001 0000 | 00e9 2600 | 0000 e921 

  0x000001ea0a3c8f18: ;   {metadata(method data for {method} {0x000001ead8849978} 'awaitAsyncJobs' '(Lkotlin/coroutines/Continuation;)Ljava/lang/Object;' in 'com/dokar/quickjs/QuickJs')}
  0x000001ea0a3c8f18: 0000 0048 | b8e8 19a4 | d8ea 0100 | 0048 83a8 | 1001 0000 | 01e9 0500 | 0000 e905 | 0000 0048 
  0x000001ea0a3c8f38: 33f6 eb07 | 48c7 c601 | 0000 0085 

  0x000001ea0a3c8f44: ;   {metadata(method data for {method} {0x000001ead8849978} 'awaitAsyncJobs' '(Lkotlin/coroutines/Continuation;)Ljava/lang/Object;' in 'com/dokar/quickjs/QuickJs')}
  0x000001ea0a3c8f44: f648 bee8 | 19a4 d8ea | 0100 0048 | c7c7 4801 | 0000 7407 | 48c7 c758 | 0100 0048 | 8b04 3e48 
  0x000001ea0a3c8f64: 8d40 0148 | 8904 3e0f | 8425 0100 | 004d 85c0 

  0x000001ea0a3c8f74: ;   {metadata(method data for {method} {0x000001ead8849978} 'awaitAsyncJobs' '(Lkotlin/coroutines/Continuation;)Ljava/lang/Object;' in 'com/dokar/quickjs/QuickJs')}
  0x000001ea0a3c8f74: 7516 48b8 | e819 a4d8 | ea01 0000 | 8088 6101 | 0000 01e9 | ce00 0000 

  0x000001ea0a3c8f8c: ;   {metadata('com/dokar/quickjs/QuickJs$awaitAsyncJobs$1')}
  0x000001ea0a3c8f8c: 48b9 d07c | 9621 ea01 | 0000 418b | 7808 49ba | 0000 0020 | ea01 0000 | 4903 fa48 | 3bcf 0f85 
  0x000001ea0a3c8fac: 8e00 0000 

  0x000001ea0a3c8fb0: ;   {metadata(method data for {method} {0x000001ead8849978} 'awaitAsyncJobs' '(Lkotlin/coroutines/Continuation;)Ljava/lang/Object;' in 'com/dokar/quickjs/QuickJs')}
  0x000001ea0a3c8fb0: 48b8 e819 | a4d8 ea01 | 0000 418b | 4808 49ba | 0000 0020 | ea01 0000 | 4903 ca48 | 3b88 7801 
  0x000001ea0a3c8fd0: 0000 750d | 4883 8080 | 0100 0001 | e979 0000 | 0048 3b88 | 8801 0000 | 750d 4883 | 8090 0100 
  0x000001ea0a3c8ff0: 0001 e963 | 0000 0048 | 83b8 7801 | 0000 0075 | 1748 8988 | 7801 0000 | 48c7 8080 | 0100 0001 
  0x000001ea0a3c9010: 0000 00e9 | 4200 0000 | 4883 b888 | 0100 0000 | 7517 4889 | 8888 0100 | 0048 c780 | 9001 0000 
  0x000001ea0a3c9030: 0100 0000 | e921 0000 | 00e9 1c00 

  0x000001ea0a3c903c: ;   {metadata(method data for {method} {0x000001ead8849978} 'awaitAsyncJobs' '(Lkotlin/coroutines/Continuation;)Ljava/lang/Object;' in 'com/dokar/quickjs/QuickJs')}
  0x000001ea0a3c903c: 0000 48b8 | e819 a4d8 | ea01 0000 | 4883 a868 | 0100 0001 | e96d 2800 | 00e9 0000 | 0000 498b 
  0x000001ea0a3c905c: f08b 7e1c | 488b c725 | 0000 0080 

  0x000001ea0a3c9068: ;   {metadata(method data for {method} {0x000001ead8849978} 'awaitAsyncJobs' '(Lkotlin/coroutines/Continuation;)Ljava/lang/Object;' in 'com/dokar/quickjs/QuickJs')}
  0x000001ea0a3c9068: 85c0 48b8 | e819 a4d8 | ea01 0000 | 48c7 c1b0 | 0100 0075 | 0748 c7c1 | a001 0000 | 488b 1c08 
  0x000001ea0a3c9088: 488d 5b01 | 4889 1c08 | 0f85 4203 | 0000 488b 

  0x000001ea0a3c9098: ;   {metadata('com/dokar/quickjs/QuickJs$awaitAsyncJobs$1')}
  0x000001ea0a3c9098: da48 bad0 | 7c96 21ea | 0100 0049 | 8b87 b801 | 0000 488d | 7830 493b | bfc8 0100 | 000f 8715 
  0x000001ea0a3c90b8: 2800 0049 | 89bf b801 | 0000 48c7 | 0001 0000 | 0048 8bca | 49ba 0000 | 0020 ea01 | 0000 492b 
  0x000001ea0a3c90d8: ca89 4808 | 4833 c989 | 480c 4833 | c948 8948 | 1048 8948 | 1848 8948 | 2048 8948 | 2848 8bd0 
  0x000001ea0a3c90f8: ;   {metadata(method data for {method} {0x000001ead8849978} 'awaitAsyncJobs' '(Lkotlin/coroutines/Continuation;)Ljava/lang/Object;' in 'com/dokar/quickjs/QuickJs')}
  0x000001ea0a3c90f8: 48be e819 | a4d8 ea01 | 0000 4883 | 86d8 0100 

  0x000001ea0a3c9108: ;   {metadata(method data for {method} {0x000001ead888fca8} '<init>' '(Lcom/dokar/quickjs/QuickJs;Lkotlin/coroutines/Continuation;)V' in 'com/dokar/quickjs/QuickJs$awaitAsyncJobs$1')}
  0x000001ea0a3c9108: 0001 48ba | 3023 a4d8 | ea01 0000 | 8bb2 cc00 | 0000 83c6 | 0289 b2cc | 0000 0081 | e6fe ff1f 
  0x000001ea0a3c9128: 0085 f60f | 84ac 2700 | 0041 0fbe | 5740 85d2 | 0f85 c027 | 0000 4c8b | d349 c1ea | 0344 8950 
  0x000001ea0a3c9148: 2848 8bd0 | 4833 d348 | c1ea 1648 | 83fa 000f | 85c0 2700 | 0048 8bd0 

  0x000001ea0a3c9160: ;   {metadata(method data for {method} {0x000001ead888fca8} '<init>' '(Lcom/dokar/quickjs/QuickJs;Lkotlin/coroutines/Continuation;)V' in 'com/dokar/quickjs/QuickJs$awaitAsyncJobs$1')}
  0x000001ea0a3c9160: 48be 3023 | a4d8 ea01 | 0000 4883 | 8610 0100 

  0x000001ea0a3c9170: ;   {metadata(method data for {method} {0x000001ea61626050} '<init>' '(Lkotlin/coroutines/Continuation;)V' in 'kotlin/coroutines/jvm/internal/ContinuationImpl')}
  0x000001ea0a3c9170: 0001 48ba | d03c 5162 | ea01 0000 | 8bb2 cc00 | 0000 83c6 | 0289 b2cc | 0000 0081 | e6fe ff1f 
  0x000001ea0a3c9190: 0085 f60f | 849c 2700 | 004d 85c0 

  0x000001ea0a3c919c: ;   {metadata(method data for {method} {0x000001ea61626050} '<init>' '(Lkotlin/coroutines/Continuation;)V' in 'kotlin/coroutines/jvm/internal/ContinuationImpl')}
  0x000001ea0a3c919c: 48ba d03c | 5162 ea01 | 0000 48c7 | c610 0100 | 0074 0748 | c7c6 2001 | 0000 488b | 3c32 488d 
  0x000001ea0a3c91bc: 7f01 4889 | 3c32 4889 | 8424 a800 | 0000 0f84 | d200 0000 

  0x000001ea0a3c91d0: ; implicit exception: dispatches to 0x000001ea0a3cb956
  0x000001ea0a3c91d0: 493b 0049 

  0x000001ea0a3c91d4: ;   {metadata(method data for {method} {0x000001ea61626050} '<init>' '(Lkotlin/coroutines/Continuation;)V' in 'kotlin/coroutines/jvm/internal/ContinuationImpl')}
  0x000001ea0a3c91d4: 8bf0 48bf | d03c 5162 | ea01 0000 | 8b76 0849 | ba00 0000 | 20ea 0100 | 0049 03f2 | 483b b740 
  0x000001ea0a3c91f4: 0100 0075 | 0d48 8387 | 4801 0000 | 01e9 6000 | 0000 483b | b750 0100 | 0075 0d48 | 8387 5801 
  0x000001ea0a3c9214: 0000 01e9 | 4a00 0000 | 4883 bf40 | 0100 0000 | 7517 4889 | b740 0100 | 0048 c787 | 4801 0000 
  0x000001ea0a3c9234: 0100 0000 | e929 0000 | 0048 83bf | 5001 0000 | 0075 1748 | 89b7 5001 | 0000 48c7 | 8758 0100 
  0x000001ea0a3c9254: 0001 0000 | 00e9 0800 | 0000 4883 | 8730 0100 | 0001 498b | d04c 8984 | 24b0 0000 | 000f 1f40 
  0x000001ea0a3c9274: 0048 b8b0 | 7796 21ea 

  0x000001ea0a3c927c: ;   {virtual_call}
  0x000001ea0a3c927c: 0100 00e8 

  0x000001ea0a3c9280: ; ImmutableOopMap {[168]=Oop [176]=Oop [184]=Oop }
                      ;*invokeinterface getContext {reexecute=0 rethrow=0 return_oop=0}
                      ; - kotlin.coroutines.jvm.internal.ContinuationImpl::<init>@7 (line 103)
                      ; - com.dokar.quickjs.QuickJs$awaitAsyncJobs$1::<init>@7
                      ; - com.dokar.quickjs.QuickJs::awaitAsyncJobs@47
  0x000001ea0a3c9280: 1c5f 0806 

  0x000001ea0a3c9284: ;   {other}
  0x000001ea0a3c9284: 0f1f 8400 | f409 0000 

  0x000001ea0a3c928c: ;   {metadata(method data for {method} {0x000001ea61626050} '<init>' '(Lkotlin/coroutines/Continuation;)V' in 'kotlin/coroutines/jvm/internal/ContinuationImpl')}
  0x000001ea0a3c928c: 49b8 d03c | 5162 ea01 | 0000 41ff | 8068 0100 | 00e9 1200 | 0000 4c89 | 8424 b000 

  0x000001ea0a3c92a8: ;   {oop(nullptr)}
  0x000001ea0a3c92a8: 0000 48b8 | 0000 0000 | 0000 0000 | 4c8b 8424 | a800 0000 | 488b 9424 | b000 0000 

  0x000001ea0a3c92c4: ;   {metadata(method data for {method} {0x000001ea61626050} '<init>' '(Lkotlin/coroutines/Continuation;)V' in 'kotlin/coroutines/jvm/internal/ContinuationImpl')}
  0x000001ea0a3c92c4: 498b f048 | bfd0 3c51 | 62ea 0100 | 0048 8387 | 8001 0000 

  0x000001ea0a3c92d8: ;   {metadata(method data for {method} {0x000001ea61625f88} '<init>' '(Lkotlin/coroutines/Continuation;Lkotlin/coroutines/CoroutineContext;)V' in 'kotlin/coroutines/jvm/internal/ContinuationImpl')}
  0x000001ea0a3c92d8: 0148 bea8 | 3e51 62ea | 0100 008b | becc 0000 | 0083 c702 | 89be cc00 | 0000 81e7 | feff 1f00 
  0x000001ea0a3c92f8: 85ff 0f84 | 5b26 0000 

  0x000001ea0a3c9300: ;   {metadata(method data for {method} {0x000001ea61625f88} '<init>' '(Lkotlin/coroutines/Continuation;Lkotlin/coroutines/CoroutineContext;)V' in 'kotlin/coroutines/jvm/internal/ContinuationImpl')}
  0x000001ea0a3c9300: 498b f048 | bfa8 3e51 | 62ea 0100 | 0048 8387 | 1001 0000 

  0x000001ea0a3c9314: ;   {metadata(method data for {method} {0x000001ea61627380} '<init>' '(Lkotlin/coroutines/Continuation;)V' in 'kotlin/coroutines/jvm/internal/BaseContinuationImpl')}
  0x000001ea0a3c9314: 0148 be08 | 4051 62ea | 0100 008b | becc 0000 | 0083 c702 | 89be cc00 | 0000 81e7 | feff 1f00 
  0x000001ea0a3c9334: 85ff 0f84 | 4026 0000 

  0x000001ea0a3c933c: ;   {metadata(method data for {method} {0x000001ea61627380} '<init>' '(Lkotlin/coroutines/Continuation;)V' in 'kotlin/coroutines/jvm/internal/BaseContinuationImpl')}
  0x000001ea0a3c933c: 498b f048 | bf08 4051 | 62ea 0100 | 0048 8387 | 1001 0000 

  0x000001ea0a3c9350: ;   {metadata(method data for {method} {0x000001ea20474990} '<init>' '()V' in 'java/lang/Object')}
  0x000001ea0a3c9350: 0148 be90 | 6700 61ea | 0100 008b | becc 0000 | 0083 c702 | 89be cc00 | 0000 81e7 | feff 1f00 
  0x000001ea0a3c9370: 85ff 0f84 | 2526 0000 | 410f be77 | 4085 f60f | 8539 2600 | 004c 8bd2 | 49c1 ea03 | 4589 500c 
  0x000001ea0a3c9390: 498b f048 | 33f2 48c1 | ee16 4883 | fe00 0f85 | 3a26 0000 | 410f be57 | 4085 d20f | 8545 2600 
  0x000001ea0a3c93b0: 004c 8bd0 | 49c1 ea03 | 4589 5010 | 498b d048 | 33d0 48c1 | ea16 4883 | fa00 0f85 | 4626 0000 
  0x000001ea0a3c93d0: 498b c0e9 | 1d00 0000 | 81ef 0000 | 0080 897e 

  0x000001ea0a3c93e0: ;   {metadata(method data for {method} {0x000001ead8849978} 'awaitAsyncJobs' '(Lkotlin/coroutines/Continuation;)Ljava/lang/Object;' in 'com/dokar/quickjs/QuickJs')}
  0x000001ea0a3c93e0: 1c49 b8e8 | 19a4 d8ea | 0100 0041 | ff80 c001 | 0000 488b | c68b 7024 | 48c1 e603 

  0x000001ea0a3c93fc: ;   {metadata(method data for {method} {0x000001ead8849978} 'awaitAsyncJobs' '(Lkotlin/coroutines/Continuation;)Ljava/lang/Object;' in 'com/dokar/quickjs/QuickJs')}
  0x000001ea0a3c93fc: 49b8 e819 | a4d8 ea01 | 0000 4983 | 80e8 0100 

  0x000001ea0a3c940c: ;   {metadata(method data for {method} {0x000001ea6164d550} 'getCOROUTINE_SUSPENDED' '()Ljava/lang/Object;' in 'kotlin/coroutines/intrinsics/IntrinsicsKt__IntrinsicsKt')}
  0x000001ea0a3c940c: 0001 49b8 | d032 5162 | ea01 0000 | 418b 90cc | 0000 0083 | c202 4189 | 90cc 0000 | 0081 e2fe 
  0x000001ea0a3c942c: ff1f 0085 | d20f 84fc | 2500 0044 

  0x000001ea0a3c9438: ;   {metadata(method data for {method} {0x000001ead8849978} 'awaitAsyncJobs' '(Lkotlin/coroutines/Continuation;)Ljava/lang/Object;' in 'com/dokar/quickjs/QuickJs')}
  0x000001ea0a3c9438: 8b40 1c48 | bae8 19a4 | d8ea 0100 | 0048 c7c7 | 0002 0000 | 4585 c048 | 8bdf 48c7 | c710 0200 
  0x000001ea0a3c9458: 0048 0f45 | fb41 83f8 | 0148 8bdf | 48c7 c720 | 0200 0048 | 0f45 fb41 | 83f8 0248 | 8bdf 48c7 
  0x000001ea0a3c9478: c730 0200 | 0048 0f45 | fb41 83f8 | 0348 8bdf | 48c7 c740 | 0200 0048 | 0f45 fb48 | 8b1c 3a49 
  0x000001ea0a3c9498: c7c2 0100 | 0000 4903 | da48 891c | 3a45 85c0 | 0f84 fb07 | 0000 4183 | f801 0f84 | 6a05 0000 
  0x000001ea0a3c94b8: 4183 f802 | 0f84 cf02 | 0000 4183 | f803 0f85 | d621 0000 | 448b 4020 | 49c1 e003 | 4d85 c075 
  0x000001ea0a3c94d8: ;   {metadata(method data for {method} {0x000001ead8849978} 'awaitAsyncJobs' '(Lkotlin/coroutines/Continuation;)Ljava/lang/Object;' in 'com/dokar/quickjs/QuickJs')}
  0x000001ea0a3c94d8: 1648 bfe8 | 19a4 d8ea | 0100 0080 | 8f49 0800 | 0001 e9e9 

  0x000001ea0a3c94ec: ;   {metadata('java/util/List')}
  0x000001ea0a3c94ec: 0000 0048 | bb30 6005 | 20ea 0100 | 0041 8b78 | 0849 ba00 | 0000 20ea | 0100 0049 | 03fa 483b 
  0x000001ea0a3c950c: 5f20 0f84 | 1a00 0000 | 483b fb0f | 8411 0000 

  0x000001ea0a3c951c: ;   {runtime_call slow_subtype_check Runtime1 stub}
  0x000001ea0a3c951c: 0057 53e8 | dc55 7f05 | 5f5f 85ff | 0f84 8e00 

  0x000001ea0a3c952c: ;   {metadata(method data for {method} {0x000001ead8849978} 'awaitAsyncJobs' '(Lkotlin/coroutines/Continuation;)Ljava/lang/Object;' in 'com/dokar/quickjs/QuickJs')}
  0x000001ea0a3c952c: 0000 48bf | e819 a4d8 | ea01 0000 | 418b 5808 | 49ba 0000 | 0020 ea01 | 0000 4903 | da48 3b9f 
  0x000001ea0a3c954c: 6008 0000 | 750d 4883 | 8768 0800 | 0001 e979 | 0000 0048 | 3b9f 7008 | 0000 750d | 4883 8778 
  0x000001ea0a3c956c: 0800 0001 | e963 0000 | 0048 83bf | 6008 0000 | 0075 1748 | 899f 6008 | 0000 48c7 | 8768 0800 
  0x000001ea0a3c958c: 0001 0000 | 00e9 4200 | 0000 4883 | bf70 0800 | 0000 7517 | 4889 9f70 | 0800 0048 | c787 7808 
  0x000001ea0a3c95ac: 0000 0100 | 0000 e921 | 0000 00e9 | 1c00 0000 

  0x000001ea0a3c95bc: ;   {metadata(method data for {method} {0x000001ead8849978} 'awaitAsyncJobs' '(Lkotlin/coroutines/Continuation;)Ljava/lang/Object;' in 'com/dokar/quickjs/QuickJs')}
  0x000001ea0a3c95bc: 48bf e819 | a4d8 ea01 | 0000 4883 | af50 0800 | 0001 e981 | 2400 00e9 | 0000 0000 

  0x000001ea0a3c95d8: ;   {metadata(method data for {method} {0x000001ead8849978} 'awaitAsyncJobs' '(Lkotlin/coroutines/Continuation;)Ljava/lang/Object;' in 'com/dokar/quickjs/QuickJs')}
  0x000001ea0a3c95d8: 49b8 e819 | a4d8 ea01 | 0000 4983 | 8088 0800 

  0x000001ea0a3c95e8: ;   {metadata(method data for {method} {0x000001ea61670f40} 'throwOnFailure' '(Ljava/lang/Object;)V' in 'kotlin/ResultKt')}
  0x000001ea0a3c95e8: 0001 49b8 | 90ca 4b63 | ea01 0000 | 418b 90cc | 0000 0083 | c202 4189 | 90cc 0000 | 0081 e2fe 
  0x000001ea0a3c9608: ff1f 0085 | d20f 844a | 2400 0048 | 85f6 7516 

  0x000001ea0a3c9618: ;   {metadata(method data for {method} {0x000001ea61670f40} 'throwOnFailure' '(Ljava/lang/Object;)V' in 'kotlin/ResultKt')}
  0x000001ea0a3c9618: 48bf 90ca | 4b63 ea01 | 0000 808f | 0901 0000 | 01e9 cc00 

  0x000001ea0a3c962c: ;   {metadata('kotlin/Result$Failure')}
  0x000001ea0a3c962c: 0000 48bb | 1073 0221 | ea01 0000 | 8b56 0849 | ba00 0000 | 20ea 0100 | 0049 03d2 | 483b da0f 
  0x000001ea0a3c964c: 858d 0000 

  0x000001ea0a3c9650: ;   {metadata(method data for {method} {0x000001ea61670f40} 'throwOnFailure' '(Ljava/lang/Object;)V' in 'kotlin/ResultKt')}
  0x000001ea0a3c9650: 0048 bf90 | ca4b 63ea | 0100 008b | 5e08 49ba | 0000 0020 | ea01 0000 | 4903 da48 | 3b9f 2001 
  0x000001ea0a3c9670: 0000 750d | 4883 8728 | 0100 0001 | e97e 0000 | 0048 3b9f | 3001 0000 | 750d 4883 | 8738 0100 
  0x000001ea0a3c9690: 0001 e968 | 0000 0048 | 83bf 2001 | 0000 0075 | 1748 899f | 2001 0000 | 48c7 8728 | 0100 0001 
  0x000001ea0a3c96b0: 0000 00e9 | 4700 0000 | 4883 bf30 | 0100 0000 | 7517 4889 | 9f30 0100 | 0048 c787 | 3801 0000 
  0x000001ea0a3c96d0: 0100 0000 | e926 0000 | 00e9 2100 

  0x000001ea0a3c96dc: ;   {metadata(method data for {method} {0x000001ea61670f40} 'throwOnFailure' '(Ljava/lang/Object;)V' in 'kotlin/ResultKt')}
  0x000001ea0a3c96dc: 0000 48bf | 90ca 4b63 | ea01 0000 | 4883 af10 | 0100 0001 | e905 0000 | 00e9 0500 | 0000 4d33 
  0x000001ea0a3c96fc: c0eb 0749 | c7c0 0100 | 0000 4585 

  0x000001ea0a3c9708: ;   {metadata(method data for {method} {0x000001ea61670f40} 'throwOnFailure' '(Ljava/lang/Object;)V' in 'kotlin/ResultKt')}
  0x000001ea0a3c9708: c049 b890 | ca4b 63ea | 0100 0048 | c7c2 5801 | 0000 7507 | 48c7 c248 | 0100 0049 | 8b3c 1048 
  0x000001ea0a3c9728: 8d7f 0149 | 893c 100f | 8568 1e00 | 0048 8b94 | 24b8 0000 

  0x000001ea0a3c973c: ;   {oop(a 'kotlin/coroutines/intrinsics/CoroutineSingletons'{0x0000000604c01990})}
  0x000001ea0a3c973c: 0048 bf90 | 19c0 0406 | 0000 0090 

  0x000001ea0a3c9748: ;   {metadata(method data for {method} {0x000001ead8849978} 'awaitAsyncJobs' '(Lkotlin/coroutines/Continuation;)Ljava/lang/Object;' in 'com/dokar/quickjs/QuickJs')}
  0x000001ea0a3c9748: 49b8 e819 | a4d8 ea01 | 0000 418b | b0d0 0000 | 0083 c602 | 4189 b0d0 | 0000 0081 | e6fe 3f00 
  0x000001ea0a3c9768: 0085 f60f | 840d 2300 | 004d 8b97 

  0x000001ea0a3c9774: ; ImmutableOopMap {rax=Oop rdx=Oop rdi=Oop }
                      ;*goto {reexecute=1 rethrow=0 return_oop=0}
                      ; - (reexecute) com.dokar.quickjs.QuickJs::awaitAsyncJobs@509 (line 385)
  0x000001ea0a3c9774: 5804 0000 

  0x000001ea0a3c9778: ;   {poll}
  0x000001ea0a3c9778: 4185 0249 | b8e8 19a4 | d8ea 0100 | 0041 ff80 | 9808 0000 | e9ce 0a00 | 0044 8b40 | 1844 8b40 
  0x000001ea0a3c9798: 2049 c1e0 | 034d 85c0 

  0x000001ea0a3c97a0: ;   {metadata(method data for {method} {0x000001ead8849978} 'awaitAsyncJobs' '(Lkotlin/coroutines/Continuation;)Ljava/lang/Object;' in 'com/dokar/quickjs/QuickJs')}
  0x000001ea0a3c97a0: 7516 48ba | e819 a4d8 | ea01 0000 | 808a 3104 | 0000 01e9 | e900 0000 

  0x000001ea0a3c97b8: ;   {metadata('kotlinx/coroutines/sync/Mutex')}
  0x000001ea0a3c97b8: 48bb b0bc | 2421 ea01 | 0000 418b | 5008 49ba | 0000 0020 | ea01 0000 | 4903 d248 | 3b5a 200f 
  0x000001ea0a3c97d8: 841a 0000 | 0048 3bd3 | 0f84 1100 | 0000 5253 

  0x000001ea0a3c97e8: ;   {runtime_call slow_subtype_check Runtime1 stub}
  0x000001ea0a3c97e8: e813 537f | 055a 5a85 | d20f 848e 

  0x000001ea0a3c97f4: ;   {metadata(method data for {method} {0x000001ead8849978} 'awaitAsyncJobs' '(Lkotlin/coroutines/Continuation;)Ljava/lang/Object;' in 'com/dokar/quickjs/QuickJs')}
  0x000001ea0a3c97f4: 0000 0048 | bae8 19a4 | d8ea 0100 | 0041 8b58 | 0849 ba00 | 0000 20ea | 0100 0049 | 03da 483b 
  0x000001ea0a3c9814: 9a48 0400 | 0075 0d48 | 8382 5004 | 0000 01e9 | 7900 0000 | 483b 9a58 | 0400 0075 | 0d48 8382 
  0x000001ea0a3c9834: 6004 0000 | 01e9 6300 | 0000 4883 | ba48 0400 | 0000 7517 | 4889 9a48 | 0400 0048 | c782 5004 
  0x000001ea0a3c9854: 0000 0100 | 0000 e942 | 0000 0048 | 83ba 5804 | 0000 0075 | 1748 899a | 5804 0000 | 48c7 8260 
  0x000001ea0a3c9874: 0400 0001 | 0000 00e9 | 2100 0000 | e91c 0000 

  0x000001ea0a3c9884: ;   {metadata(method data for {method} {0x000001ead8849978} 'awaitAsyncJobs' '(Lkotlin/coroutines/Continuation;)Ljava/lang/Object;' in 'com/dokar/quickjs/QuickJs')}
  0x000001ea0a3c9884: 0048 bae8 | 19a4 d8ea | 0100 0048 | 83aa 3804 | 0000 01e9 | 0322 0000 | e900 0000 | 0049 8bf8 
  0x000001ea0a3c98a4: ;   {metadata(method data for {method} {0x000001ead8849978} 'awaitAsyncJobs' '(Lkotlin/coroutines/Continuation;)Ljava/lang/Object;' in 'com/dokar/quickjs/QuickJs')}
  0x000001ea0a3c98a4: 49b8 e819 | a4d8 ea01 | 0000 4983 | 8070 0400 

  0x000001ea0a3c98b4: ;   {metadata(method data for {method} {0x000001ea61670f40} 'throwOnFailure' '(Ljava/lang/Object;)V' in 'kotlin/ResultKt')}
  0x000001ea0a3c98b4: 0001 49b8 | 90ca 4b63 | ea01 0000 | 418b 90cc | 0000 0083 | c202 4189 | 90cc 0000 | 0081 e2fe 
  0x000001ea0a3c98d4: ff1f 0085 | d20f 84c9 | 2100 0048 | 85f6 7516 

  0x000001ea0a3c98e4: ;   {metadata(method data for {method} {0x000001ea61670f40} 'throwOnFailure' '(Ljava/lang/Object;)V' in 'kotlin/ResultKt')}
  0x000001ea0a3c98e4: 48bb 90ca | 4b63 ea01 | 0000 808b | 0901 0000 | 01e9 cc00 

  0x000001ea0a3c98f8: ;   {metadata('kotlin/Result$Failure')}
  0x000001ea0a3c98f8: 0000 48b9 | 1073 0221 | ea01 0000 | 8b56 0849 | ba00 0000 | 20ea 0100 | 0049 03d2 | 483b ca0f 
  0x000001ea0a3c9918: 858d 0000 

  0x000001ea0a3c991c: ;   {metadata(method data for {method} {0x000001ea61670f40} 'throwOnFailure' '(Ljava/lang/Object;)V' in 'kotlin/ResultKt')}
  0x000001ea0a3c991c: 0048 bb90 | ca4b 63ea | 0100 008b | 4e08 49ba | 0000 0020 | ea01 0000 | 4903 ca48 | 3b8b 2001 
  0x000001ea0a3c993c: 0000 750d | 4883 8328 | 0100 0001 | e97e 0000 | 0048 3b8b | 3001 0000 | 750d 4883 | 8338 0100 
  0x000001ea0a3c995c: 0001 e968 | 0000 0048 | 83bb 2001 | 0000 0075 | 1748 898b | 2001 0000 | 48c7 8328 | 0100 0001 
  0x000001ea0a3c997c: 0000 00e9 | 4700 0000 | 4883 bb30 | 0100 0000 | 7517 4889 | 8b30 0100 | 0048 c783 | 3801 0000 
  0x000001ea0a3c999c: 0100 0000 | e926 0000 | 00e9 2100 

  0x000001ea0a3c99a8: ;   {metadata(method data for {method} {0x000001ea61670f40} 'throwOnFailure' '(Ljava/lang/Object;)V' in 'kotlin/ResultKt')}
  0x000001ea0a3c99a8: 0000 48bb | 90ca 4b63 | ea01 0000 | 4883 ab10 | 0100 0001 | e905 0000 | 00e9 0500 | 0000 4d33 
  0x000001ea0a3c99c8: c0eb 0749 | c7c0 0100 | 0000 4585 

  0x000001ea0a3c99d4: ;   {metadata(method data for {method} {0x000001ea61670f40} 'throwOnFailure' '(Ljava/lang/Object;)V' in 'kotlin/ResultKt')}
  0x000001ea0a3c99d4: c049 b890 | ca4b 63ea | 0100 0048 | c7c2 5801 | 0000 7507 | 48c7 c248 | 0100 0049 | 8b1c 1048 
  0x000001ea0a3c99f4: 8d5b 0149 | 891c 100f | 859a 1a00 | 0048 8b94 | 24b8 0000 

  0x000001ea0a3c9a08: ;   {oop(a 'kotlin/coroutines/intrinsics/CoroutineSingletons'{0x0000000604c01990})}
  0x000001ea0a3c9a08: 0048 bb90 | 19c0 0406 

  0x000001ea0a3c9a10: ;   {oop(nullptr)}
  0x000001ea0a3c9a10: 0000 0049 | b800 0000 | 0000 0000 | 00e9 f80a | 0000 448b | 4018 448b | 4020 49c1 | e003 4d85 
  0x000001ea0a3c9a30: ;   {metadata(method data for {method} {0x000001ead8849978} 'awaitAsyncJobs' '(Lkotlin/coroutines/Continuation;)Ljava/lang/Object;' in 'com/dokar/quickjs/QuickJs')}
  0x000001ea0a3c9a30: c075 1648 | bae8 19a4 | d8ea 0100 | 0080 8ab9 | 0200 0001 | e9e9 0000 

  0x000001ea0a3c9a48: ;   {metadata('kotlinx/coroutines/sync/Mutex')}
  0x000001ea0a3c9a48: 0048 bbb0 | bc24 21ea | 0100 0041 | 8b50 0849 | ba00 0000 | 20ea 0100 | 0049 03d2 | 483b 5a20 
  0x000001ea0a3c9a68: 0f84 1a00 | 0000 483b | d30f 8411 | 0000 0052 

  0x000001ea0a3c9a78: ;   {runtime_call slow_subtype_check Runtime1 stub}
  0x000001ea0a3c9a78: 53e8 8250 | 7f05 5a5a | 85d2 0f84 | 8e00 0000 

  0x000001ea0a3c9a88: ;   {metadata(method data for {method} {0x000001ead8849978} 'awaitAsyncJobs' '(Lkotlin/coroutines/Continuation;)Ljava/lang/Object;' in 'com/dokar/quickjs/QuickJs')}
  0x000001ea0a3c9a88: 48ba e819 | a4d8 ea01 | 0000 418b | 5808 49ba | 0000 0020 | ea01 0000 | 4903 da48 | 3b9a d002 
  0x000001ea0a3c9aa8: 0000 750d | 4883 82d8 | 0200 0001 | e979 0000 | 0048 3b9a | e002 0000 | 750d 4883 | 82e8 0200 
  0x000001ea0a3c9ac8: 0001 e963 | 0000 0048 | 83ba d002 | 0000 0075 | 1748 899a | d002 0000 | 48c7 82d8 | 0200 0001 
  0x000001ea0a3c9ae8: 0000 00e9 | 4200 0000 | 4883 bae0 | 0200 0000 | 7517 4889 | 9ae0 0200 | 0048 c782 | e802 0000 
  0x000001ea0a3c9b08: 0100 0000 | e921 0000 | 00e9 1c00 

  0x000001ea0a3c9b14: ;   {metadata(method data for {method} {0x000001ead8849978} 'awaitAsyncJobs' '(Lkotlin/coroutines/Continuation;)Ljava/lang/Object;' in 'com/dokar/quickjs/QuickJs')}
  0x000001ea0a3c9b14: 0000 48ba | e819 a4d8 | ea01 0000 | 4883 aac0 | 0200 0001 | e99c 1f00 | 00e9 0000 | 0000 498b 
  0x000001ea0a3c9b34: ;   {metadata(method data for {method} {0x000001ead8849978} 'awaitAsyncJobs' '(Lkotlin/coroutines/Continuation;)Ljava/lang/Object;' in 'com/dokar/quickjs/QuickJs')}
  0x000001ea0a3c9b34: f849 b8e8 | 19a4 d8ea | 0100 0049 | 8380 f802 

  0x000001ea0a3c9b44: ;   {metadata(method data for {method} {0x000001ea61670f40} 'throwOnFailure' '(Ljava/lang/Object;)V' in 'kotlin/ResultKt')}
  0x000001ea0a3c9b44: 0000 0149 | b890 ca4b | 63ea 0100 | 0041 8b90 | cc00 0000 | 83c2 0241 | 8990 cc00 | 0000 81e2 
  0x000001ea0a3c9b64: feff 1f00 | 85d2 0f84 | 621f 0000 | 4885 f675 

  0x000001ea0a3c9b74: ;   {metadata(method data for {method} {0x000001ea61670f40} 'throwOnFailure' '(Ljava/lang/Object;)V' in 'kotlin/ResultKt')}
  0x000001ea0a3c9b74: 1648 bb90 | ca4b 63ea | 0100 0080 | 8b09 0100 | 0001 e9cc 

  0x000001ea0a3c9b88: ;   {metadata('kotlin/Result$Failure')}
  0x000001ea0a3c9b88: 0000 0048 | b910 7302 | 21ea 0100 | 008b 5608 | 49ba 0000 | 0020 ea01 | 0000 4903 | d248 3bca 
  0x000001ea0a3c9ba8: 0f85 8d00 

  0x000001ea0a3c9bac: ;   {metadata(method data for {method} {0x000001ea61670f40} 'throwOnFailure' '(Ljava/lang/Object;)V' in 'kotlin/ResultKt')}
  0x000001ea0a3c9bac: 0000 48bb | 90ca 4b63 | ea01 0000 | 8b4e 0849 | ba00 0000 | 20ea 0100 | 0049 03ca | 483b 8b20 
  0x000001ea0a3c9bcc: 0100 0075 | 0d48 8383 | 2801 0000 | 01e9 7e00 | 0000 483b | 8b30 0100 | 0075 0d48 | 8383 3801 
  0x000001ea0a3c9bec: 0000 01e9 | 6800 0000 | 4883 bb20 | 0100 0000 | 7517 4889 | 8b20 0100 | 0048 c783 | 2801 0000 
  0x000001ea0a3c9c0c: 0100 0000 | e947 0000 | 0048 83bb | 3001 0000 | 0075 1748 | 898b 3001 | 0000 48c7 | 8338 0100 
  0x000001ea0a3c9c2c: 0001 0000 | 00e9 2600 | 0000 e921 

  0x000001ea0a3c9c38: ;   {metadata(method data for {method} {0x000001ea61670f40} 'throwOnFailure' '(Ljava/lang/Object;)V' in 'kotlin/ResultKt')}
  0x000001ea0a3c9c38: 0000 0048 | bb90 ca4b | 63ea 0100 | 0048 83ab | 1001 0000 | 01e9 0500 | 0000 e905 | 0000 004d 
  0x000001ea0a3c9c58: 33c0 eb07 | 49c7 c001 | 0000 0045 

  0x000001ea0a3c9c64: ;   {metadata(method data for {method} {0x000001ea61670f40} 'throwOnFailure' '(Ljava/lang/Object;)V' in 'kotlin/ResultKt')}
  0x000001ea0a3c9c64: 85c0 49b8 | 90ca 4b63 | ea01 0000 | 48c7 c258 | 0100 0075 | 0748 c7c2 | 4801 0000 | 498b 1c10 
  0x000001ea0a3c9c84: 488d 5b01 | 4989 1c10 | 0f85 0717 

  0x000001ea0a3c9c90: ;   {oop(nullptr)}
  0x000001ea0a3c9c90: 0000 48be | 0000 0000 | 0000 0000 | 4889 8424 | c800 0000 | e902 0400 

  0x000001ea0a3c9ca8: ;   {metadata(method data for {method} {0x000001ead8849978} 'awaitAsyncJobs' '(Lkotlin/coroutines/Continuation;)Ljava/lang/Object;' in 'com/dokar/quickjs/QuickJs')}
  0x000001ea0a3c9ca8: 0049 b8e8 | 19a4 d8ea | 0100 0049 | 8380 5802 

  0x000001ea0a3c9cb8: ;   {metadata(method data for {method} {0x000001ea61670f40} 'throwOnFailure' '(Ljava/lang/Object;)V' in 'kotlin/ResultKt')}
  0x000001ea0a3c9cb8: 0000 0149 | b890 ca4b | 63ea 0100 | 0041 8b90 | cc00 0000 | 83c2 0241 | 8990 cc00 | 0000 81e2 
  0x000001ea0a3c9cd8: feff 1f00 | 85d2 0f84 | 0f1e 0000 | 4885 f675 

  0x000001ea0a3c9ce8: ;   {metadata(method data for {method} {0x000001ea61670f40} 'throwOnFailure' '(Ljava/lang/Object;)V' in 'kotlin/ResultKt')}
  0x000001ea0a3c9ce8: 1648 bf90 | ca4b 63ea | 0100 0080 | 8f09 0100 | 0001 e9cc 

  0x000001ea0a3c9cfc: ;   {metadata('kotlin/Result$Failure')}
  0x000001ea0a3c9cfc: 0000 0048 | bb10 7302 | 21ea 0100 | 008b 5608 | 49ba 0000 | 0020 ea01 | 0000 4903 | d248 3bda 
  0x000001ea0a3c9d1c: 0f85 8d00 

  0x000001ea0a3c9d20: ;   {metadata(method data for {method} {0x000001ea61670f40} 'throwOnFailure' '(Ljava/lang/Object;)V' in 'kotlin/ResultKt')}
  0x000001ea0a3c9d20: 0000 48bf | 90ca 4b63 | ea01 0000 | 8b5e 0849 | ba00 0000 | 20ea 0100 | 0049 03da | 483b 9f20 
  0x000001ea0a3c9d40: 0100 0075 | 0d48 8387 | 2801 0000 | 01e9 7e00 | 0000 483b | 9f30 0100 | 0075 0d48 | 8387 3801 
  0x000001ea0a3c9d60: 0000 01e9 | 6800 0000 | 4883 bf20 | 0100 0000 | 7517 4889 | 9f20 0100 | 0048 c787 | 2801 0000 
  0x000001ea0a3c9d80: 0100 0000 | e947 0000 | 0048 83bf | 3001 0000 | 0075 1748 | 899f 3001 | 0000 48c7 | 8738 0100 
  0x000001ea0a3c9da0: 0001 0000 | 00e9 2600 | 0000 e921 

  0x000001ea0a3c9dac: ;   {metadata(method data for {method} {0x000001ea61670f40} 'throwOnFailure' '(Ljava/lang/Object;)V' in 'kotlin/ResultKt')}
  0x000001ea0a3c9dac: 0000 0048 | bf90 ca4b | 63ea 0100 | 0048 83af | 1001 0000 | 01e9 0500 | 0000 e905 | 0000 004d 
  0x000001ea0a3c9dcc: 33c0 eb07 | 49c7 c001 | 0000 0045 

  0x000001ea0a3c9dd8: ;   {metadata(method data for {method} {0x000001ea61670f40} 'throwOnFailure' '(Ljava/lang/Object;)V' in 'kotlin/ResultKt')}
  0x000001ea0a3c9dd8: 85c0 49b8 | 90ca 4b63 | ea01 0000 | 48c7 c258 | 0100 0075 | 0748 c7c2 | 4801 0000 | 498b 3c10 
  0x000001ea0a3c9df8: 488d 7f01 | 4989 3c10 | 0f85 9214 | 0000 488b | 9424 b800 | 0000 8b72 | 5448 c1e6 | 0345 0fbe 
  0x000001ea0a3c9e18: 4740 4585 | c00f 85f1 | 1c00 004c | 8bd6 49c1 | ea03 4489 | 5020 4c8b | c04c 33c6 | 49c1 e816 
  0x000001ea0a3c9e38: 4983 f800 | 0f85 f21c | 0000 c740 | 1800 0000 | 00c7 401c | 0100 0000 | 4885 f60f | 8429 0000 
  0x000001ea0a3c9e58: ;   {metadata('kotlinx/coroutines/sync/MutexImpl')}
  0x000001ea0a3c9e58: 0048 b9c0 | c024 21ea | 0100 008b | 5e08 49ba | 0000 0020 | ea01 0000 | 4903 da48 | 3b4b 400f 
  0x000001ea0a3c9e78: 85cf 1c00 | 00e9 0000 | 0000 4c8b | c648 3b06 

  0x000001ea0a3c9e88: ;   {metadata(method data for {method} {0x000001ead8849978} 'awaitAsyncJobs' '(Lkotlin/coroutines/Continuation;)Ljava/lang/Object;' in 'com/dokar/quickjs/QuickJs')}
  0x000001ea0a3c9e88: 4c8b c648 | bfe8 19a4 | d8ea 0100 

  0x000001ea0a3c9e94: ;   {metadata('kotlinx/coroutines/sync/MutexImpl')}
  0x000001ea0a3c9e94: 0049 bac0 | c024 21ea | 0100 004c | 8997 7802 | 0000 4883 | 8780 0200 

  0x000001ea0a3c9eac: ;   {metadata(method data for {method} {0x000001ea622fff48} 'lock' '(Ljava/lang/Object;Lkotlin/coroutines/Continuation;)Ljava/lang/Object;' in 'kotlinx/coroutines/sync/MutexImpl')}
  0x000001ea0a3c9eac: 0001 49b8 | 1044 e664 | ea01 0000 | 418b b8cc | 0000 0083 | c702 4189 | b8cc 0000 | 0081 e7fe 
  0x000001ea0a3c9ecc: ff1f 0085 | ff0f 847f 

  0x000001ea0a3c9ed4: ;   {metadata(method data for {method} {0x000001ea622fff48} 'lock' '(Ljava/lang/Object;Lkotlin/coroutines/Continuation;)Ljava/lang/Object;' in 'kotlinx/coroutines/sync/MutexImpl')}
  0x000001ea0a3c9ed4: 1c00 0049 | b810 44e6 | 64ea 0100 | 0049 8380 | 1001 0000 

  0x000001ea0a3c9ee8: ;   {metadata(method data for {method} {0x000001ea622fffa0} 'lock$suspendImpl' '(Lkotlinx/coroutines/sync/MutexImpl;Ljava/lang/Object;Lkotlin/coroutines/Continuation;)Ljava/lang/Object;' in 'kotlinx/coroutines/sync/MutexImpl')}
  0x000001ea0a3c9ee8: 0149 b880 | 45e6 64ea | 0100 0041 | 8bb8 cc00 | 0000 83c7 | 0241 89b8 | cc00 0000 | 81e7 feff 
  0x000001ea0a3c9f08: 1f00 85ff | 0f84 651c | 0000 4c8b 

  0x000001ea0a3c9f14: ;   {metadata(method data for {method} {0x000001ea622fffa0} 'lock$suspendImpl' '(Lkotlinx/coroutines/sync/MutexImpl;Ljava/lang/Object;Lkotlin/coroutines/Continuation;)Ljava/lang/Object;' in 'kotlinx/coroutines/sync/MutexImpl')}
  0x000001ea0a3c9f14: c648 bf80 | 45e6 64ea | 0100 0048 | 8387 2801 

  0x000001ea0a3c9f24: ;   {oop(nullptr)}
  0x000001ea0a3c9f24: 0000 0149 | b800 0000 | 0000 0000 | 0048 8bd6 | 4889 8424 | c800 0000 | 4889 b424 | c000 0000 
  0x000001ea0a3c9f44: ;   {optimized virtual_call}
  0x000001ea0a3c9f44: 6666 90e8 

  0x000001ea0a3c9f48: ; ImmutableOopMap {[184]=Oop [192]=Oop [200]=Oop }
                      ;*invokevirtual tryLock {reexecute=0 rethrow=0 return_oop=0}
                      ; - kotlinx.coroutines.sync.MutexImpl::lock$suspendImpl@2 (line 167)
                      ; - kotlinx.coroutines.sync.MutexImpl::lock@3
                      ; - com.dokar.quickjs.QuickJs::awaitAsyncJobs@138 (line 745)
  0x000001ea0a3c9f48: 344b 7305 

  0x000001ea0a3c9f4c: ;   {other}
  0x000001ea0a3c9f4c: 0f1f 8400 | bc16 0002 

  0x000001ea0a3c9f54: ;   {metadata(method data for {method} {0x000001ea622fffa0} 'lock$suspendImpl' '(Lkotlinx/coroutines/sync/MutexImpl;Ljava/lang/Object;Lkotlin/coroutines/Continuation;)Ljava/lang/Object;' in 'kotlinx/coroutines/sync/MutexImpl')}
  0x000001ea0a3c9f54: 85c0 49b8 | 8045 e664 | ea01 0000 | 49c7 c148 | 0100 0074 | 0749 c7c1 | 5801 0000 | 4b8b 1408 
  0x000001ea0a3c9f74: 488d 5201 | 4b89 1408 | 0f84 0f00 

  0x000001ea0a3c9f80: ;   {oop(a 'kotlin/Unit'{0x000000060472ca40})}
  0x000001ea0a3c9f80: 0000 48be | 40ca 7204 | 0600 0000 | e9cc 0000 | 0048 8bb4 | 24c0 0000 

  0x000001ea0a3c9f98: ;   {metadata(method data for {method} {0x000001ea622fffa0} 'lock$suspendImpl' '(Lkotlinx/coroutines/sync/MutexImpl;Ljava/lang/Object;Lkotlin/coroutines/Continuation;)Ljava/lang/Object;' in 'kotlinx/coroutines/sync/MutexImpl')}
  0x000001ea0a3c9f98: 0049 b880 | 45e6 64ea | 0100 0049 | 8380 6801 

  0x000001ea0a3c9fa8: ;   {oop(nullptr)}
  0x000001ea0a3c9fa8: 0000 0149 | b800 0000 | 0000 0000 | 004c 8b8c | 24c8 0000 | 0048 8b94 | 24c0 0000 

  0x000001ea0a3c9fc4: ;   {optimized virtual_call}
  0x000001ea0a3c9fc4: 0066 90e8 

  0x000001ea0a3c9fc8: ; ImmutableOopMap {[184]=Oop [192]=Oop [200]=Oop }
                      ;*invokespecial lockSuspend {reexecute=0 rethrow=0 return_oop=0}
                      ; - kotlinx.coroutines.sync.MutexImpl::lock$suspendImpl@15 (line 168)
                      ; - kotlinx.coroutines.sync.MutexImpl::lock@3
                      ; - com.dokar.quickjs.QuickJs::awaitAsyncJobs@138 (line 745)
  0x000001ea0a3c9fc8: b44a 7305 

  0x000001ea0a3c9fcc: ;   {other}
  0x000001ea0a3c9fcc: 0f1f 8400 | 3c17 0003 

  0x000001ea0a3c9fd4: ;   {metadata(method data for {method} {0x000001ea622fffa0} 'lock$suspendImpl' '(Lkotlinx/coroutines/sync/MutexImpl;Ljava/lang/Object;Lkotlin/coroutines/Continuation;)Ljava/lang/Object;' in 'kotlinx/coroutines/sync/MutexImpl')}
  0x000001ea0a3c9fd4: 49b8 8045 | e664 ea01 | 0000 4983 | 8078 0100 

  0x000001ea0a3c9fe4: ;   {metadata(method data for {method} {0x000001ea6164d550} 'getCOROUTINE_SUSPENDED' '()Ljava/lang/Object;' in 'kotlin/coroutines/intrinsics/IntrinsicsKt__IntrinsicsKt')}
  0x000001ea0a3c9fe4: 0001 49b8 | d032 5162 | ea01 0000 | 458b 88cc | 0000 0041 | 83c1 0245 | 8988 cc00 | 0000 4181 
  0x000001ea0a3ca004: e1fe ff1f | 0045 85c9 | 0f84 861b 

  0x000001ea0a3ca010: ;   {oop(a 'kotlin/coroutines/intrinsics/CoroutineSingletons'{0x0000000604c01990})}
  0x000001ea0a3ca010: 0000 49ba | 9019 c004 | 0600 0000 

  0x000001ea0a3ca01c: ;   {metadata(method data for {method} {0x000001ea622fffa0} 'lock$suspendImpl' '(Lkotlinx/coroutines/sync/MutexImpl;Ljava/lang/Object;Lkotlin/coroutines/Continuation;)Ljava/lang/Object;' in 'kotlinx/coroutines/sync/MutexImpl')}
  0x000001ea0a3ca01c: 493b c249 | b880 45e6 | 64ea 0100 | 0049 c7c1 | 8801 0000 | 7507 49c7 | c198 0100 | 004b 8b14 
  0x000001ea0a3ca03c: 0848 8d52 | 014b 8914 | 080f 8508 | 0000 0048 | 8bf0 e90a 

  0x000001ea0a3ca050: ;   {oop(a 'kotlin/Unit'{0x000000060472ca40})}
  0x000001ea0a3ca050: 0000 0048 | be40 ca72 | 0406 0000 

  0x000001ea0a3ca05c: ;   {oop(a 'kotlin/coroutines/intrinsics/CoroutineSingletons'{0x0000000604c01990})}
  0x000001ea0a3ca05c: 0049 ba90 | 19c0 0406 | 0000 0049 

  0x000001ea0a3ca068: ;   {metadata(method data for {method} {0x000001ead8849978} 'awaitAsyncJobs' '(Lkotlin/coroutines/Continuation;)Ljava/lang/Object;' in 'com/dokar/quickjs/QuickJs')}
  0x000001ea0a3ca068: 3bf2 49b8 | e819 a4d8 | ea01 0000 | 49c7 c1b0 | 0200 0074 | 0749 c7c1 | a002 0000 | 4b8b 1408 
  0x000001ea0a3ca088: 488d 5201 | 4b89 1408 | 0f84 e211 | 0000 4c8b | 8424 c000 | 0000 498b 

  0x000001ea0a3ca0a0: ;   {oop(nullptr)}
  0x000001ea0a3ca0a0: f848 be00 | 0000 0000 | 0000 0048 | 8b94 24b8 | 0000 0044 | 0fbe 420c 

  0x000001ea0a3ca0b8: ;   {metadata(method data for {method} {0x000001ead8849978} 'awaitAsyncJobs' '(Lkotlin/coroutines/Continuation;)Ljava/lang/Object;' in 'com/dokar/quickjs/QuickJs')}
  0x000001ea0a3ca0b8: 4585 c049 | b8e8 19a4 | d8ea 0100 | 0049 c7c1 | 0803 0000 | 7507 49c7 | c118 0300 | 004b 8b1c 
  0x000001ea0a3ca0d8: 0848 8d5b | 014b 891c | 0848 89b4 | 24d8 0000 | 0048 89bc | 24d0 0000 | 000f 85be | 0000 00e9 
  0x000001ea0a3ca0f8: 0c00 0000 | 0f1f 4000 | 488b 9424 | b800 0000 | 4c8b 4220 | 4c8b 4a10 

  0x000001ea0a3ca110: ;   {metadata(method data for {method} {0x000001ead8849978} 'awaitAsyncJobs' '(Lkotlin/coroutines/Continuation;)Ljava/lang/Object;' in 'com/dokar/quickjs/QuickJs')}
  0x000001ea0a3ca110: 488b da48 | b8e8 19a4 | d8ea 0100 | 0048 8380 | 2803 0000 | 0148 8bda | 488b d30f 

  0x000001ea0a3ca12c: ;   {optimized virtual_call}
  0x000001ea0a3ca12c: 1f40 00e8 

  0x000001ea0a3ca130: ; ImmutableOopMap {[184]=Oop [200]=Oop [208]=Oop [216]=Oop }
                      ;*invokespecial executePendingJob {reexecute=0 rethrow=0 return_oop=0}
                      ; - com.dokar.quickjs.QuickJs::awaitAsyncJobs@198 (line 376)
  0x000001ea0a3ca130: 8c87 5d06 

  0x000001ea0a3ca134: ;   {other}
  0x000001ea0a3ca134: 0f1f 8400 | a418 0004 | 85c0 41b8 | 0200 0000 | 7506 41b8 | 0000 0000 

  0x000001ea0a3ca14c: ;   {metadata(method data for {method} {0x000001ead8849978} 'awaitAsyncJobs' '(Lkotlin/coroutines/Continuation;)Ljava/lang/Object;' in 'com/dokar/quickjs/QuickJs')}
  0x000001ea0a3ca14c: 48ba e819 | a4d8 ea01 | 0000 8bb2 | d000 0000 | 4103 f089 | b2d0 0000 | 0045 85c0 | 7505 be02 
  0x000001ea0a3ca16c: 0000 0081 | e6fe 3f00 | 0085 f60f | 843c 1a00 | 004d 8b97 

  0x000001ea0a3ca180: ; ImmutableOopMap {[184]=Oop [200]=Oop [208]=Oop [216]=Oop }
                      ;*ifne {reexecute=1 rethrow=0 return_oop=0}
                      ; - (reexecute) com.dokar.quickjs.QuickJs::awaitAsyncJobs@205 (line 377)
  0x000001ea0a3ca180: 5804 0000 

  0x000001ea0a3ca184: ;   {poll}
  0x000001ea0a3ca184: 4185 0285 

  0x000001ea0a3ca188: ;   {metadata(method data for {method} {0x000001ead8849978} 'awaitAsyncJobs' '(Lkotlin/coroutines/Continuation;)Ljava/lang/Object;' in 'com/dokar/quickjs/QuickJs')}
  0x000001ea0a3ca188: c049 b8e8 | 19a4 d8ea | 0100 0048 | c7c2 3803 | 0000 7507 | 48c7 c248 | 0300 0049 | 8b34 1048 
  0x000001ea0a3ca1a8: 8d76 0149 | 8934 100f | 854b ffff | ff48 8bbc | 24d0 0000 | 0048 85ff | 0f84 2900 

  0x000001ea0a3ca1c4: ;   {metadata('kotlinx/coroutines/sync/MutexImpl')}
  0x000001ea0a3ca1c4: 0000 48bb | c0c0 2421 | ea01 0000 | 8b77 0849 | ba00 0000 | 20ea 0100 | 0049 03f2 | 483b 5e40 
  0x000001ea0a3ca1e4: 0f85 f019 | 0000 e900 | 0000 004c | 8bc7 483b | 074c 8bc7 

  0x000001ea0a3ca1f8: ;   {metadata(method data for {method} {0x000001ead8849978} 'awaitAsyncJobs' '(Lkotlin/coroutines/Continuation;)Ljava/lang/Object;' in 'com/dokar/quickjs/QuickJs')}
  0x000001ea0a3ca1f8: 48ba e819 | a4d8 ea01 

  0x000001ea0a3ca200: ;   {metadata('kotlinx/coroutines/sync/MutexImpl')}
  0x000001ea0a3ca200: 0000 49ba | c0c0 2421 | ea01 0000 | 4c89 9268 | 0300 0048 | 8382 7003 | 0000 014c | 8b84 24d8 
  0x000001ea0a3ca220: 0000 0048 

  0x000001ea0a3ca224: ;   {optimized virtual_call}
  0x000001ea0a3ca224: 8bd7 90e8 

  0x000001ea0a3ca228: ; ImmutableOopMap {[184]=Oop [200]=Oop }
                      ;*invokeinterface unlock {reexecute=0 rethrow=0 return_oop=0}
                      ; - com.dokar.quickjs.QuickJs::awaitAsyncJobs@216 (line 749)
  0x000001ea0a3ca228: 34d7 3b06 

  0x000001ea0a3ca22c: ;   {other}
  0x000001ea0a3ca22c: 0f1f 8400 | 9c19 0006 

  0x000001ea0a3ca234: ;   {metadata(method data for {method} {0x000001ead8849978} 'awaitAsyncJobs' '(Lkotlin/coroutines/Continuation;)Ljava/lang/Object;' in 'com/dokar/quickjs/QuickJs')}
  0x000001ea0a3ca234: 49b8 e819 | a4d8 ea01 | 0000 41ff | 8090 0300 | 0048 8b84 | 24c8 0000 | 0048 8b94 | 24b8 0000 
  0x000001ea0a3ca254: ;   {oop(a 'kotlin/coroutines/intrinsics/CoroutineSingletons'{0x0000000604c01990})}
  0x000001ea0a3ca254: 0048 bf90 | 19c0 0406 | 0000 0048 | 89bc 24f0 | 0000 008b | 725c 48c1 | e603 450f | be47 4045 
  0x000001ea0a3ca274: 85c0 0f85 | 6d19 0000 | 4c8b d649 | c1ea 0344 | 8950 204c | 8bc0 4c33 | c649 c1e8 | 1649 83f8 
  0x000001ea0a3ca294: 000f 8573 | 1900 00c7 | 4018 0000 | 0000 c740 | 1c02 0000 | 0048 85f6 | 0f84 2900 

  0x000001ea0a3ca2b0: ;   {metadata('kotlinx/coroutines/sync/MutexImpl')}
  0x000001ea0a3ca2b0: 0000 49b9 | c0c0 2421 | ea01 0000 | 8b4e 0849 | ba00 0000 | 20ea 0100 | 0049 03ca | 4c3b 4940 
  0x000001ea0a3ca2d0: 0f85 5019 | 0000 e900 | 0000 004c | 8bc6 483b | 064c 8bc6 

  0x000001ea0a3ca2e4: ;   {metadata(method data for {method} {0x000001ead8849978} 'awaitAsyncJobs' '(Lkotlin/coroutines/Continuation;)Ljava/lang/Object;' in 'com/dokar/quickjs/QuickJs')}
  0x000001ea0a3ca2e4: 48bb e819 | a4d8 ea01 

  0x000001ea0a3ca2ec: ;   {metadata('kotlinx/coroutines/sync/MutexImpl')}
  0x000001ea0a3ca2ec: 0000 49ba | c0c0 2421 | ea01 0000 | 4c89 93f0 | 0300 0048 | 8383 f803 

  0x000001ea0a3ca304: ;   {metadata(method data for {method} {0x000001ea622fff48} 'lock' '(Ljava/lang/Object;Lkotlin/coroutines/Continuation;)Ljava/lang/Object;' in 'kotlinx/coroutines/sync/MutexImpl')}
  0x000001ea0a3ca304: 0000 0149 | b810 44e6 | 64ea 0100 | 0041 8b98 | cc00 0000 | 83c3 0241 | 8998 cc00 | 0000 81e3 
  0x000001ea0a3ca324: feff 1f00 | 85db 0f84 | 0019 0000 

  0x000001ea0a3ca330: ;   {metadata(method data for {method} {0x000001ea622fff48} 'lock' '(Ljava/lang/Object;Lkotlin/coroutines/Continuation;)Ljava/lang/Object;' in 'kotlinx/coroutines/sync/MutexImpl')}
  0x000001ea0a3ca330: 49b8 1044 | e664 ea01 | 0000 4983 | 8010 0100 

  0x000001ea0a3ca340: ;   {metadata(method data for {method} {0x000001ea622fffa0} 'lock$suspendImpl' '(Lkotlinx/coroutines/sync/MutexImpl;Ljava/lang/Object;Lkotlin/coroutines/Continuation;)Ljava/lang/Object;' in 'kotlinx/coroutines/sync/MutexImpl')}
  0x000001ea0a3ca340: 0001 49b8 | 8045 e664 | ea01 0000 | 418b 98cc | 0000 0083 | c302 4189 | 98cc 0000 | 0081 e3fe 
  0x000001ea0a3ca360: ff1f 0085 | db0f 84e6 | 1800 004c 

  0x000001ea0a3ca36c: ;   {metadata(method data for {method} {0x000001ea622fffa0} 'lock$suspendImpl' '(Lkotlinx/coroutines/sync/MutexImpl;Ljava/lang/Object;Lkotlin/coroutines/Continuation;)Ljava/lang/Object;' in 'kotlinx/coroutines/sync/MutexImpl')}
  0x000001ea0a3ca36c: 8bc6 48bb | 8045 e664 | ea01 0000 | 4883 8328 | 0100 0001 

  0x000001ea0a3ca380: ;   {oop(nullptr)}
  0x000001ea0a3ca380: 49b8 0000 | 0000 0000 | 0000 4889 | 9424 f800 | 0000 488b | d648 8984 | 24e8 0000 | 0048 89b4 
  0x000001ea0a3ca3a0: 24e0 0000 

  0x000001ea0a3ca3a4: ;   {optimized virtual_call}
  0x000001ea0a3ca3a4: 0066 90e8 

  0x000001ea0a3ca3a8: ; ImmutableOopMap {[224]=Oop [232]=Oop [240]=Oop [248]=Oop }
                      ;*invokevirtual tryLock {reexecute=0 rethrow=0 return_oop=0}
                      ; - kotlinx.coroutines.sync.MutexImpl::lock$suspendImpl@2 (line 167)
                      ; - kotlinx.coroutines.sync.MutexImpl::lock@3
                      ; - com.dokar.quickjs.QuickJs::awaitAsyncJobs@273 (line 756)
  0x000001ea0a3ca3a8: 9415 7f06 

  0x000001ea0a3ca3ac: ;   {other}
  0x000001ea0a3ca3ac: 0f1f 8400 | 1c1b 0007 

  0x000001ea0a3ca3b4: ;   {metadata(method data for {method} {0x000001ea622fffa0} 'lock$suspendImpl' '(Lkotlinx/coroutines/sync/MutexImpl;Ljava/lang/Object;Lkotlin/coroutines/Continuation;)Ljava/lang/Object;' in 'kotlinx/coroutines/sync/MutexImpl')}
  0x000001ea0a3ca3b4: 85c0 49b8 | 8045 e664 | ea01 0000 | 49c7 c148 | 0100 0074 | 0749 c7c1 | 5801 0000 | 4b8b 1408 
  0x000001ea0a3ca3d4: 488d 5201 | 4b89 1408 | 0f84 0f00 

  0x000001ea0a3ca3e0: ;   {oop(a 'kotlin/Unit'{0x000000060472ca40})}
  0x000001ea0a3ca3e0: 0000 48be | 40ca 7204 | 0600 0000 | e9c7 0000 | 0048 8bb4 | 24e0 0000 

  0x000001ea0a3ca3f8: ;   {metadata(method data for {method} {0x000001ea622fffa0} 'lock$suspendImpl' '(Lkotlinx/coroutines/sync/MutexImpl;Ljava/lang/Object;Lkotlin/coroutines/Continuation;)Ljava/lang/Object;' in 'kotlinx/coroutines/sync/MutexImpl')}
  0x000001ea0a3ca3f8: 0049 b880 | 45e6 64ea | 0100 0049 | 8380 6801 

  0x000001ea0a3ca408: ;   {oop(nullptr)}
  0x000001ea0a3ca408: 0000 0149 | b800 0000 | 0000 0000 | 004c 8b8c | 24e8 0000 | 0048 8b94 | 24e0 0000 

  0x000001ea0a3ca424: ;   {optimized virtual_call}
  0x000001ea0a3ca424: 0066 90e8 

  0x000001ea0a3ca428: ; ImmutableOopMap {[224]=Oop [232]=Oop [240]=Oop [248]=Oop }
                      ;*invokespecial lockSuspend {reexecute=0 rethrow=0 return_oop=0}
                      ; - kotlinx.coroutines.sync.MutexImpl::lock$suspendImpl@15 (line 168)
                      ; - kotlinx.coroutines.sync.MutexImpl::lock@3
                      ; - com.dokar.quickjs.QuickJs::awaitAsyncJobs@273 (line 756)
  0x000001ea0a3ca428: 5446 7305 

  0x000001ea0a3ca42c: ;   {other}
  0x000001ea0a3ca42c: 0f1f 8400 | 9c1b 0008 

  0x000001ea0a3ca434: ;   {metadata(method data for {method} {0x000001ea622fffa0} 'lock$suspendImpl' '(Lkotlinx/coroutines/sync/MutexImpl;Ljava/lang/Object;Lkotlin/coroutines/Continuation;)Ljava/lang/Object;' in 'kotlinx/coroutines/sync/MutexImpl')}
  0x000001ea0a3ca434: 48ba 8045 | e664 ea01 | 0000 4883 | 8278 0100 

  0x000001ea0a3ca444: ;   {metadata(method data for {method} {0x000001ea6164d550} 'getCOROUTINE_SUSPENDED' '()Ljava/lang/Object;' in 'kotlin/coroutines/intrinsics/IntrinsicsKt__IntrinsicsKt')}
  0x000001ea0a3ca444: 0001 48ba | d032 5162 | ea01 0000 | 8bb2 cc00 | 0000 83c6 | 0289 b2cc | 0000 0081 | e6fe ff1f 
  0x000001ea0a3ca464: 0085 f60f | 8405 1800 

  0x000001ea0a3ca46c: ;   {oop(a 'kotlin/coroutines/intrinsics/CoroutineSingletons'{0x0000000604c01990})}
  0x000001ea0a3ca46c: 0049 ba90 | 19c0 0406 | 0000 0049 

  0x000001ea0a3ca478: ;   {metadata(method data for {method} {0x000001ea622fffa0} 'lock$suspendImpl' '(Lkotlinx/coroutines/sync/MutexImpl;Ljava/lang/Object;Lkotlin/coroutines/Continuation;)Ljava/lang/Object;' in 'kotlinx/coroutines/sync/MutexImpl')}
  0x000001ea0a3ca478: 3bc2 48ba | 8045 e664 | ea01 0000 | 48c7 c688 | 0100 0075 | 0748 c7c6 | 9801 0000 | 488b 3c32 
  0x000001ea0a3ca498: 488d 7f01 | 4889 3c32 | 0f85 0800 | 0000 488b | f0e9 0a00 

  0x000001ea0a3ca4ac: ;   {oop(a 'kotlin/Unit'{0x000000060472ca40})}
  0x000001ea0a3ca4ac: 0000 48be | 40ca 7204 | 0600 0000 | 488b bc24 | f000 0000 

  0x000001ea0a3ca4c0: ;   {metadata(method data for {method} {0x000001ead8849978} 'awaitAsyncJobs' '(Lkotlin/coroutines/Continuation;)Ljava/lang/Object;' in 'com/dokar/quickjs/QuickJs')}
  0x000001ea0a3ca4c0: 483b f748 | bae8 19a4 | d8ea 0100 | 0048 c7c0 | 2804 0000 | 7407 48c7 | c018 0400 | 0048 8b0c 
  0x000001ea0a3ca4e0: 0248 8d49 | 0148 890c | 020f 8470 | 0d00 0048 | 8b94 24e0 | 0000 0048 | 8b84 24e8 | 0000 0048 
  0x000001ea0a3ca500: 8b8c 24f8 | 0000 0048 | 8bdf 488b | fa48 8bd1 

  0x000001ea0a3ca510: ;   {oop(nullptr)}
  0x000001ea0a3ca510: 49b8 0000 | 0000 0000 | 0000 4889 | 9c24 2001 | 0000 4889 | 8424 1801 | 0000 4c89 | 8424 1001 
  0x000001ea0a3ca530: 0000 4889 | bc24 0801 | 0000 8b72 | 6048 c1e6 | 0348 85f6 

  0x000001ea0a3ca544: ;   {metadata(method data for {method} {0x000001ead8849978} 'awaitAsyncJobs' '(Lkotlin/coroutines/Continuation;)Ljava/lang/Object;' in 'com/dokar/quickjs/QuickJs')}
  0x000001ea0a3ca544: 7516 48b9 | e819 a4d8 | ea01 0000 | 8089 7904 | 0000 01e9 | e900 0000 

  0x000001ea0a3ca55c: ;   {metadata('java/lang/Iterable')}
  0x000001ea0a3ca55c: 49bb 4866 | 0520 ea01 | 0000 8b4e | 0849 ba00 | 0000 20ea | 0100 0049 | 03ca 4c3b | 5920 0f84 
  0x000001ea0a3ca57c: 1b00 0000 | 493b cb0f | 8412 0000 | 0051 4153 

  0x000001ea0a3ca58c: ;   {runtime_call slow_subtype_check Runtime1 stub}
  0x000001ea0a3ca58c: e86f 457f | 0559 5985 | c90f 848e 

  0x000001ea0a3ca598: ;   {metadata(method data for {method} {0x000001ead8849978} 'awaitAsyncJobs' '(Lkotlin/coroutines/Continuation;)Ljava/lang/Object;' in 'com/dokar/quickjs/QuickJs')}
  0x000001ea0a3ca598: 0000 0048 | b9e8 19a4 | d8ea 0100 | 0044 8b5e | 0849 ba00 | 0000 20ea | 0100 004d | 03da 4c3b 
  0x000001ea0a3ca5b8: 9990 0400 | 0075 0d48 | 8381 9804 | 0000 01e9 | 7900 0000 | 4c3b 99a0 | 0400 0075 | 0d48 8381 
  0x000001ea0a3ca5d8: a804 0000 | 01e9 6300 | 0000 4883 | b990 0400 | 0000 7517 | 4c89 9990 | 0400 0048 | c781 9804 
  0x000001ea0a3ca5f8: 0000 0100 | 0000 e942 | 0000 0048 | 83b9 a004 | 0000 0075 | 174c 8999 | a004 0000 | 48c7 81a8 
  0x000001ea0a3ca618: 0400 0001 | 0000 00e9 | 2100 0000 | e91c 0000 

  0x000001ea0a3ca628: ;   {metadata(method data for {method} {0x000001ead8849978} 'awaitAsyncJobs' '(Lkotlin/coroutines/Continuation;)Ljava/lang/Object;' in 'com/dokar/quickjs/QuickJs')}
  0x000001ea0a3ca628: 0048 b9e8 | 19a4 d8ea | 0100 0048 | 83a9 8004 | 0000 01e9 | 5816 0000 | e900 0000 | 004c 8bce 
  0x000001ea0a3ca648: 4889 9424 | 2801 0000 

  0x000001ea0a3ca650: ;   {metadata('java/util/ArrayList')}
  0x000001ea0a3ca650: 48ba d089 | 0b20 ea01 | 0000 498b | 87b8 0100 | 0048 8d78 | 1849 3bbf | c801 0000 | 0f87 2f16 
  0x000001ea0a3ca670: 0000 4989 | bfb8 0100 | 0048 c700 | 0100 0000 | 488b ca49 | ba00 0000 | 20ea 0100 | 0049 2bca 
  0x000001ea0a3ca690: 8948 0848 | 33c9 8948 | 0c48 33c9 | 4889 4810 | 4889 8424 | 0001 0000 

  0x000001ea0a3ca6a8: ;   {metadata(method data for {method} {0x000001ead8849978} 'awaitAsyncJobs' '(Lkotlin/coroutines/Continuation;)Ljava/lang/Object;' in 'com/dokar/quickjs/QuickJs')}
  0x000001ea0a3ca6a8: 488b d048 | bee8 19a4 | d8ea 0100 | 0048 8386 | b804 0000 

  0x000001ea0a3ca6bc: ;   {metadata(method data for {method} {0x000001ea200bb028} '<init>' '()V' in 'java/util/ArrayList')}
  0x000001ea0a3ca6bc: 0148 ba20 | 6c15 61ea | 0100 008b | b2cc 0000 | 0083 c602 | 89b2 cc00 | 0000 81e6 | feff 1f00 
  0x000001ea0a3ca6dc: 85f6 0f84 | ca15 0000 

  0x000001ea0a3ca6e4: ;   {metadata(method data for {method} {0x000001ea200bb028} '<init>' '()V' in 'java/util/ArrayList')}
  0x000001ea0a3ca6e4: 488b d048 | be20 6c15 | 61ea 0100 | 0048 8386 | 1001 0000 

  0x000001ea0a3ca6f8: ;   {metadata(method data for {method} {0x000001ea200594e0} '<init>' '()V' in 'java/util/AbstractList')}
  0x000001ea0a3ca6f8: 0148 ba70 | 6d15 61ea | 0100 008b | b2cc 0000 | 0083 c602 | 89b2 cc00 | 0000 81e6 | feff 1f00 
  0x000001ea0a3ca718: 85f6 0f84 | af15 0000 

  0x000001ea0a3ca720: ;   {metadata(method data for {method} {0x000001ea200594e0} '<init>' '()V' in 'java/util/AbstractList')}
  0x000001ea0a3ca720: 488b d048 | be70 6d15 | 61ea 0100 | 0048 8386 | 1001 0000 

  0x000001ea0a3ca734: ;   {metadata(method data for {method} {0x000001ea20058890} '<init>' '()V' in 'java/util/AbstractCollection')}
  0x000001ea0a3ca734: 0148 ba58 | e800 61ea | 0100 008b | b2cc 0000 | 0083 c602 | 89b2 cc00 | 0000 81e6 | feff 1f00 
  0x000001ea0a3ca754: 85f6 0f84 | 9415 0000 

  0x000001ea0a3ca75c: ;   {metadata(method data for {method} {0x000001ea20058890} '<init>' '()V' in 'java/util/AbstractCollection')}
  0x000001ea0a3ca75c: 488b d048 | be58 e800 | 61ea 0100 | 0048 8386 | 1001 0000 

  0x000001ea0a3ca770: ;   {metadata(method data for {method} {0x000001ea20474990} '<init>' '()V' in 'java/lang/Object')}
  0x000001ea0a3ca770: 0148 ba90 | 6700 61ea | 0100 008b | b2cc 0000 | 0083 c602 | 89b2 cc00 | 0000 81e6 | feff 1f00 
  0x000001ea0a3ca790: 85f6 0f84 | 7915 0000 | 410f be57 | 4085 d20f | 858d 1500 

  0x000001ea0a3ca7a4: ;   {oop(a 'java/lang/Object'[0] {0x0000000604cb2968})}
  0x000001ea0a3ca7a4: 0049 ba68 | 29cb 0406 | 0000 0049 | c1ea 0344 

  0x000001ea0a3ca7b4: ;   {oop(a 'java/lang/Object'[0] {0x0000000604cb2968})}
  0x000001ea0a3ca7b4: 8950 1448 | ba68 29cb | 0406 0000 | 0048 8bf0 | 4833 f248 | c1ee 1648 | 83fe 000f | 857c 1500 
  0x000001ea0a3ca7d4: 0049 3b01 

  0x000001ea0a3ca7d8: ;   {metadata(method data for {method} {0x000001ead8849978} 'awaitAsyncJobs' '(Lkotlin/coroutines/Continuation;)Ljava/lang/Object;' in 'com/dokar/quickjs/QuickJs')}
  0x000001ea0a3ca7d8: 498b d148 | bee8 19a4 | d8ea 0100 | 008b 5208 | 49ba 0000 | 0020 ea01 | 0000 4903 | d248 3b96 
  0x000001ea0a3ca7f8: 1005 0000 | 750d 4883 | 8618 0500 | 0001 e960 | 0000 0048 | 3b96 2005 | 0000 750d | 4883 8628 
  0x000001ea0a3ca818: 0500 0001 | e94a 0000 | 0048 83be | 1005 0000 | 0075 1748 | 8996 1005 | 0000 48c7 | 8618 0500 
  0x000001ea0a3ca838: 0001 0000 | 00e9 2900 | 0000 4883 | be20 0500 | 0000 7517 | 4889 9620 | 0500 0048 | c786 2805 
  0x000001ea0a3ca858: 0000 0100 | 0000 e908 | 0000 0048 | 8386 0005 | 0000 0149 | 8bd1 0f1f | 8000 0000 | 0048 b8d0 
  0x000001ea0a3ca878: 890b 20ea 

  0x000001ea0a3ca87c: ;   {virtual_call}
  0x000001ea0a3ca87c: 0100 00e8 

  0x000001ea0a3ca880: ; ImmutableOopMap {[256]=Oop [264]=Oop [272]=Oop [280]=Oop [288]=Oop [296]=Oop }
                      ;*invokeinterface iterator {reexecute=0 rethrow=0 return_oop=0}
                      ; - com.dokar.quickjs.QuickJs::awaitAsyncJobs@351 (line 760)
  0x000001ea0a3ca880: 9c77 fd05 

  0x000001ea0a3ca884: ;   {other}
  0x000001ea0a3ca884: 0f1f 8400 | f41f 0009 | 4889 8424 | 3001 0000 | e91f 0400 | 000f 1f80 | 0000 0000 | 488b 8424 
  0x000001ea0a3ca8a4: 3001 0000 

  0x000001ea0a3ca8a8: ;   {metadata(method data for {method} {0x000001ead8849978} 'awaitAsyncJobs' '(Lkotlin/coroutines/Continuation;)Ljava/lang/Object;' in 'com/dokar/quickjs/QuickJs')}
  0x000001ea0a3ca8a8: 48ba e819 | a4d8 ea01 | 0000 8b40 | 0849 ba00 | 0000 20ea | 0100 0049 | 03c2 483b | 82a0 0500 
  0x000001ea0a3ca8c8: 0075 0d48 | 8382 a805 | 0000 01e9 | 6000 0000 | 483b 82b0 | 0500 0075 | 0d48 8382 | b805 0000 
  0x000001ea0a3ca8e8: 01e9 4a00 | 0000 4883 | baa0 0500 | 0000 7517 | 4889 82a0 | 0500 0048 | c782 a805 | 0000 0100 
  0x000001ea0a3ca908: 0000 e929 | 0000 0048 | 83ba b005 | 0000 0075 | 1748 8982 | b005 0000 | 48c7 82b8 | 0500 0001 
  0x000001ea0a3ca928: 0000 00e9 | 0800 0000 | 4883 8290 | 0500 0001 | 488b 9424 | 3001 0000 | 0f1f 4400 | 0048 b8ff 
  0x000001ea0a3ca948: ffff ffff 

  0x000001ea0a3ca94c: ;   {virtual_call}
  0x000001ea0a3ca94c: ffff ffe8 

  0x000001ea0a3ca950: ; ImmutableOopMap {[256]=Oop [264]=Oop [272]=Oop [280]=Oop [288]=Oop [296]=Oop [304]=Oop }
                      ;*invokeinterface next {reexecute=0 rethrow=0 return_oop=0}
                      ; - com.dokar.quickjs.QuickJs::awaitAsyncJobs@370 (line 760)
  0x000001ea0a3ca950: 2c44 7305 

  0x000001ea0a3ca954: ;   {other}
  0x000001ea0a3ca954: 0f1f 8400 | c420 000a | 4885 c075 

  0x000001ea0a3ca960: ;   {metadata(method data for {method} {0x000001ead8849978} 'awaitAsyncJobs' '(Lkotlin/coroutines/Continuation;)Ljava/lang/Object;' in 'com/dokar/quickjs/QuickJs')}
  0x000001ea0a3ca960: 1648 bfe8 | 19a4 d8ea | 0100 0080 | 8fc1 0500 | 0001 e9e7 

  0x000001ea0a3ca974: ;   {metadata('kotlinx/coroutines/Job')}
  0x000001ea0a3ca974: 0000 0048 | bbf8 a70c | 21ea 0100 | 008b 7808 | 49ba 0000 | 0020 ea01 | 0000 4903 | fa48 3b5f 
  0x000001ea0a3ca994: 200f 841a | 0000 0048 | 3bfb 0f84 | 1100 0000 

  0x000001ea0a3ca9a4: ;   {runtime_call slow_subtype_check Runtime1 stub}
  0x000001ea0a3ca9a4: 5753 e855 | 417f 055f | 5f85 ff0f | 848d 0000 

  0x000001ea0a3ca9b4: ;   {metadata(method data for {method} {0x000001ead8849978} 'awaitAsyncJobs' '(Lkotlin/coroutines/Continuation;)Ljava/lang/Object;' in 'com/dokar/quickjs/QuickJs')}
  0x000001ea0a3ca9b4: 0048 bfe8 | 19a4 d8ea | 0100 008b | 5808 49ba | 0000 0020 | ea01 0000 | 4903 da48 | 3b9f d805 
  0x000001ea0a3ca9d4: 0000 750d | 4883 87e0 | 0500 0001 | e979 0000 | 0048 3b9f | e805 0000 | 750d 4883 | 87f0 0500 
  0x000001ea0a3ca9f4: 0001 e963 | 0000 0048 | 83bf d805 | 0000 0075 | 1748 899f | d805 0000 | 48c7 87e0 | 0500 0001 
  0x000001ea0a3caa14: 0000 00e9 | 4200 0000 | 4883 bfe8 | 0500 0000 | 7517 4889 | 9fe8 0500 | 0048 c787 | f005 0000 
  0x000001ea0a3caa34: 0100 0000 | e921 0000 | 00e9 1c00 

  0x000001ea0a3caa40: ;   {metadata(method data for {method} {0x000001ead8849978} 'awaitAsyncJobs' '(Lkotlin/coroutines/Continuation;)Ljava/lang/Object;' in 'com/dokar/quickjs/QuickJs')}
  0x000001ea0a3caa40: 0000 48bf | e819 a4d8 | ea01 0000 | 4883 afc8 | 0500 0001 | e915 1300 | 00e9 0000 | 0000 488b 
  0x000001ea0a3caa60: d048 3b02 

  0x000001ea0a3caa64: ;   {metadata(method data for {method} {0x000001ead8849978} 'awaitAsyncJobs' '(Lkotlin/coroutines/Continuation;)Ljava/lang/Object;' in 'com/dokar/quickjs/QuickJs')}
  0x000001ea0a3caa64: 488b f248 | bfe8 19a4 | d8ea 0100 | 008b 7608 | 49ba 0000 | 0020 ea01 | 0000 4903 | f248 3bb7 
  0x000001ea0a3caa84: 1006 0000 | 750d 4883 | 8718 0600 | 0001 e960 | 0000 0048 | 3bb7 2006 | 0000 750d | 4883 8728 
  0x000001ea0a3caaa4: 0600 0001 | e94a 0000 | 0048 83bf | 1006 0000 | 0075 1748 | 89b7 1006 | 0000 48c7 | 8718 0600 
  0x000001ea0a3caac4: 0001 0000 | 00e9 2900 | 0000 4883 | bf20 0600 | 0000 7517 | 4889 b720 | 0600 0048 | c787 2806 
  0x000001ea0a3caae4: 0000 0100 | 0000 e908 | 0000 0048 | 8387 0006 | 0000 0148 | 8984 2438 | 0100 0066 | 0f1f 4400 
  0x000001ea0a3cab04: 0048 b8ff | ffff ffff 

  0x000001ea0a3cab0c: ;   {virtual_call}
  0x000001ea0a3cab0c: ffff ffe8 

  0x000001ea0a3cab10: ; ImmutableOopMap {[256]=Oop [264]=Oop [272]=Oop [280]=Oop [288]=Oop [296]=Oop [304]=Oop [312]=Oop }
                      ;*invokeinterface isActive {reexecute=0 rethrow=0 return_oop=0}
                      ; - com.dokar.quickjs.QuickJs::awaitAsyncJobs@389 (line 380)
  0x000001ea0a3cab10: 6c42 7305 

  0x000001ea0a3cab14: ;   {other}
  0x000001ea0a3cab14: 0f1f 8400 | 8422 000b | 85c0 41b8 | 0200 0000 | 7406 41b8 | 0000 0000 

  0x000001ea0a3cab2c: ;   {metadata(method data for {method} {0x000001ead8849978} 'awaitAsyncJobs' '(Lkotlin/coroutines/Continuation;)Ljava/lang/Object;' in 'com/dokar/quickjs/QuickJs')}
  0x000001ea0a3cab2c: 48ba e819 | a4d8 ea01 | 0000 8bb2 | d000 0000 | 4103 f089 | b2d0 0000 | 0045 85c0 | 7505 be02 
  0x000001ea0a3cab4c: 0000 0081 | e6fe 3f00 | 0085 f60f | 841f 1200 | 004d 8b97 

  0x000001ea0a3cab60: ; ImmutableOopMap {[256]=Oop [264]=Oop [272]=Oop [280]=Oop [288]=Oop [296]=Oop [304]=Oop [312]=Oop }
                      ;*ifeq {reexecute=1 rethrow=0 return_oop=0}
                      ; - (reexecute) com.dokar.quickjs.QuickJs::awaitAsyncJobs@394 (line 760)
  0x000001ea0a3cab60: 5804 0000 

  0x000001ea0a3cab64: ;   {poll}
  0x000001ea0a3cab64: 4185 0285 

  0x000001ea0a3cab68: ;   {metadata(method data for {method} {0x000001ead8849978} 'awaitAsyncJobs' '(Lkotlin/coroutines/Continuation;)Ljava/lang/Object;' in 'com/dokar/quickjs/QuickJs')}
  0x000001ea0a3cab68: c049 b8e8 | 19a4 d8ea | 0100 0048 | c7c2 4806 | 0000 7507 | 48c7 c238 | 0600 0049 | 8b34 1048 
  0x000001ea0a3cab88: 8d76 0149 | 8934 100f | 850d 0000 | 0048 8b84 | 2430 0100 | 00e9 1601 | 0000 488b | 8424 3801 
  0x000001ea0a3caba8: 0000 4c8b | 8424 0001 

  0x000001ea0a3cabb0: ;   {metadata(method data for {method} {0x000001ead8849978} 'awaitAsyncJobs' '(Lkotlin/coroutines/Continuation;)Ljava/lang/Object;' in 'com/dokar/quickjs/QuickJs')}
  0x000001ea0a3cabb0: 0000 48ba | e819 a4d8 | ea01 0000 | 458b 4008 | 49ba 0000 | 0020 ea01 | 0000 4d03 | c24c 3b82 
  0x000001ea0a3cabd0: 6806 0000 | 750d 4883 | 8270 0600 | 0001 e960 | 0000 004c | 3b82 7806 | 0000 750d | 4883 8280 
  0x000001ea0a3cabf0: 0600 0001 | e94a 0000 | 0048 83ba | 6806 0000 | 0075 174c | 8982 6806 | 0000 48c7 | 8270 0600 
  0x000001ea0a3cac10: 0001 0000 | 00e9 2900 | 0000 4883 | ba78 0600 | 0000 7517 | 4c89 8278 | 0600 0048 | c782 8006 
  0x000001ea0a3cac30: 0000 0100 | 0000 e908 | 0000 0048 | 8382 5806 | 0000 014c | 8bc0 488b | 9424 0001 | 0000 0f1f 
  0x000001ea0a3cac50: 8000 0000 | 0048 b8ff | ffff ffff 

  0x000001ea0a3cac5c: ;   {virtual_call}
  0x000001ea0a3cac5c: ffff ffe8 

  0x000001ea0a3cac60: ; ImmutableOopMap {[256]=Oop [264]=Oop [272]=Oop [280]=Oop [288]=Oop [296]=Oop [304]=Oop }
                      ;*invokeinterface add {reexecute=0 rethrow=0 return_oop=0}
                      ; - com.dokar.quickjs.QuickJs::awaitAsyncJobs@401 (line 760)
  0x000001ea0a3cac60: 1c41 7305 

  0x000001ea0a3cac64: ;   {other}
  0x000001ea0a3cac64: 0f1f 8400 | d423 000d 

  0x000001ea0a3cac6c: ;   {metadata(method data for {method} {0x000001ead8849978} 'awaitAsyncJobs' '(Lkotlin/coroutines/Continuation;)Ljava/lang/Object;' in 'com/dokar/quickjs/QuickJs')}
  0x000001ea0a3cac6c: 49b8 e819 | a4d8 ea01 | 0000 418b | 90d0 0000 | 0083 c202 | 4189 90d0 | 0000 0081 | e2fe 3f00 
  0x000001ea0a3cac8c: 0085 d20f | 8408 1100 | 004d 8b97 

  0x000001ea0a3cac98: ; ImmutableOopMap {[256]=Oop [264]=Oop [272]=Oop [280]=Oop [288]=Oop [296]=Oop [304]=Oop }
                      ;*goto {reexecute=1 rethrow=0 return_oop=0}
                      ; - (reexecute) com.dokar.quickjs.QuickJs::awaitAsyncJobs@407 (line 760)
  0x000001ea0a3cac98: 5804 0000 

  0x000001ea0a3cac9c: ;   {poll}
  0x000001ea0a3cac9c: 4185 0249 | b8e8 19a4 | d8ea 0100 | 0041 ff80 | 9006 0000 | 488b 8424 | 3001 0000 

  0x000001ea0a3cacb8: ; implicit exception: dispatches to 0x000001ea0a3cbdbe
  0x000001ea0a3cacb8: 483b 0048 

  0x000001ea0a3cacbc: ;   {metadata(method data for {method} {0x000001ead8849978} 'awaitAsyncJobs' '(Lkotlin/coroutines/Continuation;)Ljava/lang/Object;' in 'com/dokar/quickjs/QuickJs')}
  0x000001ea0a3cacbc: 8bd0 48bf | e819 a4d8 | ea01 0000 | 8b52 0849 | ba00 0000 | 20ea 0100 | 0049 03d2 | 483b 9748 
  0x000001ea0a3cacdc: 0500 0075 | 0d48 8387 | 5005 0000 | 01e9 6000 | 0000 483b | 9758 0500 | 0075 0d48 | 8387 6005 
  0x000001ea0a3cacfc: 0000 01e9 | 4a00 0000 | 4883 bf48 | 0500 0000 | 7517 4889 | 9748 0500 | 0048 c787 | 5005 0000 
  0x000001ea0a3cad1c: 0100 0000 | e929 0000 | 0048 83bf | 5805 0000 | 0075 1748 | 8997 5805 | 0000 48c7 | 8760 0500 
  0x000001ea0a3cad3c: 0001 0000 | 00e9 0800 | 0000 4883 | 8738 0500 | 0001 488b | d00f 1f40 | 0048 b818 | 2c18 20ea 
  0x000001ea0a3cad5c: ;   {virtual_call}
  0x000001ea0a3cad5c: 0100 00e8 

  0x000001ea0a3cad60: ; ImmutableOopMap {[256]=Oop [264]=Oop [272]=Oop [280]=Oop [288]=Oop [296]=Oop [304]=Oop }
                      ;*invokeinterface hasNext {reexecute=0 rethrow=0 return_oop=0}
                      ; - com.dokar.quickjs.QuickJs::awaitAsyncJobs@360 (line 760)
  0x000001ea0a3cad60: bc6a f505 

  0x000001ea0a3cad64: ;   {other}
  0x000001ea0a3cad64: 0f1f 8400 | d424 000f 

  0x000001ea0a3cad6c: ;   {metadata(method data for {method} {0x000001ead8849978} 'awaitAsyncJobs' '(Lkotlin/coroutines/Continuation;)Ljava/lang/Object;' in 'com/dokar/quickjs/QuickJs')}
  0x000001ea0a3cad6c: 85c0 48ba | e819 a4d8 | ea01 0000 | 48c7 c680 | 0500 0075 | 0748 c7c6 | 7005 0000 | 488b 3c32 
  0x000001ea0a3cad8c: 488d 7f01 | 4889 3c32 | 0f85 06fb | ffff 488b | 8424 0001 | 0000 4885 

  0x000001ea0a3cada4: ;   {metadata(method data for {method} {0x000001ead8849978} 'awaitAsyncJobs' '(Lkotlin/coroutines/Continuation;)Ljava/lang/Object;' in 'com/dokar/quickjs/QuickJs')}
  0x000001ea0a3cada4: c075 1648 | bae8 19a4 | d8ea 0100 | 0080 8aa1 | 0600 0001 | e9e7 0000 

  0x000001ea0a3cadbc: ;   {metadata('java/util/List')}
  0x000001ea0a3cadbc: 0048 bf30 | 6005 20ea | 0100 008b | 5008 49ba | 0000 0020 | ea01 0000 | 4903 d248 | 3b7a 200f 
  0x000001ea0a3caddc: 841a 0000 | 0048 3bd7 | 0f84 1100 | 0000 5257 

  0x000001ea0a3cadec: ;   {runtime_call slow_subtype_check Runtime1 stub}
  0x000001ea0a3cadec: e80f 3d7f | 055a 5a85 | d20f 848d 

  0x000001ea0a3cadf8: ;   {metadata(method data for {method} {0x000001ead8849978} 'awaitAsyncJobs' '(Lkotlin/coroutines/Continuation;)Ljava/lang/Object;' in 'com/dokar/quickjs/QuickJs')}
  0x000001ea0a3cadf8: 0000 0048 | bae8 19a4 | d8ea 0100 | 008b 7808 | 49ba 0000 | 0020 ea01 | 0000 4903 | fa48 3bba 
  0x000001ea0a3cae18: b806 0000 | 750d 4883 | 82c0 0600 | 0001 e979 | 0000 0048 | 3bba c806 | 0000 750d | 4883 82d0 
  0x000001ea0a3cae38: 0600 0001 | e963 0000 | 0048 83ba | b806 0000 | 0075 1748 | 89ba b806 | 0000 48c7 | 82c0 0600 
  0x000001ea0a3cae58: 0001 0000 | 00e9 4200 | 0000 4883 | bac8 0600 | 0000 7517 | 4889 bac8 | 0600 0048 | c782 d006 
  0x000001ea0a3cae78: 0000 0100 | 0000 e921 | 0000 00e9 | 1c00 0000 

  0x000001ea0a3cae88: ;   {metadata(method data for {method} {0x000001ead8849978} 'awaitAsyncJobs' '(Lkotlin/coroutines/Continuation;)Ljava/lang/Object;' in 'com/dokar/quickjs/QuickJs')}
  0x000001ea0a3cae88: 48ba e819 | a4d8 ea01 | 0000 4883 | aaa8 0600 | 0001 e924 | 0f00 00e9 | 0000 0000 | 488b f048 
  0x000001ea0a3caea8: 89b4 2440 | 0100 0048 | 8bbc 2408 | 0100 0048 | 85ff 0f84 | 2900 0000 

  0x000001ea0a3caec0: ;   {metadata('kotlinx/coroutines/sync/MutexImpl')}
  0x000001ea0a3caec0: 48b8 c0c0 | 2421 ea01 | 0000 8b5f | 0849 ba00 | 0000 20ea | 0100 0049 | 03da 483b | 4340 0f85 
  0x000001ea0a3caee0: e80e 0000 | e900 0000 | 004c 8bc7 

  0x000001ea0a3caeec: ; implicit exception: dispatches to 0x000001ea0a3cbdd1
  0x000001ea0a3caeec: 483b 074c 

  0x000001ea0a3caef0: ;   {metadata(method data for {method} {0x000001ead8849978} 'awaitAsyncJobs' '(Lkotlin/coroutines/Continuation;)Ljava/lang/Object;' in 'com/dokar/quickjs/QuickJs')}
  0x000001ea0a3caef0: 8bc7 48ba | e819 a4d8 | ea01 0000 

  0x000001ea0a3caefc: ;   {metadata('kotlinx/coroutines/sync/MutexImpl')}
  0x000001ea0a3caefc: 49ba c0c0 | 2421 ea01 | 0000 4c89 | 92f0 0600 | 0048 8382 | f806 0000 | 014c 8b84 | 2410 0100 
  0x000001ea0a3caf1c: 0048 8bd7 | 0f1f 8000 

  0x000001ea0a3caf24: ;   {optimized virtual_call}
  0x000001ea0a3caf24: 0000 00e8 

  0x000001ea0a3caf28: ; ImmutableOopMap {[280]=Oop [288]=Oop [296]=Oop [320]=Oop }
                      ;*invokeinterface unlock {reexecute=0 rethrow=0 return_oop=0}
                      ; - com.dokar.quickjs.QuickJs::awaitAsyncJobs@422 (line 762)
  0x000001ea0a3caf28: 34ca 3b06 

  0x000001ea0a3caf2c: ;   {other}
  0x000001ea0a3caf2c: 0f1f 8400 | 9c26 0010 

  0x000001ea0a3caf34: ;   {metadata(method data for {method} {0x000001ead8849978} 'awaitAsyncJobs' '(Lkotlin/coroutines/Continuation;)Ljava/lang/Object;' in 'com/dokar/quickjs/QuickJs')}
  0x000001ea0a3caf34: 48ba e819 | a4d8 ea01 | 0000 ff82 | 1807 0000 | 488b b424 | 4001 0000 

  0x000001ea0a3caf4c: ; implicit exception: dispatches to 0x000001ea0a3cbdd6
  0x000001ea0a3caf4c: 483b 0648 

  0x000001ea0a3caf50: ;   {metadata(method data for {method} {0x000001ead8849978} 'awaitAsyncJobs' '(Lkotlin/coroutines/Continuation;)Ljava/lang/Object;' in 'com/dokar/quickjs/QuickJs')}
  0x000001ea0a3caf50: 8bd6 48bf | e819 a4d8 | ea01 0000 | 8b52 0849 | ba00 0000 | 20ea 0100 | 0049 03d2 | 483b 9778 
  0x000001ea0a3caf70: 0700 0075 | 0d48 8387 | 8007 0000 | 01e9 6000 | 0000 483b | 9788 0700 | 0075 0d48 | 8387 9007 
  0x000001ea0a3caf90: 0000 01e9 | 4a00 0000 | 4883 bf78 | 0700 0000 | 7517 4889 | 9778 0700 | 0048 c787 | 8007 0000 
  0x000001ea0a3cafb0: 0100 0000 | e929 0000 | 0048 83bf | 8807 0000 | 0075 1748 | 8997 8807 | 0000 48c7 | 8790 0700 
  0x000001ea0a3cafd0: 0001 0000 | 00e9 0800 | 0000 4883 | 8768 0700 | 0001 488b | d648 b8d0 | 890b 20ea 

  0x000001ea0a3cafec: ;   {virtual_call}
  0x000001ea0a3cafec: 0100 00e8 

  0x000001ea0a3caff0: ; ImmutableOopMap {[280]=Oop [288]=Oop [296]=Oop [320]=Oop }
                      ;*invokeinterface isEmpty {reexecute=0 rethrow=0 return_oop=0}
                      ; - com.dokar.quickjs.QuickJs::awaitAsyncJobs@448 (line 381)
  0x000001ea0a3caff0: 2ca4 f405 

  0x000001ea0a3caff4: ;   {other}
  0x000001ea0a3caff4: 0f1f 8400 | 6427 0011 

  0x000001ea0a3caffc: ;   {metadata(method data for {method} {0x000001ead8849978} 'awaitAsyncJobs' '(Lkotlin/coroutines/Continuation;)Ljava/lang/Object;' in 'com/dokar/quickjs/QuickJs')}
  0x000001ea0a3caffc: 85c0 48ba | e819 a4d8 | ea01 0000 | 49c7 c0b0 | 0700 0075 | 0749 c7c0 | a007 0000 | 4a8b 3402 
  0x000001ea0a3cb01c: 488d 7601 | 4a89 3402 | 0f85 0502 | 0000 488b | b424 4001 | 0000 488b | 8424 1801 | 0000 4885 
  0x000001ea0a3cb03c: ;   {metadata(method data for {method} {0x000001ead8849978} 'awaitAsyncJobs' '(Lkotlin/coroutines/Continuation;)Ljava/lang/Object;' in 'com/dokar/quickjs/QuickJs')}
  0x000001ea0a3cb03c: f675 1648 | bae8 19a4 | d8ea 0100 | 0080 8ad1 | 0700 0001 | e9e7 0000 

  0x000001ea0a3cb054: ;   {metadata('java/util/Collection')}
  0x000001ea0a3cb054: 0048 bf40 | 6405 20ea | 0100 008b | 5608 49ba | 0000 0020 | ea01 0000 | 4903 d248 | 3b7a 200f 
  0x000001ea0a3cb074: 841a 0000 | 0048 3bd7 | 0f84 1100 | 0000 5257 

  0x000001ea0a3cb084: ;   {runtime_call slow_subtype_check Runtime1 stub}
  0x000001ea0a3cb084: e877 3a7f | 055a 5a85 | d20f 848d 

  0x000001ea0a3cb090: ;   {metadata(method data for {method} {0x000001ead8849978} 'awaitAsyncJobs' '(Lkotlin/coroutines/Continuation;)Ljava/lang/Object;' in 'com/dokar/quickjs/QuickJs')}
  0x000001ea0a3cb090: 0000 0048 | bae8 19a4 | d8ea 0100 | 008b 7e08 | 49ba 0000 | 0020 ea01 | 0000 4903 | fa48 3bba 
  0x000001ea0a3cb0b0: e807 0000 | 750d 4883 | 82f0 0700 | 0001 e979 | 0000 0048 | 3bba f807 | 0000 750d | 4883 8200 
  0x000001ea0a3cb0d0: 0800 0001 | e963 0000 | 0048 83ba | e807 0000 | 0075 1748 | 89ba e807 | 0000 48c7 | 82f0 0700 
  0x000001ea0a3cb0f0: 0001 0000 | 00e9 4200 | 0000 4883 | baf8 0700 | 0000 7517 | 4889 baf8 | 0700 0048 | c782 0008 
  0x000001ea0a3cb110: 0000 0100 | 0000 e921 | 0000 00e9 | 1c00 0000 

  0x000001ea0a3cb120: ;   {metadata(method data for {method} {0x000001ead8849978} 'awaitAsyncJobs' '(Lkotlin/coroutines/Continuation;)Ljava/lang/Object;' in 'com/dokar/quickjs/QuickJs')}
  0x000001ea0a3cb120: 48ba e819 | a4d8 ea01 | 0000 4883 | aad8 0700 | 0001 e9a4 | 0c00 00e9 | 0000 0000 

  0x000001ea0a3cb13c: ;   {metadata(method data for {method} {0x000001ead8849978} 'awaitAsyncJobs' '(Lkotlin/coroutines/Continuation;)Ljava/lang/Object;' in 'com/dokar/quickjs/QuickJs')}
  0x000001ea0a3cb13c: 488b d649 | b8e8 19a4 | d8ea 0100 | 0049 8380 | 1008 0000 

  0x000001ea0a3cb150: ;   {metadata(method data for {method} {0x000001ea61907a00} 'nullOutSpilledVariable' '(Ljava/lang/Object;)Ljava/lang/Object;' in 'kotlin/coroutines/jvm/internal/SpillingKt')}
  0x000001ea0a3cb150: 0149 b850 | e50d 64ea | 0100 0041 | 8bb0 cc00 | 0000 83c6 | 0241 89b0 | cc00 0000 | 81e6 feff 
  0x000001ea0a3cb170: 1f00 85f6 | 0f84 6a0c | 0000 450f | be47 4045 | 85c0 0f85 | 7d0c 0000 

  0x000001ea0a3cb188: ; implicit exception: dispatches to 0x000001ea0a3cbe25
  0x000001ea0a3cb188: c740 2000 | 0000 00c7 | 401c 0300 

  0x000001ea0a3cb194: ;   {metadata(method data for {method} {0x000001ead8849978} 'awaitAsyncJobs' '(Lkotlin/coroutines/Continuation;)Ljava/lang/Object;' in 'com/dokar/quickjs/QuickJs')}
  0x000001ea0a3cb194: 0000 49b8 | e819 a4d8 | ea01 0000 | 4983 8020 | 0800 0001 | 4c8b c048 | 8984 2418 | 0100 000f 
  0x000001ea0a3cb1b4: ;   {static_call}
  0x000001ea0a3cb1b4: 1f40 00e8 

  0x000001ea0a3cb1b8: ; ImmutableOopMap {[280]=Oop [288]=Oop [296]=Oop }
                      ;*invokestatic joinAll {reexecute=0 rethrow=0 return_oop=0}
                      ; - com.dokar.quickjs.QuickJs::awaitAsyncJobs@480 (line 385)
  0x000001ea0a3cb1b8: c43e 7305 

  0x000001ea0a3cb1bc: ;   {other}
  0x000001ea0a3cb1bc: 0f1f 8400 | 2c29 0012 | 488b f048 | 8b9c 2420 | 0100 0048 

  0x000001ea0a3cb1d0: ;   {metadata(method data for {method} {0x000001ead8849978} 'awaitAsyncJobs' '(Lkotlin/coroutines/Continuation;)Ljava/lang/Object;' in 'com/dokar/quickjs/QuickJs')}
  0x000001ea0a3cb1d0: 3bf3 48b8 | e819 a4d8 | ea01 0000 | 48c7 c240 | 0800 0074 | 0748 c7c2 | 3008 0000 | 488b 3c10 
  0x000001ea0a3cb1f0: 488d 7f01 | 4889 3c10 | 0f84 1800 | 0000 488b | 8424 1801 | 0000 488b | 9424 2801 | 0000 488b 
  0x000001ea0a3cb210: fbe9 32e5 | ffff 488b | c348 81c4 | 7001 0000 

  0x000001ea0a3cb220: ;   {poll_return}
  0x000001ea0a3cb220: 5d49 3ba7 | 5004 0000 | 0f87 fc0b 

  0x000001ea0a3cb22c: ;   {metadata(method data for {method} {0x000001ead8849978} 'awaitAsyncJobs' '(Lkotlin/coroutines/Continuation;)Ljava/lang/Object;' in 'com/dokar/quickjs/QuickJs')}
  0x000001ea0a3cb22c: 0000 c348 | b8e8 19a4 | d8ea 0100 | 00ff 80c0 

  0x000001ea0a3cb23c: ;   {oop(a 'kotlin/Unit'{0x000000060472ca40})}
  0x000001ea0a3cb23c: 0700 0048 | b840 ca72 | 0406 0000 | 0048 81c4 | 7001 0000 

  0x000001ea0a3cb250: ;   {poll_return}
  0x000001ea0a3cb250: 5d49 3ba7 | 5004 0000 | 0f87 e20b | 0000 c348 | 8bc7 4881 | c470 0100 

  0x000001ea0a3cb268: ;   {poll_return}
  0x000001ea0a3cb268: 005d 493b | a750 0400 | 000f 87df | 0b00 00c3 

  0x000001ea0a3cb278: ;   {oop(a 'kotlin/coroutines/intrinsics/CoroutineSingletons'{0x0000000604c01990})}
  0x000001ea0a3cb278: 48b8 9019 | c004 0600 | 0000 4881 | c470 0100 

  0x000001ea0a3cb288: ;   {poll_return}
  0x000001ea0a3cb288: 005d 493b | a750 0400 | 000f 87d5 | 0b00 00c3 | 4889 8424 | c800 0000 | 4885 f675 

  0x000001ea0a3cb2a4: ;   {metadata(method data for {method} {0x000001ea61670f40} 'throwOnFailure' '(Ljava/lang/Object;)V' in 'kotlin/ResultKt')}
  0x000001ea0a3cb2a4: 1648 b890 | ca4b 63ea | 0100 0080 | 8861 0100 | 0001 e9cc 

  0x000001ea0a3cb2b8: ;   {metadata('kotlin/Result$Failure')}
  0x000001ea0a3cb2b8: 0000 0048 | bf10 7302 | 21ea 0100 | 008b 5608 | 49ba 0000 | 0020 ea01 | 0000 4903 | d248 3bfa 
  0x000001ea0a3cb2d8: 0f85 8d00 

  0x000001ea0a3cb2dc: ;   {metadata(method data for {method} {0x000001ea61670f40} 'throwOnFailure' '(Ljava/lang/Object;)V' in 'kotlin/ResultKt')}
  0x000001ea0a3cb2dc: 0000 48b8 | 90ca 4b63 | ea01 0000 | 8b7e 0849 | ba00 0000 | 20ea 0100 | 0049 03fa | 483b b878 
  0x000001ea0a3cb2fc: 0100 0075 | 0d48 8380 | 8001 0000 | 01e9 7900 | 0000 483b | b888 0100 | 0075 0d48 | 8380 9001 
  0x000001ea0a3cb31c: 0000 01e9 | 6300 0000 | 4883 b878 | 0100 0000 | 7517 4889 | b878 0100 | 0048 c780 | 8001 0000 
  0x000001ea0a3cb33c: 0100 0000 | e942 0000 | 0048 83b8 | 8801 0000 | 0075 1748 | 89b8 8801 | 0000 48c7 | 8090 0100 
  0x000001ea0a3cb35c: 0001 0000 | 00e9 2100 | 0000 e91c 

  0x000001ea0a3cb368: ;   {metadata(method data for {method} {0x000001ea61670f40} 'throwOnFailure' '(Ljava/lang/Object;)V' in 'kotlin/ResultKt')}
  0x000001ea0a3cb368: 0000 0048 | b890 ca4b | 63ea 0100 | 0048 83a8 | 6801 0000 | 01e9 000b | 0000 e900 | 0000 0048 
  0x000001ea0a3cb388: 8bc6 8b40 | 0c48 c1e0 | 0348 3b00 | e94c 0c00 | 0048 8984 | 24c8 0000 | 0048 85f6 

  0x000001ea0a3cb3a4: ;   {metadata(method data for {method} {0x000001ea61670f40} 'throwOnFailure' '(Ljava/lang/Object;)V' in 'kotlin/ResultKt')}
  0x000001ea0a3cb3a4: 7516 48b9 | 90ca 4b63 | ea01 0000 | 8089 6101 | 0000 01e9 | cd00 0000 

  0x000001ea0a3cb3bc: ;   {metadata('kotlin/Result$Failure')}
  0x000001ea0a3cb3bc: 49b8 1073 | 0221 ea01 | 0000 8b56 | 0849 ba00 | 0000 20ea | 0100 0049 | 03d2 4c3b | c20f 858e 
  0x000001ea0a3cb3dc: ;   {metadata(method data for {method} {0x000001ea61670f40} 'throwOnFailure' '(Ljava/lang/Object;)V' in 'kotlin/ResultKt')}
  0x000001ea0a3cb3dc: 0000 0048 | b990 ca4b | 63ea 0100 | 0044 8b46 | 0849 ba00 | 0000 20ea | 0100 004d | 03c2 4c3b 
  0x000001ea0a3cb3fc: 8178 0100 | 0075 0d48 | 8381 8001 | 0000 01e9 | 7900 0000 | 4c3b 8188 | 0100 0075 | 0d48 8381 
  0x000001ea0a3cb41c: 9001 0000 | 01e9 6300 | 0000 4883 | b978 0100 | 0000 7517 | 4c89 8178 | 0100 0048 | c781 8001 
  0x000001ea0a3cb43c: 0000 0100 | 0000 e942 | 0000 0048 | 83b9 8801 | 0000 0075 | 174c 8981 | 8801 0000 | 48c7 8190 
  0x000001ea0a3cb45c: 0100 0001 | 0000 00e9 | 2100 0000 | e91c 0000 

  0x000001ea0a3cb46c: ;   {metadata(method data for {method} {0x000001ea61670f40} 'throwOnFailure' '(Ljava/lang/Object;)V' in 'kotlin/ResultKt')}
  0x000001ea0a3cb46c: 0048 b990 | ca4b 63ea | 0100 0048 | 83a9 6801 | 0000 01e9 | 110a 0000 | e900 0000 | 0048 8bc6 
  0x000001ea0a3cb48c: ; implicit exception: dispatches to 0x000001ea0a3cbe9e
  0x000001ea0a3cb48c: 8b40 0c48 | c1e0 0348 | 3b00 e94a | 0b00 0048 | 8984 24c8 | 0000 0048 | 85f6 7516 

  0x000001ea0a3cb4a8: ;   {metadata(method data for {method} {0x000001ea61670f40} 'throwOnFailure' '(Ljava/lang/Object;)V' in 'kotlin/ResultKt')}
  0x000001ea0a3cb4a8: 48b9 90ca | 4b63 ea01 | 0000 8089 | 6101 0000 | 01e9 cd00 

  0x000001ea0a3cb4bc: ;   {metadata('kotlin/Result$Failure')}
  0x000001ea0a3cb4bc: 0000 49b8 | 1073 0221 | ea01 0000 | 8b56 0849 | ba00 0000 | 20ea 0100 | 0049 03d2 | 4c3b c20f 
  0x000001ea0a3cb4dc: 858e 0000 

  0x000001ea0a3cb4e0: ;   {metadata(method data for {method} {0x000001ea61670f40} 'throwOnFailure' '(Ljava/lang/Object;)V' in 'kotlin/ResultKt')}
  0x000001ea0a3cb4e0: 0048 b990 | ca4b 63ea | 0100 0044 | 8b46 0849 | ba00 0000 | 20ea 0100 | 004d 03c2 | 4c3b 8178 
  0x000001ea0a3cb500: 0100 0075 | 0d48 8381 | 8001 0000 | 01e9 7900 | 0000 4c3b | 8188 0100 | 0075 0d48 | 8381 9001 
  0x000001ea0a3cb520: 0000 01e9 | 6300 0000 | 4883 b978 | 0100 0000 | 7517 4c89 | 8178 0100 | 0048 c781 | 8001 0000 
  0x000001ea0a3cb540: 0100 0000 | e942 0000 | 0048 83b9 | 8801 0000 | 0075 174c | 8981 8801 | 0000 48c7 | 8190 0100 
  0x000001ea0a3cb560: 0001 0000 | 00e9 2100 | 0000 e91c 

  0x000001ea0a3cb56c: ;   {metadata(method data for {method} {0x000001ea61670f40} 'throwOnFailure' '(Ljava/lang/Object;)V' in 'kotlin/ResultKt')}
  0x000001ea0a3cb56c: 0000 0048 | b990 ca4b | 63ea 0100 | 0048 83a9 | 6801 0000 | 01e9 2209 | 0000 e900 | 0000 0048 
  0x000001ea0a3cb58c: 8bc6 8b40 | 0c48 c1e0 | 0348 3b00 | e948 0a00 | 0048 8b94 | 24b8 0000 | 0048 85f6 

  0x000001ea0a3cb5a8: ;   {metadata(method data for {method} {0x000001ea61670f40} 'throwOnFailure' '(Ljava/lang/Object;)V' in 'kotlin/ResultKt')}
  0x000001ea0a3cb5a8: 7517 49b8 | 90ca 4b63 | ea01 0000 | 4180 8861 | 0100 0001 | e9cc 0000 

  0x000001ea0a3cb5c0: ;   {metadata('kotlin/Result$Failure')}
  0x000001ea0a3cb5c0: 0048 bb10 | 7302 21ea | 0100 008b | 4e08 49ba | 0000 0020 | ea01 0000 | 4903 ca48 | 3bd9 0f85 
  0x000001ea0a3cb5e0: 8d00 0000 

  0x000001ea0a3cb5e4: ;   {metadata(method data for {method} {0x000001ea61670f40} 'throwOnFailure' '(Ljava/lang/Object;)V' in 'kotlin/ResultKt')}
  0x000001ea0a3cb5e4: 49b8 90ca | 4b63 ea01 | 0000 8b5e | 0849 ba00 | 0000 20ea | 0100 0049 | 03da 493b | 9878 0100 
  0x000001ea0a3cb604: 0075 0d49 | 8380 8001 | 0000 01e9 | 7900 0000 | 493b 9888 | 0100 0075 | 0d49 8380 | 9001 0000 
  0x000001ea0a3cb624: 01e9 6300 | 0000 4983 | b878 0100 | 0000 7517 | 4989 9878 | 0100 0049 | c780 8001 | 0000 0100 
  0x000001ea0a3cb644: 0000 e942 | 0000 0049 | 83b8 8801 | 0000 0075 | 1749 8998 | 8801 0000 | 49c7 8090 | 0100 0001 
  0x000001ea0a3cb664: 0000 00e9 | 2100 0000 | e91c 0000 

  0x000001ea0a3cb670: ;   {metadata(method data for {method} {0x000001ea61670f40} 'throwOnFailure' '(Ljava/lang/Object;)V' in 'kotlin/ResultKt')}
  0x000001ea0a3cb670: 0049 b890 | ca4b 63ea | 0100 0049 | 83a8 6801 | 0000 01e9 | 3308 0000 | e900 0000 | 0048 8bfe 
  0x000001ea0a3cb690: ; implicit exception: dispatches to 0x000001ea0a3cbec4
  0x000001ea0a3cb690: 8b7f 0c48 | c1e7 0348 | 3b07 488b | c7e9 4309 | 0000 660f | 1f44 0000 

  0x000001ea0a3cb6a8: ;   {no_reloc}
  0x000001ea0a3cb6a8: e930 0800 | 0000 0000 | 0000 498b | 87b8 0100 | 0048 8d78 | 2849 3bbf | c801 0000 | 0f87 1d08 
  0x000001ea0a3cb6c8: 0000 4989 | bfb8 0100 | 0048 c700 | 0100 0000 | 488b ca49 | ba00 0000 | 20ea 0100 | 0049 2bca 
  0x000001ea0a3cb6e8: 8948 0848 | 33c9 8948 | 0c48 33c9 | 4889 4810 | 4889 4818 | 4889 4820 

  0x000001ea0a3cb700: ;   {metadata(method data for {method} {0x000001ead8849978} 'awaitAsyncJobs' '(Lkotlin/coroutines/Continuation;)Ljava/lang/Object;' in 'com/dokar/quickjs/QuickJs')}
  0x000001ea0a3cb700: 4c8b c048 | bae8 19a4 | d8ea 0100 | 0048 8382 | b008 0000 

  0x000001ea0a3cb714: ;   {oop("call to 'resume' before 'invoke' with coroutine"{0x00000006053802d0})}
  0x000001ea0a3cb714: 0149 b8d0 | 0238 0506 | 0000 0048 | 8bd0 4889 | 8424 4801 | 0000 0f1f 

  0x000001ea0a3cb72c: ;   {optimized virtual_call}
  0x000001ea0a3cb72c: 4400 00e8 

  0x000001ea0a3cb730: ; ImmutableOopMap {[328]=Oop }
                      ;*invokespecial <init> {reexecute=0 rethrow=0 return_oop=0}
                      ; - com.dokar.quickjs.QuickJs::awaitAsyncJobs@523 (line 370)
  0x000001ea0a3cb730: 4c33 7305 

  0x000001ea0a3cb734: ;   {other}
  0x000001ea0a3cb734: 0f1f 8400 | a42e 0013 | 488b 8424 | 4801 0000 | e99c 0800 | 0049 8b87 | 0005 0000 | 4d33 d24d 
  0x000001ea0a3cb754: 8997 0005 | 0000 4d33 | d24d 8997 | 0805 0000 | 4889 8424 | 5001 0000 | 4c8b 8424 | 1001 0000 
  0x000001ea0a3cb774: 4885 ff0f | 8429 0000 

  0x000001ea0a3cb77c: ;   {metadata('kotlinx/coroutines/sync/MutexImpl')}
  0x000001ea0a3cb77c: 0048 b9c0 | c024 21ea | 0100 008b | 5f08 49ba | 0000 0020 | ea01 0000 | 4903 da48 | 3b4b 400f 
  0x000001ea0a3cb79c: 8553 0700 | 00e9 0000 | 0000 488b | d748 3b07 

  0x000001ea0a3cb7ac: ;   {metadata(method data for {method} {0x000001ead8849978} 'awaitAsyncJobs' '(Lkotlin/coroutines/Continuation;)Ljava/lang/Object;' in 'com/dokar/quickjs/QuickJs')}
  0x000001ea0a3cb7ac: 488b d748 | bee8 19a4 | d8ea 0100 

  0x000001ea0a3cb7b8: ;   {metadata('kotlinx/coroutines/sync/MutexImpl')}
  0x000001ea0a3cb7b8: 0049 bac0 | c024 21ea | 0100 004c | 8996 4007 | 0000 4883 | 8648 0700 | 0001 488b 

  0x000001ea0a3cb7d4: ;   {optimized virtual_call}
  0x000001ea0a3cb7d4: d766 90e8 

  0x000001ea0a3cb7d8: ; ImmutableOopMap {[336]=Oop }
                      ;*invokeinterface unlock {reexecute=0 rethrow=0 return_oop=0}
                      ; - com.dokar.quickjs.QuickJs::awaitAsyncJobs@435 (line 762)
  0x000001ea0a3cb7d8: a432 7305 

  0x000001ea0a3cb7dc: ;   {other}
  0x000001ea0a3cb7dc: 0f1f 8400 | 4c2f 0014 | 488b 8424 | 5001 0000 | e9f4 0700 | 0049 8b87 | 0005 0000 | 4d33 d24d 
  0x000001ea0a3cb7fc: 8997 0005 | 0000 4d33 | d24d 8997 | 0805 0000 | 4889 8424 | 5801 0000 | 488b b424 | d800 0000 
  0x000001ea0a3cb81c: 4885 ff0f | 8429 0000 

  0x000001ea0a3cb824: ;   {metadata('kotlinx/coroutines/sync/MutexImpl')}
  0x000001ea0a3cb824: 0048 b9c0 | c024 21ea | 0100 008b | 5f08 49ba | 0000 0020 | ea01 0000 | 4903 da48 | 3b4b 400f 
  0x000001ea0a3cb844: 85b5 0600 | 00e9 0000 | 0000 4c8b | c748 3b07 

  0x000001ea0a3cb854: ;   {metadata(method data for {method} {0x000001ead8849978} 'awaitAsyncJobs' '(Lkotlin/coroutines/Continuation;)Ljava/lang/Object;' in 'com/dokar/quickjs/QuickJs')}
  0x000001ea0a3cb854: 4c8b c748 | bae8 19a4 | d8ea 0100 

  0x000001ea0a3cb860: ;   {metadata('kotlinx/coroutines/sync/MutexImpl')}
  0x000001ea0a3cb860: 0049 bac0 | c024 21ea | 0100 004c | 8992 b803 | 0000 4883 | 82c0 0300 | 0001 4c8b | c648 8bd7 
  0x000001ea0a3cb880: 0f1f 8000 

  0x000001ea0a3cb884: ;   {optimized virtual_call}
  0x000001ea0a3cb884: 0000 00e8 

  0x000001ea0a3cb888: ; ImmutableOopMap {[344]=Oop }
                      ;*invokeinterface unlock {reexecute=0 rethrow=0 return_oop=0}
                      ; - com.dokar.quickjs.QuickJs::awaitAsyncJobs@228 (line 749)
  0x000001ea0a3cb888: f431 7305 

  0x000001ea0a3cb88c: ;   {other}
  0x000001ea0a3cb88c: 0f1f 8400 | fc2f 0015 | 488b 8424 | 5801 0000 | e944 0700 

  0x000001ea0a3cb8a0: ;   {metadata({method} {0x000001ead8849978} 'awaitAsyncJobs' '(Lkotlin/coroutines/Continuation;)Ljava/lang/Object;' in 'com/dokar/quickjs/QuickJs')}
  0x000001ea0a3cb8a0: 0049 ba70 | 9984 d8ea | 0100 004c | 8954 2408 | 48c7 0424 | ffff ffff 

  0x000001ea0a3cb8b8: ;   {runtime_call counter_overflow Runtime1 stub}
  0x000001ea0a3cb8b8: e843 667f 

  0x000001ea0a3cb8bc: ; ImmutableOopMap {rdx=Oop r8=Oop [184]=Oop }
                      ;*synchronization entry
                      ; - com.dokar.quickjs.QuickJs::awaitAsyncJobs@-1
  0x000001ea0a3cb8bc: 05e9 8cd5 | ffff 4c89 

  0x000001ea0a3cb8c4: ;   {runtime_call throw_class_cast_exception Runtime1 stub}
  0x000001ea0a3cb8c4: 0424 e835 

  0x000001ea0a3cb8c8: ; ImmutableOopMap {rdx=Oop r8=Oop [184]=Oop }
                      ;*checkcast {reexecute=0 rethrow=0 return_oop=0}
                      ; - com.dokar.quickjs.QuickJs::awaitAsyncJobs@8
                      ;   {runtime_call throw_null_pointer_exception Runtime1 stub}
  0x000001ea0a3cb8c8: 2c7f 05e8 

  0x000001ea0a3cb8cc: ; ImmutableOopMap {rdx=Oop r8=Oop rsi=Oop [184]=Oop }
                      ;*getfield label {reexecute=1 rethrow=0 return_oop=0}
                      ; - (reexecute) com.dokar.quickjs.QuickJs::awaitAsyncJobs@15
  0x000001ea0a3cb8cc: 3004 7f05 

  0x000001ea0a3cb8d0: ;   {runtime_call fast_new_instance Runtime1 stub}
  0x000001ea0a3cb8d0: 488b d2e8 

  0x000001ea0a3cb8d4: ; ImmutableOopMap {r8=Oop rbx=Oop [184]=Oop }
                      ;*new {reexecute=0 rethrow=0 return_oop=0}
                      ; - com.dokar.quickjs.QuickJs::awaitAsyncJobs@41
  0x000001ea0a3cb8d4: 280d 7f05 | e918 d8ff 

  0x000001ea0a3cb8dc: ;   {metadata({method} {0x000001ead888fca8} '<init>' '(Lcom/dokar/quickjs/QuickJs;Lkotlin/coroutines/Continuation;)V' in 'com/dokar/quickjs/QuickJs$awaitAsyncJobs$1')}
  0x000001ea0a3cb8dc: ff49 baa0 | fc88 d8ea | 0100 004c | 8954 2408 | 48c7 0424 | ffff ffff 

  0x000001ea0a3cb8f4: ;   {runtime_call counter_overflow Runtime1 stub}
  0x000001ea0a3cb8f4: e807 667f 

  0x000001ea0a3cb8f8: ; ImmutableOopMap {r8=Oop rbx=Oop rax=Oop [184]=Oop }
                      ;*synchronization entry
                      ; - com.dokar.quickjs.QuickJs$awaitAsyncJobs$1::<init>@-1
                      ; - com.dokar.quickjs.QuickJs::awaitAsyncJobs@47
  0x000001ea0a3cb8f8: 05e9 33d8 | ffff 8b50 | 2848 c1e2 | 0348 83fa | 000f 842f | d8ff ff48 

  0x000001ea0a3cb910: ;   {runtime_call g1_pre_barrier_slow}
  0x000001ea0a3cb910: 8914 24e8 | e86b 7f05 | e921 d8ff | ff48 83fb | 000f 8436 | d8ff ff48 

  0x000001ea0a3cb928: ;   {runtime_call g1_post_barrier_slow}
  0x000001ea0a3cb928: 8904 24e8 | d06e 7f05 | e928 d8ff 

  0x000001ea0a3cb934: ;   {metadata({method} {0x000001ea61626050} '<init>' '(Lkotlin/coroutines/Continuation;)V' in 'kotlin/coroutines/jvm/internal/ContinuationImpl')}
  0x000001ea0a3cb934: ff49 ba48 | 6062 61ea | 0100 004c | 8954 2408 | 48c7 0424 | ffff ffff 

  0x000001ea0a3cb94c: ;   {runtime_call counter_overflow Runtime1 stub}
  0x000001ea0a3cb94c: e8af 657f 

  0x000001ea0a3cb950: ; ImmutableOopMap {r8=Oop rbx=Oop rax=Oop [184]=Oop }
                      ;*synchronization entry
                      ; - kotlin.coroutines.jvm.internal.ContinuationImpl::<init>@-1 (line 103)
                      ; - com.dokar.quickjs.QuickJs$awaitAsyncJobs$1::<init>@7
                      ; - com.dokar.quickjs.QuickJs::awaitAsyncJobs@47
  0x000001ea0a3cb950: 05e9 43d8 

  0x000001ea0a3cb954: ;   {runtime_call throw_null_pointer_exception Runtime1 stub}
  0x000001ea0a3cb954: ffff e8a5 

  0x000001ea0a3cb958: ; ImmutableOopMap {r8=Oop [168]=Oop [184]=Oop }
                      ;*invokeinterface getContext {reexecute=0 rethrow=0 return_oop=0}
                      ; - kotlin.coroutines.jvm.internal.ContinuationImpl::<init>@7 (line 103)
                      ; - com.dokar.quickjs.QuickJs$awaitAsyncJobs$1::<init>@7
                      ; - com.dokar.quickjs.QuickJs::awaitAsyncJobs@47
                      ;   {metadata({method} {0x000001ea61625f88} '<init>' '(Lkotlin/coroutines/Continuation;Lkotlin/coroutines/CoroutineContext;)V' in 'kotlin/coroutines/jvm/internal/ContinuationImpl')}
  0x000001ea0a3cb958: 037f 0549 | ba80 5f62 | 61ea 0100 | 004c 8954 | 2408 48c7 | 0424 ffff 

  0x000001ea0a3cb970: ;   {runtime_call counter_overflow Runtime1 stub}
  0x000001ea0a3cb970: ffff e889 

  0x000001ea0a3cb974: ; ImmutableOopMap {rax=Oop r8=Oop rdx=Oop [184]=Oop }
                      ;*synchronization entry
                      ; - kotlin.coroutines.jvm.internal.ContinuationImpl::<init>@-1 (line 97)
                      ; - kotlin.coroutines.jvm.internal.ContinuationImpl::<init>@17 (line 103)
                      ; - com.dokar.quickjs.QuickJs$awaitAsyncJobs$1::<init>@7
                      ; - com.dokar.quickjs.QuickJs::awaitAsyncJobs@47
  0x000001ea0a3cb974: 657f 05e9 | 84d9 ffff 

  0x000001ea0a3cb97c: ;   {metadata({method} {0x000001ea61627380} '<init>' '(Lkotlin/coroutines/Continuation;)V' in 'kotlin/coroutines/jvm/internal/BaseContinuationImpl')}
  0x000001ea0a3cb97c: 49ba 7873 | 6261 ea01 | 0000 4c89 | 5424 0848 | c704 24ff 

  0x000001ea0a3cb990: ;   {runtime_call counter_overflow Runtime1 stub}
  0x000001ea0a3cb990: ffff ffe8 

  0x000001ea0a3cb994: ; ImmutableOopMap {rax=Oop r8=Oop rdx=Oop [184]=Oop }
                      ;*synchronization entry
                      ; - kotlin.coroutines.jvm.internal.BaseContinuationImpl::<init>@-1 (line 14)
                      ; - kotlin.coroutines.jvm.internal.ContinuationImpl::<init>@2 (line 97)
                      ; - kotlin.coroutines.jvm.internal.ContinuationImpl::<init>@17 (line 103)
                      ; - com.dokar.quickjs.QuickJs$awaitAsyncJobs$1::<init>@7
                      ; - com.dokar.quickjs.QuickJs::awaitAsyncJobs@47
  0x000001ea0a3cb994: 6865 7f05 | e99f d9ff 

  0x000001ea0a3cb99c: ;   {metadata({method} {0x000001ea20474990} '<init>' '()V' in 'java/lang/Object')}
  0x000001ea0a3cb99c: ff49 ba88 | 4947 20ea | 0100 004c | 8954 2408 | 48c7 0424 | ffff ffff 

  0x000001ea0a3cb9b4: ;   {runtime_call counter_overflow Runtime1 stub}
  0x000001ea0a3cb9b4: e847 657f 

  0x000001ea0a3cb9b8: ; ImmutableOopMap {rax=Oop r8=Oop rdx=Oop [184]=Oop }
                      ;*synchronization entry
                      ; - java.lang.Object::<init>@-1 (line 45)
                      ; - kotlin.coroutines.jvm.internal.BaseContinuationImpl::<init>@1 (line 14)
                      ; - kotlin.coroutines.jvm.internal.ContinuationImpl::<init>@2 (line 97)
                      ; - kotlin.coroutines.jvm.internal.ContinuationImpl::<init>@17 (line 103)
                      ; - com.dokar.quickjs.QuickJs$awaitAsyncJobs$1::<init>@7
                      ; - com.dokar.quickjs.QuickJs::awaitAsyncJobs@47
  0x000001ea0a3cb9b8: 05e9 bad9 | ffff 418b | 700c 48c1 | e603 4883 | fe00 0f84 | b5d9 ffff | 4889 3424 

  0x000001ea0a3cb9d4: ;   {runtime_call g1_pre_barrier_slow}
  0x000001ea0a3cb9d4: e827 6b7f | 05e9 a7d9 | ffff 4883 | fa00 0f84 | bcd9 ffff | 4c89 0424 

  0x000001ea0a3cb9ec: ;   {runtime_call g1_post_barrier_slow}
  0x000001ea0a3cb9ec: e80f 6e7f | 05e9 aed9 | ffff 418b | 5010 48c1 | e203 4883 | fa00 0f84 | a9d9 ffff | 4889 1424 
  0x000001ea0a3cba0c: ;   {runtime_call g1_pre_barrier_slow}
  0x000001ea0a3cba0c: e8ef 6a7f | 05e9 9bd9 | ffff 4883 | f800 0f84 | b0d9 ffff | 4c89 0424 

  0x000001ea0a3cba24: ;   {runtime_call g1_post_barrier_slow}
  0x000001ea0a3cba24: e8d7 6d7f | 05e9 a2d9 

  0x000001ea0a3cba2c: ;   {runtime_call throw_null_pointer_exception Runtime1 stub}
  0x000001ea0a3cba2c: ffff e8cd 

  0x000001ea0a3cba30: ; ImmutableOopMap {rax=Oop [184]=Oop }
                      ;*getfield result {reexecute=1 rethrow=0 return_oop=0}
                      ; - (reexecute) com.dokar.quickjs.QuickJs::awaitAsyncJobs@54
                      ;   {metadata({method} {0x000001ea6164d550} 'getCOROUTINE_SUSPENDED' '()Ljava/lang/Object;' in 'kotlin/coroutines/intrinsics/IntrinsicsKt__IntrinsicsKt')}
  0x000001ea0a3cba30: 027f 0549 | ba48 d564 | 61ea 0100 | 004c 8954 | 2408 48c7 | 0424 ffff 

  0x000001ea0a3cba48: ;   {runtime_call counter_overflow Runtime1 stub}
  0x000001ea0a3cba48: ffff e8b1 

  0x000001ea0a3cba4c: ; ImmutableOopMap {rax=Oop rsi=Oop [184]=Oop }
                      ;*synchronization entry
                      ; - kotlin.coroutines.intrinsics.IntrinsicsKt__IntrinsicsKt::getCOROUTINE_SUSPENDED@-1 (line 57)
                      ; - com.dokar.quickjs.QuickJs::awaitAsyncJobs@59
  0x000001ea0a3cba4c: 647f 05e9 | e3d9 ffff | 4c89 0424 

  0x000001ea0a3cba58: ;   {runtime_call throw_class_cast_exception Runtime1 stub}
  0x000001ea0a3cba58: e8a3 2a7f 

  0x000001ea0a3cba5c: ; ImmutableOopMap {rax=Oop rsi=Oop [184]=Oop }
                      ;*checkcast {reexecute=0 rethrow=0 return_oop=0}
                      ; - com.dokar.quickjs.QuickJs::awaitAsyncJobs@497 (line 370)
                      ;   {metadata({method} {0x000001ea61670f40} 'throwOnFailure' '(Ljava/lang/Object;)V' in 'kotlin/ResultKt')}
  0x000001ea0a3cba5c: 0549 ba38 | 0f67 61ea | 0100 004c | 8954 2408 | 48c7 0424 | ffff ffff 

  0x000001ea0a3cba74: ;   {runtime_call counter_overflow Runtime1 stub}
  0x000001ea0a3cba74: e887 647f 

  0x000001ea0a3cba78: ; ImmutableOopMap {rax=Oop rsi=Oop [184]=Oop }
                      ;*synchronization entry
                      ; - kotlin.ResultKt::throwOnFailure@-1 (line 132)
                      ; - com.dokar.quickjs.QuickJs::awaitAsyncJobs@503 (line 370)
  0x000001ea0a3cba78: 05e9 95db 

  0x000001ea0a3cba7c: ;   {metadata({method} {0x000001ead8849978} 'awaitAsyncJobs' '(Lkotlin/coroutines/Continuation;)Ljava/lang/Object;' in 'com/dokar/quickjs/QuickJs')}
  0x000001ea0a3cba7c: ffff 49ba | 7099 84d8 | ea01 0000 | 4c89 5424 | 0848 c704 | 24fd 0100 

  0x000001ea0a3cba94: ;   {runtime_call counter_overflow Runtime1 stub}
  0x000001ea0a3cba94: 00e8 6664 

  0x000001ea0a3cba98: ; ImmutableOopMap {rax=Oop rdx=Oop rdi=Oop }
                      ;*goto {reexecute=1 rethrow=0 return_oop=0}
                      ; - (reexecute) com.dokar.quickjs.QuickJs::awaitAsyncJobs@509 (line 385)
  0x000001ea0a3cba98: 7f05 e9d2 | dcff ff4c 

  0x000001ea0a3cbaa0: ;   {runtime_call throw_class_cast_exception Runtime1 stub}
  0x000001ea0a3cbaa0: 8904 24e8 

  0x000001ea0a3cbaa4: ; ImmutableOopMap {rax=Oop rsi=Oop [184]=Oop }
                      ;*checkcast {reexecute=0 rethrow=0 return_oop=0}
                      ; - com.dokar.quickjs.QuickJs::awaitAsyncJobs@302 (line 370)
  0x000001ea0a3cbaa4: 582a 7f05 

  0x000001ea0a3cbaa8: ;   {metadata({method} {0x000001ea61670f40} 'throwOnFailure' '(Ljava/lang/Object;)V' in 'kotlin/ResultKt')}
  0x000001ea0a3cbaa8: 49ba 380f | 6761 ea01 | 0000 4c89 | 5424 0848 | c704 24ff 

  0x000001ea0a3cbabc: ;   {runtime_call counter_overflow Runtime1 stub}
  0x000001ea0a3cbabc: ffff ffe8 

  0x000001ea0a3cbac0: ; ImmutableOopMap {rax=Oop rsi=Oop rdi=Oop [184]=Oop }
                      ;*synchronization entry
                      ; - kotlin.ResultKt::throwOnFailure@-1 (line 132)
                      ; - com.dokar.quickjs.QuickJs::awaitAsyncJobs@308 (line 370)
  0x000001ea0a3cbac0: 3c64 7f05 | e916 deff | ff4c 8904 

  0x000001ea0a3cbacc: ;   {runtime_call throw_class_cast_exception Runtime1 stub}
  0x000001ea0a3cbacc: 24e8 2e2a 

  0x000001ea0a3cbad0: ; ImmutableOopMap {rax=Oop rsi=Oop [184]=Oop }
                      ;*checkcast {reexecute=0 rethrow=0 return_oop=0}
                      ; - com.dokar.quickjs.QuickJs::awaitAsyncJobs@166 (line 370)
                      ;   {metadata({method} {0x000001ea61670f40} 'throwOnFailure' '(Ljava/lang/Object;)V' in 'kotlin/ResultKt')}
  0x000001ea0a3cbad0: 7f05 49ba | 380f 6761 | ea01 0000 | 4c89 5424 | 0848 c704 | 24ff ffff 

  0x000001ea0a3cbae8: ;   {runtime_call counter_overflow Runtime1 stub}
  0x000001ea0a3cbae8: ffe8 1264 

  0x000001ea0a3cbaec: ; ImmutableOopMap {rax=Oop rsi=Oop rdi=Oop [184]=Oop }
                      ;*synchronization entry
                      ; - kotlin.ResultKt::throwOnFailure@-1 (line 132)
                      ; - com.dokar.quickjs.QuickJs::awaitAsyncJobs@172 (line 370)
  0x000001ea0a3cbaec: 7f05 e97d 

  0x000001ea0a3cbaf0: ;   {metadata({method} {0x000001ea61670f40} 'throwOnFailure' '(Ljava/lang/Object;)V' in 'kotlin/ResultKt')}
  0x000001ea0a3cbaf0: e0ff ff49 | ba38 0f67 | 61ea 0100 | 004c 8954 | 2408 48c7 | 0424 ffff 

  0x000001ea0a3cbb08: ;   {runtime_call counter_overflow Runtime1 stub}
  0x000001ea0a3cbb08: ffff e8f1 

  0x000001ea0a3cbb0c: ; ImmutableOopMap {rax=Oop rsi=Oop [184]=Oop }
                      ;*synchronization entry
                      ; - kotlin.ResultKt::throwOnFailure@-1 (line 132)
                      ; - com.dokar.quickjs.QuickJs::awaitAsyncJobs@102 (line 370)
  0x000001ea0a3cbb0c: 637f 05e9 | d0e1 ffff | 448b 4020 | 49c1 e003 | 4983 f800 | 0f84 fde2 | ffff 4c89 

  0x000001ea0a3cbb28: ;   {runtime_call g1_pre_barrier_slow}
  0x000001ea0a3cbb28: 0424 e8d1 | 697f 05e9 | efe2 ffff | 4883 fe00 | 0f84 04e3 | ffff 4889 

  0x000001ea0a3cbb40: ;   {runtime_call g1_post_barrier_slow}
  0x000001ea0a3cbb40: 0424 e8b9 | 6c7f 05e9 | f6e2 ffff 

  0x000001ea0a3cbb4c: ;   {runtime_call throw_incompatible_class_change_error Runtime1 stub}
  0x000001ea0a3cbb4c: e8af 2c7f 

  0x000001ea0a3cbb50: ; ImmutableOopMap {rax=Oop rdx=Oop rsi=Oop [184]=Oop }
                      ;*invokeinterface lock {reexecute=0 rethrow=0 return_oop=0}
                      ; - com.dokar.quickjs.QuickJs::awaitAsyncJobs@138 (line 745)
                      ;   {runtime_call throw_null_pointer_exception Runtime1 stub}
  0x000001ea0a3cbb50: 05e8 aa01 

  0x000001ea0a3cbb54: ; ImmutableOopMap {rax=Oop rdx=Oop rsi=Oop [184]=Oop }
                      ;*invokeinterface lock {reexecute=0 rethrow=0 return_oop=0}
                      ; - com.dokar.quickjs.QuickJs::awaitAsyncJobs@138 (line 745)
                      ;   {metadata({method} {0x000001ea622fff48} 'lock' '(Ljava/lang/Object;Lkotlin/coroutines/Continuation;)Ljava/lang/Object;' in 'kotlinx/coroutines/sync/MutexImpl')}
  0x000001ea0a3cbb54: 7f05 49ba | 40ff 2f62 | ea01 0000 | 4c89 5424 | 0848 c704 | 24ff ffff 

  0x000001ea0a3cbb6c: ;   {runtime_call counter_overflow Runtime1 stub}
  0x000001ea0a3cbb6c: ffe8 8e63 

  0x000001ea0a3cbb70: ; ImmutableOopMap {rax=Oop rdx=Oop rsi=Oop [184]=Oop }
                      ;*synchronization entry
                      ; - kotlinx.coroutines.sync.MutexImpl::lock@-1
                      ; - com.dokar.quickjs.QuickJs::awaitAsyncJobs@138 (line 745)
  0x000001ea0a3cbb70: 7f05 e960 

  0x000001ea0a3cbb74: ;   {metadata({method} {0x000001ea622fffa0} 'lock$suspendImpl' '(Lkotlinx/coroutines/sync/MutexImpl;Ljava/lang/Object;Lkotlin/coroutines/Continuation;)Ljava/lang/Object;' in 'kotlinx/coroutines/sync/MutexImpl')}
  0x000001ea0a3cbb74: e3ff ff49 | ba98 ff2f | 62ea 0100 | 004c 8954 | 2408 48c7 | 0424 ffff 

  0x000001ea0a3cbb8c: ;   {runtime_call counter_overflow Runtime1 stub}
  0x000001ea0a3cbb8c: ffff e86d 

  0x000001ea0a3cbb90: ; ImmutableOopMap {rax=Oop rdx=Oop rsi=Oop [184]=Oop }
                      ;*synchronization entry
                      ; - kotlinx.coroutines.sync.MutexImpl::lock$suspendImpl@-1 (line 167)
                      ; - kotlinx.coroutines.sync.MutexImpl::lock@3
                      ; - com.dokar.quickjs.QuickJs::awaitAsyncJobs@138 (line 745)
  0x000001ea0a3cbb90: 637f 05e9 | 7ae3 ffff 

  0x000001ea0a3cbb98: ;   {metadata({method} {0x000001ea6164d550} 'getCOROUTINE_SUSPENDED' '()Ljava/lang/Object;' in 'kotlin/coroutines/intrinsics/IntrinsicsKt__IntrinsicsKt')}
  0x000001ea0a3cbb98: 49ba 48d5 | 6461 ea01 | 0000 4c89 | 5424 0848 | c704 24ff 

  0x000001ea0a3cbbac: ;   {runtime_call counter_overflow Runtime1 stub}
  0x000001ea0a3cbbac: ffff ffe8 

  0x000001ea0a3cbbb0: ; ImmutableOopMap {rax=Oop [184]=Oop [192]=Oop [200]=Oop }
                      ;*synchronization entry
                      ; - kotlin.coroutines.intrinsics.IntrinsicsKt__IntrinsicsKt::getCOROUTINE_SUSPENDED@-1 (line 57)
                      ; - kotlinx.coroutines.sync.MutexImpl::lock$suspendImpl@19 (line 168)
                      ; - kotlinx.coroutines.sync.MutexImpl::lock@3
                      ; - com.dokar.quickjs.QuickJs::awaitAsyncJobs@138 (line 745)
  0x000001ea0a3cbbb0: 4c63 7f05 | e959 e4ff 

  0x000001ea0a3cbbb8: ;   {metadata({method} {0x000001ead8849978} 'awaitAsyncJobs' '(Lkotlin/coroutines/Continuation;)Ljava/lang/Object;' in 'com/dokar/quickjs/QuickJs')}
  0x000001ea0a3cbbb8: ff49 ba70 | 9984 d8ea | 0100 004c | 8954 2408 | 48c7 0424 | cd00 0000 

  0x000001ea0a3cbbd0: ;   {runtime_call counter_overflow Runtime1 stub}
  0x000001ea0a3cbbd0: e82b 637f 

  0x000001ea0a3cbbd4: ; ImmutableOopMap {[184]=Oop [200]=Oop [208]=Oop [216]=Oop }
                      ;*ifne {reexecute=1 rethrow=0 return_oop=0}
                      ; - (reexecute) com.dokar.quickjs.QuickJs::awaitAsyncJobs@205 (line 377)
  0x000001ea0a3cbbd4: 05e9 a3e5 

  0x000001ea0a3cbbd8: ;   {runtime_call throw_incompatible_class_change_error Runtime1 stub}
  0x000001ea0a3cbbd8: ffff e821 

  0x000001ea0a3cbbdc: ; ImmutableOopMap {rdi=Oop [184]=Oop [200]=Oop [216]=Oop }
                      ;*invokeinterface unlock {reexecute=0 rethrow=0 return_oop=0}
                      ; - com.dokar.quickjs.QuickJs::awaitAsyncJobs@216 (line 749)
                      ;   {runtime_call throw_null_pointer_exception Runtime1 stub}
  0x000001ea0a3cbbdc: 2c7f 05e8 

  0x000001ea0a3cbbe0: ; ImmutableOopMap {rdi=Oop [184]=Oop [200]=Oop [216]=Oop }
                      ;*invokeinterface unlock {reexecute=0 rethrow=0 return_oop=0}
                      ; - com.dokar.quickjs.QuickJs::awaitAsyncJobs@216 (line 749)
  0x000001ea0a3cbbe0: 1c01 7f05 

  0x000001ea0a3cbbe4: ;   {runtime_call throw_null_pointer_exception Runtime1 stub}
  0x000001ea0a3cbbe4: e817 017f 

  0x000001ea0a3cbbe8: ; ImmutableOopMap {rax=Oop rdx=Oop [240]=Oop }
                      ;*getfield jobsMutex {reexecute=1 rethrow=0 return_oop=0}
                      ; - (reexecute) com.dokar.quickjs.QuickJs::awaitAsyncJobs@239 (line 380)
  0x000001ea0a3cbbe8: 0544 8b40 | 2049 c1e0 | 0349 83f8 | 000f 8481 | e6ff ff4c 

  0x000001ea0a3cbbfc: ;   {runtime_call g1_pre_barrier_slow}
  0x000001ea0a3cbbfc: 8904 24e8 | fc68 7f05 | e973 e6ff 

  0x000001ea0a3cbc08: ;   {runtime_call throw_null_pointer_exception Runtime1 stub}
  0x000001ea0a3cbc08: ffe8 f200 

  0x000001ea0a3cbc0c: ; ImmutableOopMap {rax=Oop rdx=Oop rsi=Oop [240]=Oop }
                      ;*putfield L$0 {reexecute=1 rethrow=0 return_oop=0}
                      ; - (reexecute) com.dokar.quickjs.QuickJs::awaitAsyncJobs@257 (line 756)
  0x000001ea0a3cbc0c: 7f05 4883 | fe00 0f84 | 83e6 ffff | 4889 0424 

  0x000001ea0a3cbc1c: ;   {runtime_call g1_post_barrier_slow}
  0x000001ea0a3cbc1c: e8df 6b7f | 05e9 75e6 

  0x000001ea0a3cbc24: ;   {runtime_call throw_incompatible_class_change_error Runtime1 stub}
  0x000001ea0a3cbc24: ffff e8d5 

  0x000001ea0a3cbc28: ; ImmutableOopMap {rax=Oop rdx=Oop rsi=Oop [240]=Oop }
                      ;*invokeinterface lock {reexecute=0 rethrow=0 return_oop=0}
                      ; - com.dokar.quickjs.QuickJs::awaitAsyncJobs@273 (line 756)
                      ;   {runtime_call throw_null_pointer_exception Runtime1 stub}
  0x000001ea0a3cbc28: 2b7f 05e8 

  0x000001ea0a3cbc2c: ; ImmutableOopMap {rax=Oop rdx=Oop rsi=Oop [240]=Oop }
                      ;*invokeinterface lock {reexecute=0 rethrow=0 return_oop=0}
                      ; - com.dokar.quickjs.QuickJs::awaitAsyncJobs@273 (line 756)
  0x000001ea0a3cbc2c: d000 7f05 

  0x000001ea0a3cbc30: ;   {metadata({method} {0x000001ea622fff48} 'lock' '(Ljava/lang/Object;Lkotlin/coroutines/Continuation;)Ljava/lang/Object;' in 'kotlinx/coroutines/sync/MutexImpl')}
  0x000001ea0a3cbc30: 49ba 40ff | 2f62 ea01 | 0000 4c89 | 5424 0848 | c704 24ff 

  0x000001ea0a3cbc44: ;   {runtime_call counter_overflow Runtime1 stub}
  0x000001ea0a3cbc44: ffff ffe8 

  0x000001ea0a3cbc48: ; ImmutableOopMap {rax=Oop rdx=Oop rsi=Oop [240]=Oop }
                      ;*synchronization entry
                      ; - kotlinx.coroutines.sync.MutexImpl::lock@-1
                      ; - com.dokar.quickjs.QuickJs::awaitAsyncJobs@273 (line 756)
  0x000001ea0a3cbc48: b462 7f05 | e9df e6ff 

  0x000001ea0a3cbc50: ;   {metadata({method} {0x000001ea622fffa0} 'lock$suspendImpl' '(Lkotlinx/coroutines/sync/MutexImpl;Ljava/lang/Object;Lkotlin/coroutines/Continuation;)Ljava/lang/Object;' in 'kotlinx/coroutines/sync/MutexImpl')}
  0x000001ea0a3cbc50: ff49 ba98 | ff2f 62ea | 0100 004c | 8954 2408 | 48c7 0424 | ffff ffff 

  0x000001ea0a3cbc68: ;   {runtime_call counter_overflow Runtime1 stub}
  0x000001ea0a3cbc68: e893 627f 

  0x000001ea0a3cbc6c: ; ImmutableOopMap {rax=Oop rdx=Oop rsi=Oop [240]=Oop }
                      ;*synchronization entry
                      ; - kotlinx.coroutines.sync.MutexImpl::lock$suspendImpl@-1 (line 167)
                      ; - kotlinx.coroutines.sync.MutexImpl::lock@3
                      ; - com.dokar.quickjs.QuickJs::awaitAsyncJobs@273 (line 756)
  0x000001ea0a3cbc6c: 05e9 f9e6 

  0x000001ea0a3cbc70: ;   {metadata({method} {0x000001ea6164d550} 'getCOROUTINE_SUSPENDED' '()Ljava/lang/Object;' in 'kotlin/coroutines/intrinsics/IntrinsicsKt__IntrinsicsKt')}
  0x000001ea0a3cbc70: ffff 49ba | 48d5 6461 | ea01 0000 | 4c89 5424 | 0848 c704 | 24ff ffff 

  0x000001ea0a3cbc88: ;   {runtime_call counter_overflow Runtime1 stub}
  0x000001ea0a3cbc88: ffe8 7262 

  0x000001ea0a3cbc8c: ; ImmutableOopMap {rax=Oop [224]=Oop [232]=Oop [240]=Oop [248]=Oop }
                      ;*synchronization entry
                      ; - kotlin.coroutines.intrinsics.IntrinsicsKt__IntrinsicsKt::getCOROUTINE_SUSPENDED@-1 (line 57)
                      ; - kotlinx.coroutines.sync.MutexImpl::lock$suspendImpl@19 (line 168)
                      ; - kotlinx.coroutines.sync.MutexImpl::lock@3
                      ; - com.dokar.quickjs.QuickJs::awaitAsyncJobs@273 (line 756)
  0x000001ea0a3cbc8c: 7f05 e9da 

  0x000001ea0a3cbc90: ;   {runtime_call throw_null_pointer_exception Runtime1 stub}
  0x000001ea0a3cbc90: e7ff ffe8 

  0x000001ea0a3cbc94: ; ImmutableOopMap {rdx=Oop [264]=Oop [272]=Oop [280]=Oop [288]=Oop }
                      ;*getfield asyncJobs {reexecute=1 rethrow=0 return_oop=0}
                      ; - (reexecute) com.dokar.quickjs.QuickJs::awaitAsyncJobs@319 (line 380)
  0x000001ea0a3cbc94: 6800 7f05 | 4889 3424 

  0x000001ea0a3cbc9c: ;   {runtime_call throw_class_cast_exception Runtime1 stub}
  0x000001ea0a3cbc9c: e85f 287f 

  0x000001ea0a3cbca0: ; ImmutableOopMap {rdx=Oop [264]=Oop [272]=Oop [280]=Oop [288]=Oop }
                      ;*checkcast {reexecute=0 rethrow=0 return_oop=0}
                      ; - com.dokar.quickjs.QuickJs::awaitAsyncJobs@322 (line 380)
  0x000001ea0a3cbca0: 0548 8bd2 

  0x000001ea0a3cbca4: ;   {runtime_call fast_new_instance Runtime1 stub}
  0x000001ea0a3cbca4: e857 097f 

  0x000001ea0a3cbca8: ; ImmutableOopMap {r9=Oop [264]=Oop [272]=Oop [280]=Oop [288]=Oop [296]=Oop }
                      ;*new {reexecute=0 rethrow=0 return_oop=0}
                      ; - com.dokar.quickjs.QuickJs::awaitAsyncJobs@334 (line 759)
  0x000001ea0a3cbca8: 05e9 f2e9 

  0x000001ea0a3cbcac: ;   {metadata({method} {0x000001ea200bb028} '<init>' '()V' in 'java/util/ArrayList')}
  0x000001ea0a3cbcac: ffff 49ba | 20b0 0b20 | ea01 0000 | 4c89 5424 | 0848 c704 | 24ff ffff 

  0x000001ea0a3cbcc4: ;   {runtime_call counter_overflow Runtime1 stub}
  0x000001ea0a3cbcc4: ffe8 3662 

  0x000001ea0a3cbcc8: ; ImmutableOopMap {r9=Oop rax=Oop [256]=Oop [264]=Oop [272]=Oop [280]=Oop [288]=Oop [296]=Oop }
                      ;*synchronization entry
                      ; - java.util.ArrayList::<init>@-1 (line 168)
                      ; - com.dokar.quickjs.QuickJs::awaitAsyncJobs@338 (line 759)
  0x000001ea0a3cbcc8: 7f05 e915 

  0x000001ea0a3cbccc: ;   {metadata({method} {0x000001ea200594e0} '<init>' '()V' in 'java/util/AbstractList')}
  0x000001ea0a3cbccc: eaff ff49 | bad8 9405 | 20ea 0100 | 004c 8954 | 2408 48c7 | 0424 ffff 

  0x000001ea0a3cbce4: ;   {runtime_call counter_overflow Runtime1 stub}
  0x000001ea0a3cbce4: ffff e815 

  0x000001ea0a3cbce8: ; ImmutableOopMap {r9=Oop rax=Oop [256]=Oop [264]=Oop [272]=Oop [280]=Oop [288]=Oop [296]=Oop }
                      ;*synchronization entry
                      ; - java.util.AbstractList::<init>@-1 (line 80)
                      ; - java.util.ArrayList::<init>@1 (line 168)
                      ; - com.dokar.quickjs.QuickJs::awaitAsyncJobs@338 (line 759)
  0x000001ea0a3cbce8: 627f 05e9 | 30ea ffff 

  0x000001ea0a3cbcf0: ;   {metadata({method} {0x000001ea20058890} '<init>' '()V' in 'java/util/AbstractCollection')}
  0x000001ea0a3cbcf0: 49ba 8888 | 0520 ea01 | 0000 4c89 | 5424 0848 | c704 24ff 

  0x000001ea0a3cbd04: ;   {runtime_call counter_overflow Runtime1 stub}
  0x000001ea0a3cbd04: ffff ffe8 

  0x000001ea0a3cbd08: ; ImmutableOopMap {r9=Oop rax=Oop [256]=Oop [264]=Oop [272]=Oop [280]=Oop [288]=Oop [296]=Oop }
                      ;*synchronization entry
                      ; - java.util.AbstractCollection::<init>@-1 (line 70)
                      ; - java.util.AbstractList::<init>@1 (line 80)
                      ; - java.util.ArrayList::<init>@1 (line 168)
                      ; - com.dokar.quickjs.QuickJs::awaitAsyncJobs@338 (line 759)
  0x000001ea0a3cbd08: f461 7f05 | e94b eaff 

  0x000001ea0a3cbd10: ;   {metadata({method} {0x000001ea20474990} '<init>' '()V' in 'java/lang/Object')}
  0x000001ea0a3cbd10: ff49 ba88 | 4947 20ea | 0100 004c | 8954 2408 | 48c7 0424 | ffff ffff 

  0x000001ea0a3cbd28: ;   {runtime_call counter_overflow Runtime1 stub}
  0x000001ea0a3cbd28: e8d3 617f 

  0x000001ea0a3cbd2c: ; ImmutableOopMap {r9=Oop rax=Oop [256]=Oop [264]=Oop [272]=Oop [280]=Oop [288]=Oop [296]=Oop }
                      ;*synchronization entry
                      ; - java.lang.Object::<init>@-1 (line 45)
                      ; - java.util.AbstractCollection::<init>@1 (line 70)
                      ; - java.util.AbstractList::<init>@1 (line 80)
                      ; - java.util.ArrayList::<init>@1 (line 168)
                      ; - com.dokar.quickjs.QuickJs::awaitAsyncJobs@338 (line 759)
  0x000001ea0a3cbd2c: 05e9 66ea | ffff 8b50 | 1448 c1e2 | 0348 83fa | 000f 8462 | eaff ff48 

  0x000001ea0a3cbd44: ;   {runtime_call g1_pre_barrier_slow}
  0x000001ea0a3cbd44: 8914 24e8 | b467 7f05 | e954 eaff | ff48 83fa | 000f 847a | eaff ff48 

  0x000001ea0a3cbd5c: ;   {runtime_call g1_post_barrier_slow}
  0x000001ea0a3cbd5c: 8904 24e8 | 9c6a 7f05 | e96c eaff 

  0x000001ea0a3cbd68: ;   {runtime_call throw_null_pointer_exception Runtime1 stub}
  0x000001ea0a3cbd68: ffe8 92ff 

  0x000001ea0a3cbd6c: ; ImmutableOopMap {r9=Oop rax=Oop [256]=Oop [264]=Oop [272]=Oop [280]=Oop [288]=Oop [296]=Oop }
                      ;*invokeinterface iterator {reexecute=0 rethrow=0 return_oop=0}
                      ; - com.dokar.quickjs.QuickJs::awaitAsyncJobs@351 (line 760)
  0x000001ea0a3cbd6c: 7e05 4889 

  0x000001ea0a3cbd70: ;   {runtime_call throw_class_cast_exception Runtime1 stub}
  0x000001ea0a3cbd70: 0424 e889 

  0x000001ea0a3cbd74: ; ImmutableOopMap {rax=Oop [256]=Oop [264]=Oop [272]=Oop [280]=Oop [288]=Oop [296]=Oop [304]=Oop }
                      ;*checkcast {reexecute=0 rethrow=0 return_oop=0}
                      ; - com.dokar.quickjs.QuickJs::awaitAsyncJobs@379 (line 760)
                      ;   {runtime_call throw_null_pointer_exception Runtime1 stub}
  0x000001ea0a3cbd74: 277f 05e8 

  0x000001ea0a3cbd78: ; ImmutableOopMap {rax=Oop rdx=Oop [256]=Oop [264]=Oop [272]=Oop [280]=Oop [288]=Oop [296]=Oop [304]=Oop }
                      ;*invokeinterface isActive {reexecute=0 rethrow=0 return_oop=0}
                      ; - com.dokar.quickjs.QuickJs::awaitAsyncJobs@389 (line 380)
  0x000001ea0a3cbd78: 84ff 7e05 

  0x000001ea0a3cbd7c: ;   {metadata({method} {0x000001ead8849978} 'awaitAsyncJobs' '(Lkotlin/coroutines/Continuation;)Ljava/lang/Object;' in 'com/dokar/quickjs/QuickJs')}
  0x000001ea0a3cbd7c: 49ba 7099 | 84d8 ea01 | 0000 4c89 | 5424 0848 | c704 248a 

  0x000001ea0a3cbd90: ;   {runtime_call counter_overflow Runtime1 stub}
  0x000001ea0a3cbd90: 0100 00e8 

  0x000001ea0a3cbd94: ; ImmutableOopMap {[256]=Oop [264]=Oop [272]=Oop [280]=Oop [288]=Oop [296]=Oop [304]=Oop [312]=Oop }
                      ;*ifeq {reexecute=1 rethrow=0 return_oop=0}
                      ; - (reexecute) com.dokar.quickjs.QuickJs::awaitAsyncJobs@394 (line 760)
  0x000001ea0a3cbd94: 6861 7f05 | e9c0 edff 

  0x000001ea0a3cbd9c: ;   {metadata({method} {0x000001ead8849978} 'awaitAsyncJobs' '(Lkotlin/coroutines/Continuation;)Ljava/lang/Object;' in 'com/dokar/quickjs/QuickJs')}
  0x000001ea0a3cbd9c: ff49 ba70 | 9984 d8ea | 0100 004c | 8954 2408 | 48c7 0424 | 9701 0000 

  0x000001ea0a3cbdb4: ;   {runtime_call counter_overflow Runtime1 stub}
  0x000001ea0a3cbdb4: e847 617f 

  0x000001ea0a3cbdb8: ; ImmutableOopMap {[256]=Oop [264]=Oop [272]=Oop [280]=Oop [288]=Oop [296]=Oop [304]=Oop }
                      ;*goto {reexecute=1 rethrow=0 return_oop=0}
                      ; - (reexecute) com.dokar.quickjs.QuickJs::awaitAsyncJobs@407 (line 760)
  0x000001ea0a3cbdb8: 05e9 d7ee 

  0x000001ea0a3cbdbc: ;   {runtime_call throw_null_pointer_exception Runtime1 stub}
  0x000001ea0a3cbdbc: ffff e83d 

  0x000001ea0a3cbdc0: ; ImmutableOopMap {rax=Oop [256]=Oop [264]=Oop [272]=Oop [280]=Oop [288]=Oop [296]=Oop [304]=Oop }
                      ;*invokeinterface hasNext {reexecute=0 rethrow=0 return_oop=0}
                      ; - com.dokar.quickjs.QuickJs::awaitAsyncJobs@360 (line 760)
  0x000001ea0a3cbdc0: ff7e 0548 

  0x000001ea0a3cbdc4: ;   {runtime_call throw_class_cast_exception Runtime1 stub}
  0x000001ea0a3cbdc4: 8904 24e8 

  0x000001ea0a3cbdc8: ; ImmutableOopMap {[264]=Oop [272]=Oop [280]=Oop [288]=Oop [296]=Oop }
                      ;*checkcast {reexecute=0 rethrow=0 return_oop=0}
                      ; - com.dokar.quickjs.QuickJs::awaitAsyncJobs@412 (line 761)
  0x000001ea0a3cbdc8: 3427 7f05 

  0x000001ea0a3cbdcc: ;   {runtime_call throw_incompatible_class_change_error Runtime1 stub}
  0x000001ea0a3cbdcc: e82f 2a7f 

  0x000001ea0a3cbdd0: ; ImmutableOopMap {rdi=Oop [272]=Oop [280]=Oop [288]=Oop [296]=Oop [320]=Oop }
                      ;*invokeinterface unlock {reexecute=0 rethrow=0 return_oop=0}
                      ; - com.dokar.quickjs.QuickJs::awaitAsyncJobs@422 (line 762)
                      ;   {runtime_call throw_null_pointer_exception Runtime1 stub}
  0x000001ea0a3cbdd0: 05e8 2aff 

  0x000001ea0a3cbdd4: ; ImmutableOopMap {rdi=Oop [272]=Oop [280]=Oop [288]=Oop [296]=Oop [320]=Oop }
                      ;*invokeinterface unlock {reexecute=0 rethrow=0 return_oop=0}
                      ; - com.dokar.quickjs.QuickJs::awaitAsyncJobs@422 (line 762)
                      ;   {runtime_call throw_null_pointer_exception Runtime1 stub}
  0x000001ea0a3cbdd4: 7e05 e825 

  0x000001ea0a3cbdd8: ; ImmutableOopMap {rsi=Oop [280]=Oop [288]=Oop [296]=Oop [320]=Oop }
                      ;*invokeinterface isEmpty {reexecute=0 rethrow=0 return_oop=0}
                      ; - com.dokar.quickjs.QuickJs::awaitAsyncJobs@448 (line 381)
  0x000001ea0a3cbdd8: ff7e 0548 

  0x000001ea0a3cbddc: ;   {runtime_call throw_class_cast_exception Runtime1 stub}
  0x000001ea0a3cbddc: 8934 24e8 

  0x000001ea0a3cbde0: ; ImmutableOopMap {rax=Oop [288]=Oop [296]=Oop }
                      ;*checkcast {reexecute=0 rethrow=0 return_oop=0}
                      ; - com.dokar.quickjs.QuickJs::awaitAsyncJobs@460 (line 385)
  0x000001ea0a3cbde0: 1c27 7f05 

  0x000001ea0a3cbde4: ;   {metadata({method} {0x000001ea61907a00} 'nullOutSpilledVariable' '(Ljava/lang/Object;)Ljava/lang/Object;' in 'kotlin/coroutines/jvm/internal/SpillingKt')}
  0x000001ea0a3cbde4: 49ba f879 | 9061 ea01 | 0000 4c89 | 5424 0848 | c704 24ff 

  0x000001ea0a3cbdf8: ;   {runtime_call counter_overflow Runtime1 stub}
  0x000001ea0a3cbdf8: ffff ffe8 

  0x000001ea0a3cbdfc: ; ImmutableOopMap {rax=Oop rdx=Oop [288]=Oop [296]=Oop }
                      ;*synchronization entry
                      ; - kotlin.coroutines.jvm.internal.SpillingKt::nullOutSpilledVariable@-1 (line 17)
                      ; - com.dokar.quickjs.QuickJs::awaitAsyncJobs@468 (line 385)
  0x000001ea0a3cbdfc: 0061 7f05 | e975 f3ff | ff44 8b40 | 2049 c1e0 | 0349 83f8 | 000f 8471 | f3ff ff4c 

  0x000001ea0a3cbe18: ;   {runtime_call g1_pre_barrier_slow}
  0x000001ea0a3cbe18: 8904 24e8 | e066 7f05 | e963 f3ff 

  0x000001ea0a3cbe24: ;   {runtime_call throw_null_pointer_exception Runtime1 stub}
  0x000001ea0a3cbe24: ffe8 d6fe 

  0x000001ea0a3cbe28: ; ImmutableOopMap {rax=Oop rdx=Oop [288]=Oop [296]=Oop }
                      ;*putfield L$0 {reexecute=1 rethrow=0 return_oop=0}
                      ; - (reexecute) com.dokar.quickjs.QuickJs::awaitAsyncJobs@471 (line 385)
                      ;   {internal_word}
  0x000001ea0a3cbe28: 7e05 49ba | 21b2 3c0a | ea01 0000 | 4d89 9768 

  0x000001ea0a3cbe38: ;   {runtime_call SafepointBlob}
  0x000001ea0a3cbe38: 0400 00e9 | 4096 7305 

  0x000001ea0a3cbe40: ;   {internal_word}
  0x000001ea0a3cbe40: 49ba 51b2 | 3c0a ea01 | 0000 4d89 | 9768 0400 

  0x000001ea0a3cbe50: ;   {runtime_call SafepointBlob}
  0x000001ea0a3cbe50: 00e9 2a96 

  0x000001ea0a3cbe54: ;   {internal_word}
  0x000001ea0a3cbe54: 7305 49ba | 6ab2 3c0a | ea01 0000 | 4d89 9768 

  0x000001ea0a3cbe64: ;   {runtime_call SafepointBlob}
  0x000001ea0a3cbe64: 0400 00e9 | 1496 7305 

  0x000001ea0a3cbe6c: ;   {internal_word}
  0x000001ea0a3cbe6c: 49ba 8ab2 | 3c0a ea01 | 0000 4d89 | 9768 0400 

  0x000001ea0a3cbe7c: ;   {runtime_call SafepointBlob}
  0x000001ea0a3cbe7c: 00e9 fe95 | 7305 4889 

  0x000001ea0a3cbe84: ;   {runtime_call throw_class_cast_exception Runtime1 stub}
  0x000001ea0a3cbe84: 3424 e875 

  0x000001ea0a3cbe88: ; ImmutableOopMap {[184]=Oop [200]=Oop }
                      ;*checkcast {reexecute=0 rethrow=0 return_oop=0}
                      ; - kotlin.ResultKt::throwOnFailure@8 (line 132)
                      ; - com.dokar.quickjs.QuickJs::awaitAsyncJobs@102 (line 370)
                      ;   {runtime_call throw_null_pointer_exception Runtime1 stub}
  0x000001ea0a3cbe88: 267f 05e8 

  0x000001ea0a3cbe8c: ; ImmutableOopMap {[184]=Oop [200]=Oop }
                      ;*getfield exception {reexecute=1 rethrow=0 return_oop=0}
                      ; - (reexecute) kotlin.ResultKt::throwOnFailure@11 (line 132)
                      ; - com.dokar.quickjs.QuickJs::awaitAsyncJobs@102 (line 370)
  0x000001ea0a3cbe8c: 70fe 7e05 

  0x000001ea0a3cbe90: ;   {runtime_call throw_null_pointer_exception Runtime1 stub}
  0x000001ea0a3cbe90: e86b fe7e 

  0x000001ea0a3cbe94: ; ImmutableOopMap {rax=Oop [184]=Oop [200]=Oop }
                      ;*athrow {reexecute=1 rethrow=0 return_oop=0}
                      ; - (reexecute) kotlin.ResultKt::throwOnFailure@14 (line 132)
                      ; - com.dokar.quickjs.QuickJs::awaitAsyncJobs@102 (line 370)
  0x000001ea0a3cbe94: 0548 8934 

  0x000001ea0a3cbe98: ;   {runtime_call throw_class_cast_exception Runtime1 stub}
  0x000001ea0a3cbe98: 24e8 6226 

  0x000001ea0a3cbe9c: ; ImmutableOopMap {rdi=Oop rsi=Oop [184]=Oop [200]=Oop }
                      ;*checkcast {reexecute=0 rethrow=0 return_oop=0}
                      ; - kotlin.ResultKt::throwOnFailure@8 (line 132)
                      ; - com.dokar.quickjs.QuickJs::awaitAsyncJobs@172 (line 370)
                      ;   {runtime_call throw_null_pointer_exception Runtime1 stub}
  0x000001ea0a3cbe9c: 7f05 e85d 

  0x000001ea0a3cbea0: ; ImmutableOopMap {rdi=Oop rsi=Oop [184]=Oop [200]=Oop }
                      ;*getfield exception {reexecute=1 rethrow=0 return_oop=0}
                      ; - (reexecute) kotlin.ResultKt::throwOnFailure@11 (line 132)
                      ; - com.dokar.quickjs.QuickJs::awaitAsyncJobs@172 (line 370)
                      ;   {runtime_call throw_null_pointer_exception Runtime1 stub}
  0x000001ea0a3cbea0: fe7e 05e8 

  0x000001ea0a3cbea4: ; ImmutableOopMap {rdi=Oop rsi=Oop rax=Oop [184]=Oop [200]=Oop }
                      ;*athrow {reexecute=1 rethrow=0 return_oop=0}
                      ; - (reexecute) kotlin.ResultKt::throwOnFailure@14 (line 132)
                      ; - com.dokar.quickjs.QuickJs::awaitAsyncJobs@172 (line 370)
  0x000001ea0a3cbea4: 58fe 7e05 | 4889 3424 

  0x000001ea0a3cbeac: ;   {runtime_call throw_class_cast_exception Runtime1 stub}
  0x000001ea0a3cbeac: e84f 267f 

  0x000001ea0a3cbeb0: ; ImmutableOopMap {rdi=Oop rsi=Oop [184]=Oop [200]=Oop }
                      ;*checkcast {reexecute=0 rethrow=0 return_oop=0}
                      ; - kotlin.ResultKt::throwOnFailure@8 (line 132)
                      ; - com.dokar.quickjs.QuickJs::awaitAsyncJobs@308 (line 370)
                      ;   {runtime_call throw_null_pointer_exception Runtime1 stub}
  0x000001ea0a3cbeb0: 05e8 4afe 

  0x000001ea0a3cbeb4: ; ImmutableOopMap {rdi=Oop rsi=Oop [184]=Oop [200]=Oop }
                      ;*getfield exception {reexecute=1 rethrow=0 return_oop=0}
                      ; - (reexecute) kotlin.ResultKt::throwOnFailure@11 (line 132)
                      ; - com.dokar.quickjs.QuickJs::awaitAsyncJobs@308 (line 370)
                      ;   {runtime_call throw_null_pointer_exception Runtime1 stub}
  0x000001ea0a3cbeb4: 7e05 e845 

  0x000001ea0a3cbeb8: ; ImmutableOopMap {rdi=Oop rsi=Oop rax=Oop [184]=Oop [200]=Oop }
                      ;*athrow {reexecute=1 rethrow=0 return_oop=0}
                      ; - (reexecute) kotlin.ResultKt::throwOnFailure@14 (line 132)
                      ; - com.dokar.quickjs.QuickJs::awaitAsyncJobs@308 (line 370)
  0x000001ea0a3cbeb8: fe7e 0548 

  0x000001ea0a3cbebc: ;   {runtime_call throw_class_cast_exception Runtime1 stub}
  0x000001ea0a3cbebc: 8934 24e8 

  0x000001ea0a3cbec0: ; ImmutableOopMap {rax=Oop rdx=Oop rsi=Oop [184]=Oop }
                      ;*checkcast {reexecute=0 rethrow=0 return_oop=0}
                      ; - kotlin.ResultKt::throwOnFailure@8 (line 132)
                      ; - com.dokar.quickjs.QuickJs::awaitAsyncJobs@503 (line 370)
  0x000001ea0a3cbec0: 3c26 7f05 

  0x000001ea0a3cbec4: ;   {runtime_call throw_null_pointer_exception Runtime1 stub}
  0x000001ea0a3cbec4: e837 fe7e 

  0x000001ea0a3cbec8: ; ImmutableOopMap {rax=Oop rdx=Oop rsi=Oop [184]=Oop }
                      ;*getfield exception {reexecute=1 rethrow=0 return_oop=0}
                      ; - (reexecute) kotlin.ResultKt::throwOnFailure@11 (line 132)
                      ; - com.dokar.quickjs.QuickJs::awaitAsyncJobs@503 (line 370)
                      ;   {runtime_call throw_null_pointer_exception Runtime1 stub}
  0x000001ea0a3cbec8: 05e8 32fe 

  0x000001ea0a3cbecc: ; ImmutableOopMap {rax=Oop rdx=Oop rsi=Oop rdi=Oop [184]=Oop }
                      ;*athrow {reexecute=1 rethrow=0 return_oop=0}
                      ; - (reexecute) kotlin.ResultKt::throwOnFailure@14 (line 132)
                      ; - com.dokar.quickjs.QuickJs::awaitAsyncJobs@503 (line 370)
                      ;   {metadata(nullptr)}
  0x000001ea0a3cbecc: 7e05 48ba | 0000 0000 | 0000 0000 | b800 0f05 

  0x000001ea0a3cbedc: ;   {runtime_call load_klass_patching Runtime1 stub}
  0x000001ea0a3cbedc: 0ae8 9e46 

  0x000001ea0a3cbee0: ; ImmutableOopMap {}
                      ;*new {reexecute=1 rethrow=0 return_oop=0}
                      ; - (reexecute) com.dokar.quickjs.QuickJs::awaitAsyncJobs@516 (line 370)
  0x000001ea0a3cbee0: 7f05 e9c1 | f7ff ff48 

  0x000001ea0a3cbee8: ;   {runtime_call fast_new_instance Runtime1 stub}
  0x000001ea0a3cbee8: 8bd2 e811 

  0x000001ea0a3cbeec: ; ImmutableOopMap {}
                      ;*new {reexecute=0 rethrow=0 return_oop=0}
                      ; - com.dokar.quickjs.QuickJs::awaitAsyncJobs@516 (line 370)
  0x000001ea0a3cbeec: 077f 05e9 | 0cf8 ffff 

  0x000001ea0a3cbef4: ;   {runtime_call throw_incompatible_class_change_error Runtime1 stub}
  0x000001ea0a3cbef4: e807 297f 

  0x000001ea0a3cbef8: ; ImmutableOopMap {rdi=Oop r8=Oop [336]=Oop }
                      ;*invokeinterface unlock {reexecute=0 rethrow=0 return_oop=0}
                      ; - com.dokar.quickjs.QuickJs::awaitAsyncJobs@435 (line 762)
                      ;   {runtime_call throw_null_pointer_exception Runtime1 stub}
  0x000001ea0a3cbef8: 05e8 02fe 

  0x000001ea0a3cbefc: ; ImmutableOopMap {rdi=Oop r8=Oop [336]=Oop }
                      ;*invokeinterface unlock {reexecute=0 rethrow=0 return_oop=0}
                      ; - com.dokar.quickjs.QuickJs::awaitAsyncJobs@435 (line 762)
                      ;   {runtime_call throw_incompatible_class_change_error Runtime1 stub}
  0x000001ea0a3cbefc: 7e05 e8fd 

  0x000001ea0a3cbf00: ; ImmutableOopMap {rdi=Oop rsi=Oop [344]=Oop }
                      ;*invokeinterface unlock {reexecute=0 rethrow=0 return_oop=0}
                      ; - com.dokar.quickjs.QuickJs::awaitAsyncJobs@228 (line 749)
                      ;   {runtime_call throw_null_pointer_exception Runtime1 stub}
  0x000001ea0a3cbf00: 287f 05e8 

  0x000001ea0a3cbf04: ; ImmutableOopMap {rdi=Oop rsi=Oop [344]=Oop }
                      ;*invokeinterface unlock {reexecute=0 rethrow=0 return_oop=0}
                      ; - com.dokar.quickjs.QuickJs::awaitAsyncJobs@228 (line 749)
  0x000001ea0a3cbf04: f8fd 7e05 

  0x000001ea0a3cbf08: ;   {runtime_call throw_null_pointer_exception Runtime1 stub}
  0x000001ea0a3cbf08: e8f3 fd7e 

  0x000001ea0a3cbf0c: ; ImmutableOopMap {rax=Oop rdx=Oop rsi=Oop [240]=Oop }
                      ;*putfield L$0 {reexecute=1 rethrow=0 return_oop=0}
                      ; - (reexecute) com.dokar.quickjs.QuickJs::awaitAsyncJobs@257 (line 756)
                      ;   {runtime_call throw_null_pointer_exception Runtime1 stub}
  0x000001ea0a3cbf0c: 05e8 eefd 

  0x000001ea0a3cbf10: ; ImmutableOopMap {rax=Oop rdx=Oop [288]=Oop [296]=Oop }
                      ;*putfield L$0 {reexecute=1 rethrow=0 return_oop=0}
                      ; - (reexecute) com.dokar.quickjs.QuickJs::awaitAsyncJobs@471 (line 385)
  0x000001ea0a3cbf10: 7e05 488b | bc24 d000 | 0000 e9d2 | f8ff ff48 | 8bbc 2408 | 0100 00e9 | 1df8 ffff | 488b bc24 
  0x000001ea0a3cbf30: 0801 0000 | e910 f8ff | ff48 8bbc | 2408 0100 | 00e9 03f8 | ffff 488b | bc24 0801 | 0000 e9f6 
  0x000001ea0a3cbf50: f7ff ff48 | 8bbc 2408 | 0100 00e9 | e9f7 ffff | 488b bc24 | 0801 0000 | e9dc f7ff | ff48 8bbc 
  0x000001ea0a3cbf70: 2408 0100 | 00e9 cff7 | ffff 488b | bc24 0801 | 0000 e9c2 | f7ff ff48 | 8bbc 2408 | 0100 00e9 
  0x000001ea0a3cbf90: b5f7 ffff | 488b bc24 | 0801 0000 | e9a8 f7ff | ff48 8bbc | 2408 0100 | 00e9 9bf7 | ffff 488b 
  0x000001ea0a3cbfb0: bc24 0801 | 0000 e98e | f7ff ff48 | 8bbc 2408 | 0100 00e9 | 81f7 ffff | 498b 8700 | 0500 0049 
  0x000001ea0a3cbfd0: c787 0005 | 0000 0000 | 0000 49c7 | 8708 0500 | 0000 0000 | 0048 81c4 | 7001 0000 

  0x000001ea0a3cbfec: ;   {runtime_call unwind_exception Runtime1 stub}
  0x000001ea0a3cbfec: 5de9 0ede | 7e05 f4f4 | f4f4 f4f4 
[Stub Code]
  0x000001ea0a3cbff8: ;   {no_reloc}
  0x000001ea0a3cbff8: 0f1f 4400 

  0x000001ea0a3cbffc: ;   {static_stub}
  0x000001ea0a3cbffc: 0048 bb00 | 0000 0000 

  0x000001ea0a3cc004: ;   {runtime_call nmethod}
  0x000001ea0a3cc004: 0000 00e9 | fbff ffff 

  0x000001ea0a3cc00c: ;   {static_stub}
  0x000001ea0a3cc00c: 9048 bb00 | 0000 0000 

  0x000001ea0a3cc014: ;   {runtime_call nmethod}
  0x000001ea0a3cc014: 0000 00e9 | fbff ffff 

  0x000001ea0a3cc01c: ;   {static_stub}
  0x000001ea0a3cc01c: 9048 bb00 | 0000 0000 

  0x000001ea0a3cc024: ;   {runtime_call nmethod}
  0x000001ea0a3cc024: 0000 00e9 | fbff ffff 

  0x000001ea0a3cc02c: ;   {static_stub}
  0x000001ea0a3cc02c: 9048 bb00 | 0000 0000 

  0x000001ea0a3cc034: ;   {runtime_call nmethod}
  0x000001ea0a3cc034: 0000 00e9 | fbff ffff 

  0x000001ea0a3cc03c: ;   {static_stub}
  0x000001ea0a3cc03c: 9048 bb00 | 0000 0000 

  0x000001ea0a3cc044: ;   {runtime_call nmethod}
  0x000001ea0a3cc044: 0000 00e9 | fbff ffff 

  0x000001ea0a3cc04c: ;   {static_stub}
  0x000001ea0a3cc04c: 9048 bb00 | 0000 0000 

  0x000001ea0a3cc054: ;   {runtime_call nmethod}
  0x000001ea0a3cc054: 0000 00e9 | fbff ffff 

  0x000001ea0a3cc05c: ;   {static_stub}
  0x000001ea0a3cc05c: 9048 bb00 | 0000 0000 

  0x000001ea0a3cc064: ;   {runtime_call nmethod}
  0x000001ea0a3cc064: 0000 00e9 | fbff ffff 

  0x000001ea0a3cc06c: ;   {static_stub}
  0x000001ea0a3cc06c: 9048 bb00 | 0000 0000 

  0x000001ea0a3cc074: ;   {runtime_call nmethod}
  0x000001ea0a3cc074: 0000 00e9 | fbff ffff 

  0x000001ea0a3cc07c: ;   {static_stub}
  0x000001ea0a3cc07c: 9048 bb00 | 0000 0000 

  0x000001ea0a3cc084: ;   {runtime_call nmethod}
  0x000001ea0a3cc084: 0000 00e9 | fbff ffff 

  0x000001ea0a3cc08c: ;   {static_stub}
  0x000001ea0a3cc08c: 9048 bb00 | 0000 0000 

  0x000001ea0a3cc094: ;   {runtime_call nmethod}
  0x000001ea0a3cc094: 0000 00e9 | fbff ffff 

  0x000001ea0a3cc09c: ;   {static_stub}
  0x000001ea0a3cc09c: 9048 bb00 | 0000 0000 

  0x000001ea0a3cc0a4: ;   {runtime_call nmethod}
  0x000001ea0a3cc0a4: 0000 00e9 | fbff ffff 

  0x000001ea0a3cc0ac: ;   {static_stub}
  0x000001ea0a3cc0ac: 9048 bb00 | 0000 0000 

  0x000001ea0a3cc0b4: ;   {runtime_call nmethod}
  0x000001ea0a3cc0b4: 0000 00e9 | fbff ffff 

  0x000001ea0a3cc0bc: ;   {static_stub}
  0x000001ea0a3cc0bc: 9048 bb00 | 0000 0000 

  0x000001ea0a3cc0c4: ;   {runtime_call nmethod}
  0x000001ea0a3cc0c4: 0000 00e9 | fbff ffff 

  0x000001ea0a3cc0cc: ;   {static_stub}
  0x000001ea0a3cc0cc: 48bb 0000 | 0000 0000 

  0x000001ea0a3cc0d4: ;   {runtime_call nmethod}
  0x000001ea0a3cc0d4: 0000 e9fb 

  0x000001ea0a3cc0d8: ;   {static_stub}
  0x000001ea0a3cc0d8: ffff ff48 | bb00 0000 | 0000 0000 

  0x000001ea0a3cc0e4: ;   {runtime_call nmethod}
  0x000001ea0a3cc0e4: 00e9 fbff 

  0x000001ea0a3cc0e8: ;   {static_stub}
  0x000001ea0a3cc0e8: ffff 48bb | 0000 0000 | 0000 0000 

  0x000001ea0a3cc0f4: ;   {runtime_call nmethod}
  0x000001ea0a3cc0f4: e9fb ffff 

  0x000001ea0a3cc0f8: ;   {static_stub}
  0x000001ea0a3cc0f8: ff48 bb00 | 0000 0000 

  0x000001ea0a3cc100: ;   {runtime_call nmethod}
  0x000001ea0a3cc100: 0000 00e9 | fbff ffff 
[Exception Handler]
  0x000001ea0a3cc108: ;   {runtime_call handle_exception_from_callee Runtime1 stub}
  0x000001ea0a3cc108: e8f3 1d7f 

  0x000001ea0a3cc10c: ;   {external_word}
  0x000001ea0a3cc10c: 0548 b940 | 63a6 94fb | 7f00 0048 

  0x000001ea0a3cc118: ;   {runtime_call}
  0x000001ea0a3cc118: 83e4 f048 | b8d0 c468 | 94fb 7f00 | 00ff d0f4 
[Deopt Handler Code]
  0x000001ea0a3cc128: ;   {section_word}
  0x000001ea0a3cc128: 49ba 28c1 | 3c0a ea01 | 0000 4152 

  0x000001ea0a3cc134: ;   {runtime_call DeoptimizationBlob}
  0x000001ea0a3cc134: e9e7 8573 | 05f4 f4f4 | f4f4 f4f4 
[/MachCode]


Compiled method (c1) 65080 8604   !   3       kotlinx.coroutines.intrinsics.UndispatchedKt::startUndspatched (267 bytes)
 total in heap  [0x000001ea09541e10,0x000001ea09543f60] = 8528
 relocation     [0x000001ea09541f70,0x000001ea09542130] = 448
 main code      [0x000001ea09542140,0x000001ea095438a8] = 5992
 stub code      [0x000001ea095438a8,0x000001ea09543950] = 168
 oops           [0x000001ea09543950,0x000001ea09543958] = 8
 metadata       [0x000001ea09543958,0x000001ea09543998] = 64
 scopes data    [0x000001ea09543998,0x000001ea09543bd8] = 576
 scopes pcs     [0x000001ea09543bd8,0x000001ea09543e48] = 624
 dependencies   [0x000001ea09543e48,0x000001ea09543e50] = 8
 handler table  [0x000001ea09543e50,0x000001ea09543f08] = 184
 nul chk table  [0x000001ea09543f08,0x000001ea09543f60] = 88

[Constant Pool (empty)]

[MachCode]
[Verified Entry Point]
  # {method} {0x000001ea6180a868} 'startUndspatched' '(Lkotlinx/coroutines/internal/ScopeCoroutine;ZLjava/lang/Object;Lkotlin/jvm/functions/Function2;)Ljava/lang/Object;' in 'kotlinx/coroutines/intrinsics/UndispatchedKt'
  # parm0:    rdx:rdx   = 'kotlinx/coroutines/internal/ScopeCoroutine'
  # parm1:    r8        = boolean
  # parm2:    r9:r9     = 'java/lang/Object'
  # parm3:    rdi:rdi   = 'kotlin/jvm/functions/Function2'
  #           [sp+0xc0]  (sp of caller)
  0x000001ea09542140: 8984 2400 | 80ff ff55 | 4881 ecb0 | 0000 0090 | 4181 7f20 | 0f00 0000 

  0x000001ea09542158: ;   {runtime_call StubRoutines (final stubs)}
  0x000001ea09542158: 7405 e881 | 435a 0648 | 8954 2478 

  0x000001ea09542164: ;   {metadata(method data for {method} {0x000001ea6180a868} 'startUndspatched' '(Lkotlinx/coroutines/internal/ScopeCoroutine;ZLjava/lang/Object;Lkotlin/jvm/functions/Function2;)Ljava/lang/Object;' in 'kotlinx/coroutines/intrinsics/UndispatchedKt')}
  0x000001ea09542164: 48be 188e | d864 ea01 | 0000 8b9e | cc00 0000 | 83c3 0289 | 9ecc 0000 | 0081 e3fe | 0700 0085 
  0x000001ea09542184: db0f 846e | 1400 0048 | 85ff 7516 

  0x000001ea09542190: ;   {metadata(method data for {method} {0x000001ea6180a868} 'startUndspatched' '(Lkotlinx/coroutines/internal/ScopeCoroutine;ZLjava/lang/Object;Lkotlin/jvm/functions/Function2;)Ljava/lang/Object;' in 'kotlinx/coroutines/intrinsics/UndispatchedKt')}
  0x000001ea09542190: 48b8 188e | d864 ea01 | 0000 8088 | 0901 0000 | 01e9 cd00 

  0x000001ea095421a4: ;   {metadata('kotlin/coroutines/jvm/internal/BaseContinuationImpl')}
  0x000001ea095421a4: 0000 48b9 | 0082 0c21 | ea01 0000 | 8b47 0849 | ba00 0000 | 20ea 0100 | 0049 03c2 | 483b 4838 
  0x000001ea095421c4: 0f85 8d00 

  0x000001ea095421c8: ;   {metadata(method data for {method} {0x000001ea6180a868} 'startUndspatched' '(Lkotlinx/coroutines/internal/ScopeCoroutine;ZLjava/lang/Object;Lkotlin/jvm/functions/Function2;)Ljava/lang/Object;' in 'kotlinx/coroutines/intrinsics/UndispatchedKt')}
  0x000001ea095421c8: 0000 48b8 | 188e d864 | ea01 0000 | 8b4f 0849 | ba00 0000 | 20ea 0100 | 0049 03ca | 483b 8820 
  0x000001ea095421e8: 0100 0075 | 0d48 8380 | 2801 0000 | 01e9 7e00 | 0000 483b | 8830 0100 | 0075 0d48 | 8380 3801 
  0x000001ea09542208: 0000 01e9 | 6800 0000 | 4883 b820 | 0100 0000 | 7517 4889 | 8820 0100 | 0048 c780 | 2801 0000 
  0x000001ea09542228: 0100 0000 | e947 0000 | 0048 83b8 | 3001 0000 | 0075 1748 | 8988 3001 | 0000 48c7 | 8038 0100 
  0x000001ea09542248: 0001 0000 | 00e9 2600 | 0000 e921 

  0x000001ea09542254: ;   {metadata(method data for {method} {0x000001ea6180a868} 'startUndspatched' '(Lkotlinx/coroutines/internal/ScopeCoroutine;ZLjava/lang/Object;Lkotlin/jvm/functions/Function2;)Ljava/lang/Object;' in 'kotlinx/coroutines/intrinsics/UndispatchedKt')}
  0x000001ea09542254: 0000 0048 | b818 8ed8 | 64ea 0100 | 0048 83a8 | 1001 0000 | 01e9 0500 | 0000 e905 | 0000 0048 
  0x000001ea09542274: 33f6 eb07 | 48c7 c601 | 0000 0085 

  0x000001ea09542280: ;   {metadata(method data for {method} {0x000001ea6180a868} 'startUndspatched' '(Lkotlinx/coroutines/internal/ScopeCoroutine;ZLjava/lang/Object;Lkotlin/jvm/functions/Function2;)Ljava/lang/Object;' in 'kotlinx/coroutines/intrinsics/UndispatchedKt')}
  0x000001ea09542280: f648 be18 | 8ed8 64ea | 0100 0048 | c7c3 4801 | 0000 7507 | 48c7 c358 | 0100 0048 | 8b04 1e48 
  0x000001ea095422a0: 8d40 0148 | 8904 1e0f | 854c 0000 | 0044 8984 | 2480 0000 

  0x000001ea095422b4: ;   {metadata(method data for {method} {0x000001ea6180a868} 'startUndspatched' '(Lkotlinx/coroutines/internal/ScopeCoroutine;ZLjava/lang/Object;Lkotlin/jvm/functions/Function2;)Ljava/lang/Object;' in 'kotlinx/coroutines/intrinsics/UndispatchedKt')}
  0x000001ea095422b4: 0048 be18 | 8ed8 64ea | 0100 0048 | 8386 a001 | 0000 0148 | 8bf2 488b | d74d 8bc1 | 4c8b ce0f 
  0x000001ea095422d4: ;   {static_call}
  0x000001ea095422d4: 1f40 00e8 

  0x000001ea095422d8: ; ImmutableOopMap {[120]=Oop }
                      ;*invokestatic wrapWithContinuationImpl {reexecute=0 rethrow=0 return_oop=0}
                      ; - kotlinx.coroutines.intrinsics.UndispatchedKt::startUndspatched@19 (line 66)
  0x000001ea095422d8: a4cd 5b06 

  0x000001ea095422dc: ;   {other}
  0x000001ea095422dc: 0f1f 8400 | cc04 0000 

  0x000001ea095422e4: ;   {metadata(method data for {method} {0x000001ea6180a868} 'startUndspatched' '(Lkotlinx/coroutines/internal/ScopeCoroutine;ZLjava/lang/Object;Lkotlin/jvm/functions/Function2;)Ljava/lang/Object;' in 'kotlinx/coroutines/intrinsics/UndispatchedKt')}
  0x000001ea095422e4: 48ba 188e | d864 ea01 | 0000 ff82 | b001 0000 | e903 0200 | 004c 898c | 2488 0000 | 0044 8984 
  0x000001ea09542304: 2480 0000 

  0x000001ea09542308: ;   {metadata(method data for {method} {0x000001ea6180a868} 'startUndspatched' '(Lkotlinx/coroutines/internal/ScopeCoroutine;ZLjava/lang/Object;Lkotlin/jvm/functions/Function2;)Ljava/lang/Object;' in 'kotlinx/coroutines/intrinsics/UndispatchedKt')}
  0x000001ea09542308: 0048 ba18 | 8ed8 64ea | 0100 0048 | 8382 c801 | 0000 0148 | 8bd7 41b8 | 0200 0000 

  0x000001ea09542324: ;   {static_call}
  0x000001ea09542324: 6666 90e8 

  0x000001ea09542328: ; ImmutableOopMap {[120]=Oop [136]=Oop }
                      ;*invokestatic beforeCheckcastToFunctionOfArity {reexecute=0 rethrow=0 return_oop=0}
                      ; - kotlinx.coroutines.intrinsics.UndispatchedKt::startUndspatched@28 (line 66)
  0x000001ea09542328: 94c9 3907 

  0x000001ea0954232c: ;   {other}
  0x000001ea0954232c: 0f1f 8400 | 1c05 0001 | 4885 c075 

  0x000001ea09542338: ;   {metadata(method data for {method} {0x000001ea6180a868} 'startUndspatched' '(Lkotlinx/coroutines/internal/ScopeCoroutine;ZLjava/lang/Object;Lkotlin/jvm/functions/Function2;)Ljava/lang/Object;' in 'kotlinx/coroutines/intrinsics/UndispatchedKt')}
  0x000001ea09542338: 1749 b918 | 8ed8 64ea | 0100 0041 | 8089 d101 | 0000 01e9 | ec00 0000 

  0x000001ea09542350: ;   {metadata('kotlin/jvm/functions/Function2')}
  0x000001ea09542350: 48be 70d7 | 0121 ea01 | 0000 448b | 4808 49ba | 0000 0020 | ea01 0000 | 4d03 ca49 | 3b71 200f 
  0x000001ea09542370: 841e 0000 | 004c 3bce | 0f84 1500 | 0000 4151 

  0x000001ea09542380: ;   {runtime_call slow_subtype_check Runtime1 stub}
  0x000001ea09542380: 56e8 7ac7 | 6706 4159 | 4159 4585 | c90f 848d 

  0x000001ea09542390: ;   {metadata(method data for {method} {0x000001ea6180a868} 'startUndspatched' '(Lkotlinx/coroutines/internal/ScopeCoroutine;ZLjava/lang/Object;Lkotlin/jvm/functions/Function2;)Ljava/lang/Object;' in 'kotlinx/coroutines/intrinsics/UndispatchedKt')}
  0x000001ea09542390: 0000 0049 | b918 8ed8 | 64ea 0100 | 008b 7008 | 49ba 0000 | 0020 ea01 | 0000 4903 | f249 3bb1 
  0x000001ea095423b0: e801 0000 | 750d 4983 | 81f0 0100 | 0001 e979 | 0000 0049 | 3bb1 f801 | 0000 750d | 4983 8100 
  0x000001ea095423d0: 0200 0001 | e963 0000 | 0049 83b9 | e801 0000 | 0075 1749 | 89b1 e801 | 0000 49c7 | 81f0 0100 
  0x000001ea095423f0: 0001 0000 | 00e9 4200 | 0000 4983 | b9f8 0100 | 0000 7517 | 4989 b1f8 | 0100 0049 | c781 0002 
  0x000001ea09542410: 0000 0100 | 0000 e921 | 0000 00e9 | 1c00 0000 

  0x000001ea09542420: ;   {metadata(method data for {method} {0x000001ea6180a868} 'startUndspatched' '(Lkotlinx/coroutines/internal/ScopeCoroutine;ZLjava/lang/Object;Lkotlin/jvm/functions/Function2;)Ljava/lang/Object;' in 'kotlinx/coroutines/intrinsics/UndispatchedKt')}
  0x000001ea09542420: 49b9 188e | d864 ea01 | 0000 4983 | a9d8 0100 | 0001 e9e3 | 1100 00e9 | 0000 0000 | 488b d048 
  0x000001ea09542440: 3b02 4c8b 

  0x000001ea09542444: ;   {metadata(method data for {method} {0x000001ea6180a868} 'startUndspatched' '(Lkotlinx/coroutines/internal/ScopeCoroutine;ZLjava/lang/Object;Lkotlin/jvm/functions/Function2;)Ljava/lang/Object;' in 'kotlinx/coroutines/intrinsics/UndispatchedKt')}
  0x000001ea09542444: c249 b918 | 8ed8 64ea | 0100 0045 | 8b40 0849 | ba00 0000 | 20ea 0100 | 004d 03c2 | 4d3b 8158 
  0x000001ea09542464: 0200 0075 | 0d49 8381 | 6002 0000 | 01e9 6000 | 0000 4d3b | 8168 0200 | 0075 0d49 | 8381 7002 
  0x000001ea09542484: 0000 01e9 | 4a00 0000 | 4983 b958 | 0200 0000 | 7517 4d89 | 8158 0200 | 0049 c781 | 6002 0000 
  0x000001ea095424a4: 0100 0000 | e929 0000 | 0049 83b9 | 6802 0000 | 0075 174d | 8981 6802 | 0000 49c7 | 8170 0200 
  0x000001ea095424c4: 0001 0000 | 00e9 0800 | 0000 4983 | 8148 0200 | 0001 4c8b | 8424 8800 | 0000 4c8b | 4c24 7866 
  0x000001ea095424e4: 9048 b8e0 | 0acd caea 

  0x000001ea095424ec: ;   {virtual_call}
  0x000001ea095424ec: 0100 00e8 

  0x000001ea095424f0: ; ImmutableOopMap {[120]=Oop }
                      ;*invokeinterface invoke {reexecute=0 rethrow=0 return_oop=0}
                      ; - kotlinx.coroutines.intrinsics.UndispatchedKt::startUndspatched@39 (line 66)
  0x000001ea095424f0: 1c23 6806 

  0x000001ea095424f4: ;   {other}
  0x000001ea095424f4: 0f1f 8400 | e406 0002 

  0x000001ea095424fc: ;   {metadata(method data for {method} {0x000001ea6180a868} 'startUndspatched' '(Lkotlinx/coroutines/internal/ScopeCoroutine;ZLjava/lang/Object;Lkotlin/jvm/functions/Function2;)Ljava/lang/Object;' in 'kotlinx/coroutines/intrinsics/UndispatchedKt')}
  0x000001ea095424fc: 48ba 188e | d864 ea01 | 0000 ff82 | 8002 0000 | e97f 0100 | 0049 8b87 | 0005 0000 | 4d33 d24d 
  0x000001ea0954251c: 8997 0005 | 0000 4d33 | d24d 8997 | 0805 0000 

  0x000001ea0954252c: ;   {metadata('kotlinx/coroutines/CompletedExceptionally')}
  0x000001ea0954252c: 4c8b c048 | baf0 550d | 21ea 0100 | 0049 8b87 | b801 0000 | 488d 7818 | 493b bfc8 | 0100 000f 
  0x000001ea0954254c: 87d7 1000 | 0049 89bf | b801 0000 | 48c7 0001 | 0000 0048 | 8bca 49ba | 0000 0020 | ea01 0000 
  0x000001ea0954256c: 492b ca89 | 4808 4833 | c989 480c | 4833 c948 | 8948 1048 

  0x000001ea09542580: ;   {metadata(method data for {method} {0x000001ea6180a868} 'startUndspatched' '(Lkotlinx/coroutines/internal/ScopeCoroutine;ZLjava/lang/Object;Lkotlin/jvm/functions/Function2;)Ljava/lang/Object;' in 'kotlinx/coroutines/intrinsics/UndispatchedKt')}
  0x000001ea09542580: 8bd0 48be | 188e d864 | ea01 0000 | 4883 86b8 | 0200 0001 

  0x000001ea09542594: ;   {metadata(method data for {method} {0x000001ea61668938} '<init>' '(Ljava/lang/Throwable;ZILkotlin/jvm/internal/DefaultConstructorMarker;)V' in 'kotlinx/coroutines/CompletedExceptionally')}
  0x000001ea09542594: 48ba 58ae | 9263 ea01 | 0000 8bb2 | cc00 0000 | 83c6 0289 | b2cc 0000 | 0081 e6fe | ff1f 0085 
  0x000001ea095425b4: f60f 847a 

  0x000001ea095425b8: ;   {metadata(method data for {method} {0x000001ea61668938} '<init>' '(Ljava/lang/Throwable;ZILkotlin/jvm/internal/DefaultConstructorMarker;)V' in 'kotlinx/coroutines/CompletedExceptionally')}
  0x000001ea095425b8: 1000 0048 | ba58 ae92 | 63ea 0100 | 00ff 8220 | 0100 0048 

  0x000001ea095425cc: ;   {metadata(method data for {method} {0x000001ea61668938} '<init>' '(Ljava/lang/Throwable;ZILkotlin/jvm/internal/DefaultConstructorMarker;)V' in 'kotlinx/coroutines/CompletedExceptionally')}
  0x000001ea095425cc: 8bd0 48be | 58ae 9263 | ea01 0000 | 4883 8630 | 0100 0001 

  0x000001ea095425e0: ;   {metadata(method data for {method} {0x000001ea61668860} '<init>' '(Ljava/lang/Throwable;Z)V' in 'kotlinx/coroutines/CompletedExceptionally')}
  0x000001ea095425e0: 48ba d8af | 9263 ea01 | 0000 8bb2 | cc00 0000 | 83c6 0289 | b2cc 0000 | 0081 e6fe | ff1f 0085 
  0x000001ea09542600: f60f 844f | 1000 0048 

  0x000001ea09542608: ;   {metadata(method data for {method} {0x000001ea61668860} '<init>' '(Ljava/lang/Throwable;Z)V' in 'kotlinx/coroutines/CompletedExceptionally')}
  0x000001ea09542608: 8bd0 48be | d8af 9263 | ea01 0000 | 4883 8610 | 0100 0001 

  0x000001ea0954261c: ;   {metadata(method data for {method} {0x000001ea20474990} '<init>' '()V' in 'java/lang/Object')}
  0x000001ea0954261c: 48ba 9067 | 0061 ea01 | 0000 8bb2 | cc00 0000 | 83c6 0289 | b2cc 0000 | 0081 e6fe | ff1f 0085 
  0x000001ea0954263c: f60f 8434 | 1000 0041 | 0fbe 5740 | 85d2 0f85 | 4810 0000 | 4d8b d049 | c1ea 0344 | 8950 1048 
  0x000001ea0954265c: 8bd0 4933 | d048 c1ea | 1648 83fa | 000f 8548 

  0x000001ea0954266c: ;   {metadata(method data for {method} {0x000001ea61668860} '<init>' '(Ljava/lang/Throwable;Z)V' in 'kotlinx/coroutines/CompletedExceptionally')}
  0x000001ea0954266c: 1000 0049 | b8d8 af92 | 63ea 0100 | 0041 ff80 | 2001 0000 | 41b8 0000 | 0000 4489 | 400c f083 
  0x000001ea0954268c: 4424 c000 

  0x000001ea09542690: ;   {metadata(method data for {method} {0x000001ea6180a868} 'startUndspatched' '(Lkotlinx/coroutines/internal/ScopeCoroutine;ZLjava/lang/Object;Lkotlin/jvm/functions/Function2;)Ljava/lang/Object;' in 'kotlinx/coroutines/intrinsics/UndispatchedKt')}
  0x000001ea09542690: 49b8 188e | d864 ea01 | 0000 4983 | 80c8 0200 

  0x000001ea095426a0: ;   {metadata(method data for {method} {0x000001ea6164d550} 'getCOROUTINE_SUSPENDED' '()Ljava/lang/Object;' in 'kotlin/coroutines/intrinsics/IntrinsicsKt__IntrinsicsKt')}
  0x000001ea095426a0: 0001 49b8 | d032 5162 | ea01 0000 | 418b 90cc | 0000 0083 | c202 4189 | 90cc 0000 | 0081 e2fe 
  0x000001ea095426c0: ff1f 0085 | d20f 8404 

  0x000001ea095426c8: ;   {oop(a 'kotlin/coroutines/intrinsics/CoroutineSingletons'{0x0000000604c01990})}
  0x000001ea095426c8: 1000 0049 | b890 19c0 | 0406 0000 | 0049 3bc0 

  0x000001ea095426d8: ;   {metadata(method data for {method} {0x000001ea6180a868} 'startUndspatched' '(Lkotlinx/coroutines/internal/ScopeCoroutine;ZLjava/lang/Object;Lkotlin/jvm/functions/Function2;)Ljava/lang/Object;' in 'kotlinx/coroutines/intrinsics/UndispatchedKt')}
  0x000001ea095426d8: 49b8 188e | d864 ea01 | 0000 48c7 | c2e8 0200 | 0074 0748 | c7c2 d802 | 0000 498b | 3410 488d 
  0x000001ea095426f8: 7601 4989 | 3410 0f84 | 790d 0000 | 488b 5424 | 7848 3b02 

  0x000001ea0954270c: ;   {metadata(method data for {method} {0x000001ea6180a868} 'startUndspatched' '(Lkotlinx/coroutines/internal/ScopeCoroutine;ZLjava/lang/Object;Lkotlin/jvm/functions/Function2;)Ljava/lang/Object;' in 'kotlinx/coroutines/intrinsics/UndispatchedKt')}
  0x000001ea0954270c: 4c8b c248 | be18 8ed8 | 64ea 0100 | 0048 8386 | 0803 0000 | 014c 8bc0 | 488b f248 | 8bd6 4889 
  0x000001ea0954272c: 8424 9000 | 0000 0f1f 

  0x000001ea09542734: ;   {optimized virtual_call}
  0x000001ea09542734: 4400 00e8 

  0x000001ea09542738: ; ImmutableOopMap {[120]=Oop [144]=Oop }
                      ;*invokevirtual makeCompletingOnce$kotlinx_coroutines_core {reexecute=0 rethrow=0 return_oop=0}
                      ; - kotlinx.coroutines.intrinsics.UndispatchedKt::startUndspatched@101 (line 83)
  0x000001ea09542738: c4d6 2e07 

  0x000001ea0954273c: ;   {other}
  0x000001ea0954273c: 0f1f 8400 | 2c09 0003 

  0x000001ea09542744: ;   {oop(a 'kotlinx/coroutines/internal/Symbol'{0x0000000604e69db0})}
  0x000001ea09542744: 49ba b09d | e604 0600 | 0000 493b 

  0x000001ea09542750: ;   {metadata(method data for {method} {0x000001ea6180a868} 'startUndspatched' '(Lkotlinx/coroutines/internal/ScopeCoroutine;ZLjava/lang/Object;Lkotlin/jvm/functions/Function2;)Ljava/lang/Object;' in 'kotlinx/coroutines/intrinsics/UndispatchedKt')}
  0x000001ea09542750: c248 ba18 | 8ed8 64ea | 0100 0048 | c7c6 5003 | 0000 7407 | 48c7 c640 | 0300 0048 | 8b3c 3248 
  0x000001ea09542770: 8d7f 0148 | 893c 320f | 84a7 0c00 | 0048 8984 | 2498 0000 | 0048 8b54 

  0x000001ea09542788: ;   {metadata(method data for {method} {0x000001ea6180a868} 'startUndspatched' '(Lkotlinx/coroutines/internal/ScopeCoroutine;ZLjava/lang/Object;Lkotlin/jvm/functions/Function2;)Ljava/lang/Object;' in 'kotlinx/coroutines/intrinsics/UndispatchedKt')}
  0x000001ea09542788: 2478 48be | 188e d864 | ea01 0000 | 8b52 0849 | ba00 0000 | 20ea 0100 | 0049 03d2 | 483b 9680 
  0x000001ea095427a8: 0300 0075 | 0d48 8386 | 8803 0000 | 01e9 6000 | 0000 483b | 9690 0300 | 0075 0d48 | 8386 9803 
  0x000001ea095427c8: 0000 01e9 | 4a00 0000 | 4883 be80 | 0300 0000 | 7517 4889 | 9680 0300 | 0048 c786 | 8803 0000 
  0x000001ea095427e8: 0100 0000 | e929 0000 | 0048 83be | 9003 0000 | 0075 1748 | 8996 9003 | 0000 48c7 | 8698 0300 
  0x000001ea09542808: 0001 0000 | 00e9 0800 | 0000 4883 | 8670 0300 | 0001 488b | 5424 7866 | 0f1f 4400 | 0048 b8ff 
  0x000001ea09542828: ffff ffff 

  0x000001ea0954282c: ;   {virtual_call}
  0x000001ea0954282c: ffff ffe8 

  0x000001ea09542830: ; ImmutableOopMap {[120]=Oop [144]=Oop [152]=Oop }
                      ;*invokevirtual afterCompletionUndispatched {reexecute=0 rethrow=0 return_oop=0}
                      ; - kotlinx.coroutines.intrinsics.UndispatchedKt::startUndspatched@119 (line 85)
  0x000001ea09542830: 4433 8a06 

  0x000001ea09542834: ;   {other}
  0x000001ea09542834: 0f1f 8400 | 240a 0004 | 488b 8424 | 9800 0000 | 4885 c075 

  0x000001ea09542848: ;   {metadata(method data for {method} {0x000001ea6180a868} 'startUndspatched' '(Lkotlinx/coroutines/internal/ScopeCoroutine;ZLjava/lang/Object;Lkotlin/jvm/functions/Function2;)Ljava/lang/Object;' in 'kotlinx/coroutines/intrinsics/UndispatchedKt')}
  0x000001ea09542848: 1648 be18 | 8ed8 64ea | 0100 0080 | 8ea1 0300 | 0001 e9cd 

  0x000001ea0954285c: ;   {metadata('kotlinx/coroutines/CompletedExceptionally')}
  0x000001ea0954285c: 0000 0048 | bff0 550d | 21ea 0100 | 008b 7008 | 49ba 0000 | 0020 ea01 | 0000 4903 | f248 3b7e 
  0x000001ea0954287c: 380f 858d 

  0x000001ea09542880: ;   {metadata(method data for {method} {0x000001ea6180a868} 'startUndspatched' '(Lkotlinx/coroutines/internal/ScopeCoroutine;ZLjava/lang/Object;Lkotlin/jvm/functions/Function2;)Ljava/lang/Object;' in 'kotlinx/coroutines/intrinsics/UndispatchedKt')}
  0x000001ea09542880: 0000 0048 | be18 8ed8 | 64ea 0100 | 008b 7808 | 49ba 0000 | 0020 ea01 | 0000 4903 | fa48 3bbe 
  0x000001ea095428a0: b803 0000 | 750d 4883 | 86c0 0300 | 0001 e97e | 0000 0048 | 3bbe c803 | 0000 750d | 4883 86d0 
  0x000001ea095428c0: 0300 0001 | e968 0000 | 0048 83be | b803 0000 | 0075 1748 | 89be b803 | 0000 48c7 | 86c0 0300 
  0x000001ea095428e0: 0001 0000 | 00e9 4700 | 0000 4883 | bec8 0300 | 0000 7517 | 4889 bec8 | 0300 0048 | c786 d003 
  0x000001ea09542900: 0000 0100 | 0000 e926 | 0000 00e9 | 2100 0000 

  0x000001ea09542910: ;   {metadata(method data for {method} {0x000001ea6180a868} 'startUndspatched' '(Lkotlinx/coroutines/internal/ScopeCoroutine;ZLjava/lang/Object;Lkotlin/jvm/functions/Function2;)Ljava/lang/Object;' in 'kotlinx/coroutines/intrinsics/UndispatchedKt')}
  0x000001ea09542910: 48be 188e | d864 ea01 | 0000 4883 | aea8 0300 | 0001 e905 | 0000 00e9 | 0500 0000 | 4833 d2eb 
  0x000001ea09542930: 0748 c7c2 | 0100 0000 

  0x000001ea09542938: ;   {metadata(method data for {method} {0x000001ea6180a868} 'startUndspatched' '(Lkotlinx/coroutines/internal/ScopeCoroutine;ZLjava/lang/Object;Lkotlin/jvm/functions/Function2;)Ljava/lang/Object;' in 'kotlinx/coroutines/intrinsics/UndispatchedKt')}
  0x000001ea09542938: 85d2 48ba | 188e d864 | ea01 0000 | 49c7 c0e0 | 0300 0074 | 0749 c7c0 | f003 0000 | 4a8b 3402 
  0x000001ea09542958: 488d 7601 | 4a89 3402 | 0f84 ba07 | 0000 448b | 8424 8000 | 0000 4585 

  0x000001ea09542970: ;   {metadata(method data for {method} {0x000001ea6180a868} 'startUndspatched' '(Lkotlinx/coroutines/internal/ScopeCoroutine;ZLjava/lang/Object;Lkotlin/jvm/functions/Function2;)Ljava/lang/Object;' in 'kotlinx/coroutines/intrinsics/UndispatchedKt')}
  0x000001ea09542970: c048 ba18 | 8ed8 64ea | 0100 0049 | c7c0 1004 | 0000 7407 | 49c7 c000 | 0400 004a | 8b34 0248 
  0x000001ea09542990: 8d76 014a | 8934 020f | 840a 0000 | 004c 8b44 | 2478 e9c1 | 0300 0048 | 85c0 7516 

  0x000001ea095429ac: ;   {metadata(method data for {method} {0x000001ea6180a868} 'startUndspatched' '(Lkotlinx/coroutines/internal/ScopeCoroutine;ZLjava/lang/Object;Lkotlin/jvm/functions/Function2;)Ljava/lang/Object;' in 'kotlinx/coroutines/intrinsics/UndispatchedKt')}
  0x000001ea095429ac: 48be 188e | d864 ea01 | 0000 808e | 1904 0000 | 01e9 cd00 

  0x000001ea095429c0: ;   {metadata('kotlinx/coroutines/CompletedExceptionally')}
  0x000001ea095429c0: 0000 48bf | f055 0d21 | ea01 0000 | 8b70 0849 | ba00 0000 | 20ea 0100 | 0049 03f2 | 483b 7e38 
  0x000001ea095429e0: 0f85 8d00 

  0x000001ea095429e4: ;   {metadata(method data for {method} {0x000001ea6180a868} 'startUndspatched' '(Lkotlinx/coroutines/internal/ScopeCoroutine;ZLjava/lang/Object;Lkotlin/jvm/functions/Function2;)Ljava/lang/Object;' in 'kotlinx/coroutines/intrinsics/UndispatchedKt')}
  0x000001ea095429e4: 0000 48be | 188e d864 | ea01 0000 | 8b78 0849 | ba00 0000 | 20ea 0100 | 0049 03fa | 483b be30 
  0x000001ea09542a04: 0400 0075 | 0d48 8386 | 3804 0000 | 01e9 7900 | 0000 483b | be40 0400 | 0075 0d48 | 8386 4804 
  0x000001ea09542a24: 0000 01e9 | 6300 0000 | 4883 be30 | 0400 0000 | 7517 4889 | be30 0400 | 0048 c786 | 3804 0000 
  0x000001ea09542a44: 0100 0000 | e942 0000 | 0048 83be | 4004 0000 | 0075 1748 | 89be 4004 | 0000 48c7 | 8648 0400 
  0x000001ea09542a64: 0001 0000 | 00e9 2100 | 0000 e91c 

  0x000001ea09542a70: ;   {metadata(method data for {method} {0x000001ea6180a868} 'startUndspatched' '(Lkotlinx/coroutines/internal/ScopeCoroutine;ZLjava/lang/Object;Lkotlin/jvm/functions/Function2;)Ljava/lang/Object;' in 'kotlinx/coroutines/intrinsics/UndispatchedKt')}
  0x000001ea09542a70: 0000 0048 | be18 8ed8 | 64ea 0100 | 0048 83ae | 2004 0000 | 01e9 6b0c | 0000 e900 | 0000 0048 
  0x000001ea09542a90: 8bd0 8b52 | 1048 c1e2 

  0x000001ea09542a98: ;   {metadata(method data for {method} {0x000001ea6180a868} 'startUndspatched' '(Lkotlinx/coroutines/internal/ScopeCoroutine;ZLjava/lang/Object;Lkotlin/jvm/functions/Function2;)Ljava/lang/Object;' in 'kotlinx/coroutines/intrinsics/UndispatchedKt')}
  0x000001ea09542a98: 0349 b818 | 8ed8 64ea | 0100 0049 | 8380 5804 

  0x000001ea09542aa8: ;   {metadata(method data for {method} {0x000001ea6180a9b0} 'notOwnTimeout' '(Lkotlinx/coroutines/internal/ScopeCoroutine;Ljava/lang/Throwable;)Z' in 'kotlinx/coroutines/intrinsics/UndispatchedKt')}
  0x000001ea09542aa8: 0000 0149 | b8c0 aed8 | 64ea 0100 | 0041 8bb0 | cc00 0000 | 83c6 0241 | 89b0 cc00 | 0000 81e6 
  0x000001ea09542ac8: feff 1f00 | 85f6 0f84 | 2f0c 0000 | 4885 d275 

  0x000001ea09542ad8: ;   {metadata(method data for {method} {0x000001ea6180a9b0} 'notOwnTimeout' '(Lkotlinx/coroutines/internal/ScopeCoroutine;Ljava/lang/Throwable;)Z' in 'kotlinx/coroutines/intrinsics/UndispatchedKt')}
  0x000001ea09542ad8: 1648 bfc0 | aed8 64ea | 0100 0080 | 8f09 0100 | 0001 e9cc 

  0x000001ea09542aec: ;   {metadata('kotlinx/coroutines/TimeoutCancellationException')}
  0x000001ea09542aec: 0000 0048 | bbe0 602d | 21ea 0100 | 008b 7208 | 49ba 0000 | 0020 ea01 | 0000 4903 | f248 3bde 
  0x000001ea09542b0c: 0f85 8d00 

  0x000001ea09542b10: ;   {metadata(method data for {method} {0x000001ea6180a9b0} 'notOwnTimeout' '(Lkotlinx/coroutines/internal/ScopeCoroutine;Ljava/lang/Throwable;)Z' in 'kotlinx/coroutines/intrinsics/UndispatchedKt')}
  0x000001ea09542b10: 0000 48bf | c0ae d864 | ea01 0000 | 8b5a 0849 | ba00 0000 | 20ea 0100 | 0049 03da | 483b 9f20 
  0x000001ea09542b30: 0100 0075 | 0d48 8387 | 2801 0000 | 01e9 7e00 | 0000 483b | 9f30 0100 | 0075 0d48 | 8387 3801 
  0x000001ea09542b50: 0000 01e9 | 6800 0000 | 4883 bf20 | 0100 0000 | 7517 4889 | 9f20 0100 | 0048 c787 | 2801 0000 
  0x000001ea09542b70: 0100 0000 | e947 0000 | 0048 83bf | 3001 0000 | 0075 1748 | 899f 3001 | 0000 48c7 | 8738 0100 
  0x000001ea09542b90: 0001 0000 | 00e9 2600 | 0000 e921 

  0x000001ea09542b9c: ;   {metadata(method data for {method} {0x000001ea6180a9b0} 'notOwnTimeout' '(Lkotlinx/coroutines/internal/ScopeCoroutine;Ljava/lang/Throwable;)Z' in 'kotlinx/coroutines/intrinsics/UndispatchedKt')}
  0x000001ea09542b9c: 0000 0048 | bfc0 aed8 | 64ea 0100 | 0048 83af | 1001 0000 | 01e9 0500 | 0000 e905 | 0000 004d 
  0x000001ea09542bbc: 33c0 eb07 | 49c7 c001 | 0000 0045 

  0x000001ea09542bc8: ;   {metadata(method data for {method} {0x000001ea6180a9b0} 'notOwnTimeout' '(Lkotlinx/coroutines/internal/ScopeCoroutine;Ljava/lang/Throwable;)Z' in 'kotlinx/coroutines/intrinsics/UndispatchedKt')}
  0x000001ea09542bc8: 85c0 49b8 | c0ae d864 | ea01 0000 | 48c7 c648 | 0100 0074 | 0748 c7c6 | 5801 0000 | 498b 3c30 
  0x000001ea09542be8: 488d 7f01 | 4989 3c30 | 4c8b 4424 | 780f 841d | 0100 0048 | 85d2 7516 

  0x000001ea09542c00: ;   {metadata(method data for {method} {0x000001ea6180a9b0} 'notOwnTimeout' '(Lkotlinx/coroutines/internal/ScopeCoroutine;Ljava/lang/Throwable;)Z' in 'kotlinx/coroutines/intrinsics/UndispatchedKt')}
  0x000001ea09542c00: 48bf c0ae | d864 ea01 | 0000 808f | 6101 0000 | 01e9 cc00 

  0x000001ea09542c14: ;   {metadata('kotlinx/coroutines/TimeoutCancellationException')}
  0x000001ea09542c14: 0000 48bb | e060 2d21 | ea01 0000 | 8b72 0849 | ba00 0000 | 20ea 0100 | 0049 03f2 | 483b de0f 
  0x000001ea09542c34: 858d 0000 

  0x000001ea09542c38: ;   {metadata(method data for {method} {0x000001ea6180a9b0} 'notOwnTimeout' '(Lkotlinx/coroutines/internal/ScopeCoroutine;Ljava/lang/Throwable;)Z' in 'kotlinx/coroutines/intrinsics/UndispatchedKt')}
  0x000001ea09542c38: 0048 bfc0 | aed8 64ea | 0100 008b | 5a08 49ba | 0000 0020 | ea01 0000 | 4903 da48 | 3b9f 7801 
  0x000001ea09542c58: 0000 750d | 4883 8780 | 0100 0001 | e979 0000 | 0048 3b9f | 8801 0000 | 750d 4883 | 8790 0100 
  0x000001ea09542c78: 0001 e963 | 0000 0048 | 83bf 7801 | 0000 0075 | 1748 899f | 7801 0000 | 48c7 8780 | 0100 0001 
  0x000001ea09542c98: 0000 00e9 | 4200 0000 | 4883 bf88 | 0100 0000 | 7517 4889 | 9f88 0100 | 0048 c787 | 9001 0000 
  0x000001ea09542cb8: 0100 0000 | e921 0000 | 00e9 1c00 

  0x000001ea09542cc4: ;   {metadata(method data for {method} {0x000001ea6180a9b0} 'notOwnTimeout' '(Lkotlinx/coroutines/internal/ScopeCoroutine;Ljava/lang/Throwable;)Z' in 'kotlinx/coroutines/intrinsics/UndispatchedKt')}
  0x000001ea09542cc4: 0000 48bf | c0ae d864 | ea01 0000 | 4883 af68 | 0100 0001 | e947 0a00 | 00e9 0000 | 0000 8b52 
  0x000001ea09542ce4: 2448 c1e2 | 0349 3bd0 

  0x000001ea09542cec: ;   {metadata(method data for {method} {0x000001ea6180a9b0} 'notOwnTimeout' '(Lkotlinx/coroutines/internal/ScopeCoroutine;Ljava/lang/Throwable;)Z' in 'kotlinx/coroutines/intrinsics/UndispatchedKt')}
  0x000001ea09542cec: 48ba c0ae | d864 ea01 | 0000 48c7 | c6a0 0100 | 0074 0748 | c7c6 b001 | 0000 488b | 3c32 488d 
  0x000001ea09542d0c: 7f01 4889 | 3c32 0f84 | 1a00 0000 

  0x000001ea09542d18: ;   {metadata(method data for {method} {0x000001ea6180a9b0} 'notOwnTimeout' '(Lkotlinx/coroutines/internal/ScopeCoroutine;Ljava/lang/Throwable;)Z' in 'kotlinx/coroutines/intrinsics/UndispatchedKt')}
  0x000001ea09542d18: 48ba c0ae | d864 ea01 | 0000 ff82 | c001 0000 | ba01 0000 | 00e9 0500 | 0000 ba00 | 0000 0083 
  0x000001ea09542d38: e201 85d2 

  0x000001ea09542d3c: ;   {metadata(method data for {method} {0x000001ea6180a868} 'startUndspatched' '(Lkotlinx/coroutines/internal/ScopeCoroutine;ZLjava/lang/Object;Lkotlin/jvm/functions/Function2;)Ljava/lang/Object;' in 'kotlinx/coroutines/intrinsics/UndispatchedKt')}
  0x000001ea09542d3c: 48ba 188e | d864 ea01 | 0000 48c7 | c668 0400 | 0074 0748 | c7c6 7804 | 0000 488b | 3c32 488d 
  0x000001ea09542d5c: 7f01 4889 | 3c32 0f84 | 4701 0000 | 4885 c075 

  0x000001ea09542d6c: ;   {metadata(method data for {method} {0x000001ea6180a868} 'startUndspatched' '(Lkotlinx/coroutines/internal/ScopeCoroutine;ZLjava/lang/Object;Lkotlin/jvm/functions/Function2;)Ljava/lang/Object;' in 'kotlinx/coroutines/intrinsics/UndispatchedKt')}
  0x000001ea09542d6c: 1648 be18 | 8ed8 64ea | 0100 0080 | 8e81 0400 | 0001 e9cd 

  0x000001ea09542d80: ;   {metadata('kotlinx/coroutines/CompletedExceptionally')}
  0x000001ea09542d80: 0000 0048 | bff0 550d | 21ea 0100 | 008b 7008 | 49ba 0000 | 0020 ea01 | 0000 4903 | f248 3b7e 
  0x000001ea09542da0: 380f 858d 

  0x000001ea09542da4: ;   {metadata(method data for {method} {0x000001ea6180a868} 'startUndspatched' '(Lkotlinx/coroutines/internal/ScopeCoroutine;ZLjava/lang/Object;Lkotlin/jvm/functions/Function2;)Ljava/lang/Object;' in 'kotlinx/coroutines/intrinsics/UndispatchedKt')}
  0x000001ea09542da4: 0000 0048 | be18 8ed8 | 64ea 0100 | 008b 7808 | 49ba 0000 | 0020 ea01 | 0000 4903 | fa48 3bbe 
  0x000001ea09542dc4: 9804 0000 | 750d 4883 | 86a0 0400 | 0001 e979 | 0000 0048 | 3bbe a804 | 0000 750d | 4883 86b0 
  0x000001ea09542de4: 0400 0001 | e963 0000 | 0048 83be | 9804 0000 | 0075 1748 | 89be 9804 | 0000 48c7 | 86a0 0400 
  0x000001ea09542e04: 0001 0000 | 00e9 4200 | 0000 4883 | bea8 0400 | 0000 7517 | 4889 bea8 | 0400 0048 | c786 b004 
  0x000001ea09542e24: 0000 0100 | 0000 e921 | 0000 00e9 | 1c00 0000 

  0x000001ea09542e34: ;   {metadata(method data for {method} {0x000001ea6180a868} 'startUndspatched' '(Lkotlinx/coroutines/internal/ScopeCoroutine;ZLjava/lang/Object;Lkotlin/jvm/functions/Function2;)Ljava/lang/Object;' in 'kotlinx/coroutines/intrinsics/UndispatchedKt')}
  0x000001ea09542e34: 48be 188e | d864 ea01 | 0000 4883 | ae88 0400 | 0001 e9e7 | 0800 00e9 | 0000 0000 

  0x000001ea09542e50: ; implicit exception: dispatches to 0x000001ea0954373b
  0x000001ea09542e50: 8b50 1048 | c1e2 0341 | 8b40 1848 

  0x000001ea09542e5c: ;   {metadata(method data for {method} {0x000001ea6180a868} 'startUndspatched' '(Lkotlinx/coroutines/internal/ScopeCoroutine;ZLjava/lang/Object;Lkotlin/jvm/functions/Function2;)Ljava/lang/Object;' in 'kotlinx/coroutines/intrinsics/UndispatchedKt')}
  0x000001ea09542e5c: c1e0 0349 | b818 8ed8 | 64ea 0100 | 0049 8380 | c004 0000 

  0x000001ea09542e70: ;   {metadata(method data for {method} {0x000001ea616350c8} 'getRECOVER_STACK_TRACES' '()Z' in 'kotlinx/coroutines/DebugKt')}
  0x000001ea09542e70: 0149 b880 | 6b9d 63ea | 0100 0041 | 8bb0 cc00 | 0000 83c6 | 0241 89b0 | cc00 0000 | 81e6 feff 
  0x000001ea09542e90: 1f00 85f6 | 0f84 a608 

  0x000001ea09542e98: ;   {metadata(method data for {method} {0x000001ea6180a868} 'startUndspatched' '(Lkotlinx/coroutines/internal/ScopeCoroutine;ZLjava/lang/Object;Lkotlin/jvm/functions/Function2;)Ljava/lang/Object;' in 'kotlinx/coroutines/intrinsics/UndispatchedKt')}
  0x000001ea09542e98: 0000 48b8 | 188e d864 | ea01 0000 | ff80 d004 | 0000 e942 | 0600 0048 | 8b84 2490 | 0000 0048 
  0x000001ea09542eb8: 85c0 7516 

  0x000001ea09542ebc: ;   {metadata(method data for {method} {0x000001ea6180a868} 'startUndspatched' '(Lkotlinx/coroutines/internal/ScopeCoroutine;ZLjava/lang/Object;Lkotlin/jvm/functions/Function2;)Ljava/lang/Object;' in 'kotlinx/coroutines/intrinsics/UndispatchedKt')}
  0x000001ea09542ebc: 48bf 188e | d864 ea01 | 0000 808f | a105 0000 | 01e9 cd00 

  0x000001ea09542ed0: ;   {metadata('kotlinx/coroutines/CompletedExceptionally')}
  0x000001ea09542ed0: 0000 48bb | f055 0d21 | ea01 0000 | 8b78 0849 | ba00 0000 | 20ea 0100 | 0049 03fa | 483b 5f38 
  0x000001ea09542ef0: 0f85 8d00 

  0x000001ea09542ef4: ;   {metadata(method data for {method} {0x000001ea6180a868} 'startUndspatched' '(Lkotlinx/coroutines/internal/ScopeCoroutine;ZLjava/lang/Object;Lkotlin/jvm/functions/Function2;)Ljava/lang/Object;' in 'kotlinx/coroutines/intrinsics/UndispatchedKt')}
  0x000001ea09542ef4: 0000 48bf | 188e d864 | ea01 0000 | 8b58 0849 | ba00 0000 | 20ea 0100 | 0049 03da | 483b 9fb8 
  0x000001ea09542f14: 0500 0075 | 0d48 8387 | c005 0000 | 01e9 7e00 | 0000 483b | 9fc8 0500 | 0075 0d48 | 8387 d005 
  0x000001ea09542f34: 0000 01e9 | 6800 0000 | 4883 bfb8 | 0500 0000 | 7517 4889 | 9fb8 0500 | 0048 c787 | c005 0000 
  0x000001ea09542f54: 0100 0000 | e947 0000 | 0048 83bf | c805 0000 | 0075 1748 | 899f c805 | 0000 48c7 | 87d0 0500 
  0x000001ea09542f74: 0001 0000 | 00e9 2600 | 0000 e921 

  0x000001ea09542f80: ;   {metadata(method data for {method} {0x000001ea6180a868} 'startUndspatched' '(Lkotlinx/coroutines/internal/ScopeCoroutine;ZLjava/lang/Object;Lkotlin/jvm/functions/Function2;)Ljava/lang/Object;' in 'kotlinx/coroutines/intrinsics/UndispatchedKt')}
  0x000001ea09542f80: 0000 0048 | bf18 8ed8 | 64ea 0100 | 0048 83af | a805 0000 | 01e9 0500 | 0000 e905 | 0000 0048 
  0x000001ea09542fa0: 33d2 eb07 | 48c7 c201 | 0000 0085 

  0x000001ea09542fac: ;   {metadata(method data for {method} {0x000001ea6180a868} 'startUndspatched' '(Lkotlinx/coroutines/internal/ScopeCoroutine;ZLjava/lang/Object;Lkotlin/jvm/functions/Function2;)Ljava/lang/Object;' in 'kotlinx/coroutines/intrinsics/UndispatchedKt')}
  0x000001ea09542fac: d248 ba18 | 8ed8 64ea | 0100 0048 | c7c6 e005 | 0000 7407 | 48c7 c6f0 | 0500 0048 | 8b3c 3248 
  0x000001ea09542fcc: 8d7f 0148 | 893c 320f | 841f 0400 | 0048 85c0 

  0x000001ea09542fdc: ;   {metadata(method data for {method} {0x000001ea6180a868} 'startUndspatched' '(Lkotlinx/coroutines/internal/ScopeCoroutine;ZLjava/lang/Object;Lkotlin/jvm/functions/Function2;)Ljava/lang/Object;' in 'kotlinx/coroutines/intrinsics/UndispatchedKt')}
  0x000001ea09542fdc: 7516 48be | 188e d864 | ea01 0000 | 808e f905 | 0000 01e9 | cd00 0000 

  0x000001ea09542ff4: ;   {metadata('kotlinx/coroutines/CompletedExceptionally')}
  0x000001ea09542ff4: 48bf f055 | 0d21 ea01 | 0000 8b70 | 0849 ba00 | 0000 20ea | 0100 0049 | 03f2 483b | 7e38 0f85 
  0x000001ea09543014: 8d00 0000 

  0x000001ea09543018: ;   {metadata(method data for {method} {0x000001ea6180a868} 'startUndspatched' '(Lkotlinx/coroutines/internal/ScopeCoroutine;ZLjava/lang/Object;Lkotlin/jvm/functions/Function2;)Ljava/lang/Object;' in 'kotlinx/coroutines/intrinsics/UndispatchedKt')}
  0x000001ea09543018: 48be 188e | d864 ea01 | 0000 8b78 | 0849 ba00 | 0000 20ea | 0100 0049 | 03fa 483b | be10 0600 
  0x000001ea09543038: 0075 0d48 | 8386 1806 | 0000 01e9 | 7900 0000 | 483b be20 | 0600 0075 | 0d48 8386 | 2806 0000 
  0x000001ea09543058: 01e9 6300 | 0000 4883 | be10 0600 | 0000 7517 | 4889 be10 | 0600 0048 | c786 1806 | 0000 0100 
  0x000001ea09543078: 0000 e942 | 0000 0048 | 83be 2006 | 0000 0075 | 1748 89be | 2006 0000 | 48c7 8628 | 0600 0001 
  0x000001ea09543098: 0000 00e9 | 2100 0000 | e91c 0000 

  0x000001ea095430a4: ;   {metadata(method data for {method} {0x000001ea6180a868} 'startUndspatched' '(Lkotlinx/coroutines/internal/ScopeCoroutine;ZLjava/lang/Object;Lkotlin/jvm/functions/Function2;)Ljava/lang/Object;' in 'kotlinx/coroutines/intrinsics/UndispatchedKt')}
  0x000001ea095430a4: 0048 be18 | 8ed8 64ea | 0100 0048 | 83ae 0006 | 0000 01e9 | a506 0000 | e900 0000 | 008b 5010 
  0x000001ea095430c4: 48c1 e203 | 418b 4018 | 48c1 e003 

  0x000001ea095430d0: ;   {metadata(method data for {method} {0x000001ea6180a868} 'startUndspatched' '(Lkotlinx/coroutines/internal/ScopeCoroutine;ZLjava/lang/Object;Lkotlin/jvm/functions/Function2;)Ljava/lang/Object;' in 'kotlinx/coroutines/intrinsics/UndispatchedKt')}
  0x000001ea095430d0: 49b8 188e | d864 ea01 | 0000 4983 | 8038 0600 

  0x000001ea095430e0: ;   {metadata(method data for {method} {0x000001ea616350c8} 'getRECOVER_STACK_TRACES' '()Z' in 'kotlinx/coroutines/DebugKt')}
  0x000001ea095430e0: 0001 49b8 | 806b 9d63 | ea01 0000 | 418b b0cc | 0000 0083 | c602 4189 | b0cc 0000 | 0081 e6fe 
  0x000001ea09543100: ff1f 0085 | f60f 8464 

  0x000001ea09543108: ;   {metadata(method data for {method} {0x000001ea6180a868} 'startUndspatched' '(Lkotlinx/coroutines/internal/ScopeCoroutine;ZLjava/lang/Object;Lkotlin/jvm/functions/Function2;)Ljava/lang/Object;' in 'kotlinx/coroutines/intrinsics/UndispatchedKt')}
  0x000001ea09543108: 0600 0048 | b818 8ed8 | 64ea 0100 | 00ff 8048 | 0600 00e9 | b603 0000 

  0x000001ea09543120: ;   {metadata(method data for {method} {0x000001ea6180a868} 'startUndspatched' '(Lkotlinx/coroutines/internal/ScopeCoroutine;ZLjava/lang/Object;Lkotlin/jvm/functions/Function2;)Ljava/lang/Object;' in 'kotlinx/coroutines/intrinsics/UndispatchedKt')}
  0x000001ea09543120: 48ba 188e | d864 ea01 | 0000 4883 | 8238 0700 

  0x000001ea09543130: ;   {metadata(method data for {method} {0x000001ea616452f8} 'unboxState' '(Ljava/lang/Object;)Ljava/lang/Object;' in 'kotlinx/coroutines/JobSupportKt')}
  0x000001ea09543130: 0001 48ba | b8dc 8d64 | ea01 0000 | 448b 82cc | 0000 0041 | 83c0 0244 | 8982 cc00 | 0000 4181 
  0x000001ea09543150: e0fe ff1f | 0045 85c0 | 0f84 3206 | 0000 4885 

  0x000001ea09543160: ;   {metadata(method data for {method} {0x000001ea616452f8} 'unboxState' '(Ljava/lang/Object;)Ljava/lang/Object;' in 'kotlinx/coroutines/JobSupportKt')}
  0x000001ea09543160: c075 1648 | beb8 dc8d | 64ea 0100 | 0080 8e09 | 0100 0001 | e9cd 0000 

  0x000001ea09543178: ;   {metadata('kotlinx/coroutines/IncompleteStateBox')}
  0x000001ea09543178: 0048 bf90 | 4e15 21ea | 0100 0044 | 8b40 0849 | ba00 0000 | 20ea 0100 | 004d 03c2 | 493b f80f 
  0x000001ea09543198: 858d 0000 

  0x000001ea0954319c: ;   {metadata(method data for {method} {0x000001ea616452f8} 'unboxState' '(Ljava/lang/Object;)Ljava/lang/Object;' in 'kotlinx/coroutines/JobSupportKt')}
  0x000001ea0954319c: 0048 beb8 | dc8d 64ea | 0100 008b | 7808 49ba | 0000 0020 | ea01 0000 | 4903 fa48 | 3bbe 2001 
  0x000001ea095431bc: 0000 750d | 4883 8628 | 0100 0001 | e97e 0000 | 0048 3bbe | 3001 0000 | 750d 4883 | 8638 0100 
  0x000001ea095431dc: 0001 e968 | 0000 0048 | 83be 2001 | 0000 0075 | 1748 89be | 2001 0000 | 48c7 8628 | 0100 0001 
  0x000001ea095431fc: 0000 00e9 | 4700 0000 | 4883 be30 | 0100 0000 | 7517 4889 | be30 0100 | 0048 c786 | 3801 0000 
  0x000001ea0954321c: 0100 0000 | e926 0000 | 00e9 2100 

  0x000001ea09543228: ;   {metadata(method data for {method} {0x000001ea616452f8} 'unboxState' '(Ljava/lang/Object;)Ljava/lang/Object;' in 'kotlinx/coroutines/JobSupportKt')}
  0x000001ea09543228: 0000 48be | b8dc 8d64 | ea01 0000 | 4883 ae10 | 0100 0001 | e905 0000 | 00e9 0500 | 0000 4833 
  0x000001ea09543248: d2eb 0748 | c7c2 0100 | 0000 85d2 

  0x000001ea09543254: ;   {metadata(method data for {method} {0x000001ea616452f8} 'unboxState' '(Ljava/lang/Object;)Ljava/lang/Object;' in 'kotlinx/coroutines/JobSupportKt')}
  0x000001ea09543254: 48ba b8dc | 8d64 ea01 | 0000 49c7 | c048 0100 | 0074 0749 | c7c0 5801 | 0000 4a8b | 3402 488d 
  0x000001ea09543274: 7601 4a89 | 3402 0f84 | 0101 0000 | 4885 c075 

  0x000001ea09543284: ;   {metadata(method data for {method} {0x000001ea616452f8} 'unboxState' '(Ljava/lang/Object;)Ljava/lang/Object;' in 'kotlinx/coroutines/JobSupportKt')}
  0x000001ea09543284: 1648 beb8 | dc8d 64ea | 0100 0080 | 8e61 0100 | 0001 e9cd 

  0x000001ea09543298: ;   {metadata('kotlinx/coroutines/IncompleteStateBox')}
  0x000001ea09543298: 0000 0048 | bf90 4e15 | 21ea 0100 | 0044 8b40 | 0849 ba00 | 0000 20ea | 0100 004d | 03c2 493b 
  0x000001ea095432b8: f80f 858d 

  0x000001ea095432bc: ;   {metadata(method data for {method} {0x000001ea616452f8} 'unboxState' '(Ljava/lang/Object;)Ljava/lang/Object;' in 'kotlinx/coroutines/JobSupportKt')}
  0x000001ea095432bc: 0000 0048 | beb8 dc8d | 64ea 0100 | 008b 7808 | 49ba 0000 | 0020 ea01 | 0000 4903 | fa48 3bbe 
  0x000001ea095432dc: 7801 0000 | 750d 4883 | 8680 0100 | 0001 e979 | 0000 0048 | 3bbe 8801 | 0000 750d | 4883 8690 
  0x000001ea095432fc: 0100 0001 | e963 0000 | 0048 83be | 7801 0000 | 0075 1748 | 89be 7801 | 0000 48c7 | 8680 0100 
  0x000001ea0954331c: 0001 0000 | 00e9 4200 | 0000 4883 | be88 0100 | 0000 7517 | 4889 be88 | 0100 0048 | c786 9001 
  0x000001ea0954333c: 0000 0100 | 0000 e921 | 0000 00e9 | 1c00 0000 

  0x000001ea0954334c: ;   {metadata(method data for {method} {0x000001ea616452f8} 'unboxState' '(Ljava/lang/Object;)Ljava/lang/Object;' in 'kotlinx/coroutines/JobSupportKt')}
  0x000001ea0954334c: 48be b8dc | 8d64 ea01 | 0000 4883 | ae68 0100 | 0001 e94e | 0400 00e9 | 0000 0000 

  0x000001ea09543368: ;   {metadata(method data for {method} {0x000001ea616452f8} 'unboxState' '(Ljava/lang/Object;)Ljava/lang/Object;' in 'kotlinx/coroutines/JobSupportKt')}
  0x000001ea09543368: 488b d049 | b8b8 dc8d | 64ea 0100 | 0041 ff80 | a001 0000 | e90a 0000 

  0x000001ea09543380: ;   {oop(nullptr)}
  0x000001ea09543380: 0048 ba00 | 0000 0000 | 0000 0048 

  0x000001ea0954338c: ;   {metadata(method data for {method} {0x000001ea616452f8} 'unboxState' '(Ljava/lang/Object;)Ljava/lang/Object;' in 'kotlinx/coroutines/JobSupportKt')}
  0x000001ea0954338c: 85d2 49b8 | b8dc 8d64 | ea01 0000 | 48c7 c6b8 | 0100 0074 | 0748 c7c6 | c801 0000 | 498b 3c30 
  0x000001ea095433ac: 488d 7f01 | 4989 3c30 | 0f84 3600 | 0000 8b52 | 0c48 c1e2 | 0348 85d2 

  0x000001ea095433c4: ;   {metadata(method data for {method} {0x000001ea616452f8} 'unboxState' '(Ljava/lang/Object;)Ljava/lang/Object;' in 'kotlinx/coroutines/JobSupportKt')}
  0x000001ea095433c4: 49b8 b8dc | 8d64 ea01 | 0000 48c7 | c6d8 0100 | 0075 0748 | c7c6 e801 | 0000 498b | 3c30 488d 
  0x000001ea095433e4: 7f01 4989 | 3c30 0f85 | 1b00 0000 | 488b d0e9 | 1300 0000 

  0x000001ea095433f8: ;   {metadata(method data for {method} {0x000001ea6180a868} 'startUndspatched' '(Lkotlinx/coroutines/internal/ScopeCoroutine;ZLjava/lang/Object;Lkotlin/jvm/functions/Function2;)Ljava/lang/Object;' in 'kotlinx/coroutines/intrinsics/UndispatchedKt')}
  0x000001ea095433f8: 48ba 188e | d864 ea01 | 0000 ff82 | 2007 0000 | 488b d048 | 8bc2 4881 | c4b0 0000 

  0x000001ea09543414: ;   {poll_return}
  0x000001ea09543414: 005d 493b | a750 0400 | 000f 879c | 0300 00c3 

  0x000001ea09543424: ;   {metadata(method data for {method} {0x000001ea6180a868} 'startUndspatched' '(Lkotlinx/coroutines/internal/ScopeCoroutine;ZLjava/lang/Object;Lkotlin/jvm/functions/Function2;)Ljava/lang/Object;' in 'kotlinx/coroutines/intrinsics/UndispatchedKt')}
  0x000001ea09543424: 48b8 188e | d864 ea01 | 0000 4883 | 8060 0300 

  0x000001ea09543434: ;   {metadata(method data for {method} {0x000001ea6164d550} 'getCOROUTINE_SUSPENDED' '()Ljava/lang/Object;' in 'kotlin/coroutines/intrinsics/IntrinsicsKt__IntrinsicsKt')}
  0x000001ea09543434: 0001 48b8 | d032 5162 | ea01 0000 | 8b90 cc00 | 0000 83c2 | 0289 90cc | 0000 0081 | e2fe ff1f 
  0x000001ea09543454: 0085 d20f | 8478 0300 

  0x000001ea0954345c: ;   {oop(a 'kotlin/coroutines/intrinsics/CoroutineSingletons'{0x0000000604c01990})}
  0x000001ea0954345c: 0048 b890 | 19c0 0406 | 0000 0048 | 81c4 b000 

  0x000001ea0954346c: ;   {poll_return}
  0x000001ea0954346c: 0000 5d49 | 3ba7 5004 | 0000 0f87 | 7a03 0000 

  0x000001ea0954347c: ;   {metadata(method data for {method} {0x000001ea6180a868} 'startUndspatched' '(Lkotlinx/coroutines/internal/ScopeCoroutine;ZLjava/lang/Object;Lkotlin/jvm/functions/Function2;)Ljava/lang/Object;' in 'kotlinx/coroutines/intrinsics/UndispatchedKt')}
  0x000001ea0954347c: c348 b818 | 8ed8 64ea | 0100 0048 | 8380 f802 

  0x000001ea0954348c: ;   {metadata(method data for {method} {0x000001ea6164d550} 'getCOROUTINE_SUSPENDED' '()Ljava/lang/Object;' in 'kotlin/coroutines/intrinsics/IntrinsicsKt__IntrinsicsKt')}
  0x000001ea0954348c: 0000 0148 | b8d0 3251 | 62ea 0100 | 008b 90cc | 0000 0083 | c202 8990 | cc00 0000 | 81e2 feff 
  0x000001ea095434ac: 1f00 85d2 | 0f84 5603 

  0x000001ea095434b4: ;   {oop(a 'kotlin/coroutines/intrinsics/CoroutineSingletons'{0x0000000604c01990})}
  0x000001ea095434b4: 0000 48b8 | 9019 c004 | 0600 0000 | 4881 c4b0 | 0000 005d 

  0x000001ea095434c8: ;   {poll_return}
  0x000001ea095434c8: 493b a750 | 0400 000f | 8758 0300 

  0x000001ea095434d4: ;   {metadata(method data for {method} {0x000001ea6180a868} 'startUndspatched' '(Lkotlinx/coroutines/internal/ScopeCoroutine;ZLjava/lang/Object;Lkotlin/jvm/functions/Function2;)Ljava/lang/Object;' in 'kotlinx/coroutines/intrinsics/UndispatchedKt')}
  0x000001ea095434d4: 00c3 48b8 | 188e d864 | ea01 0000 | ff80 c006 | 0000 483b | 0248 8bc2 | e9a4 0300 

  0x000001ea095434f0: ;   {metadata(method data for {method} {0x000001ea6180a868} 'startUndspatched' '(Lkotlinx/coroutines/internal/ScopeCoroutine;ZLjava/lang/Object;Lkotlin/jvm/functions/Function2;)Ljava/lang/Object;' in 'kotlinx/coroutines/intrinsics/UndispatchedKt')}
  0x000001ea095434f0: 0048 b818 | 8ed8 64ea | 0100 00ff | 8048 0500 | 0048 3b02 | 488b c2e9 | 8903 0000 | 4c8b 4424 
  0x000001ea09543510: 7849 8b87 | 0005 0000 | 4d33 d24d | 8997 0005 | 0000 4d33 | d24d 8997 | 0805 0000 

  0x000001ea0954352c: ;   {metadata(method data for {method} {0x000001ea6180a868} 'startUndspatched' '(Lkotlinx/coroutines/internal/ScopeCoroutine;ZLjava/lang/Object;Lkotlin/jvm/functions/Function2;)Ljava/lang/Object;' in 'kotlinx/coroutines/intrinsics/UndispatchedKt')}
  0x000001ea0954352c: 48ba 188e | d864 ea01 | 0000 4883 | 8298 0200 | 0001 498b | d04c 8bc0 

  0x000001ea09543544: ;   {static_call}
  0x000001ea09543544: 6666 90e8 

  0x000001ea09543548: ; ImmutableOopMap {}
                      ;*invokestatic dispatchExceptionAndMakeCompleting {reexecute=0 rethrow=0 return_oop=0}
                      ; - kotlinx.coroutines.intrinsics.UndispatchedKt::startUndspatched@54 (line 70)
  0x000001ea09543548: 34bb 5b06 

  0x000001ea0954354c: ;   {other}
  0x000001ea0954354c: 0f1f 8400 | 3c17 0005 | 0f1f 4000 

  0x000001ea09543558: ;   {no_reloc}
  0x000001ea09543558: e9ff 0200 | 0000 0000 | 0000 80ba | 3101 0000 | 040f 85fc | 0200 0049 | 8b87 b801 | 0000 488d 
  0x000001ea09543578: 7828 493b | bfc8 0100 | 000f 87e4 | 0200 0049 | 89bf b801 | 0000 48c7 | 0001 0000 | 0048 8bca 
  0x000001ea09543598: 49ba 0000 | 0020 ea01 | 0000 492b | ca89 4808 | 4833 c989 | 480c 4833 | c948 8948 | 1048 8948 
  0x000001ea095435b8: 1848 8948 | 2048 8bd0 

  0x000001ea095435c0: ;   {metadata(method data for {method} {0x000001ea6180a868} 'startUndspatched' '(Lkotlinx/coroutines/internal/ScopeCoroutine;ZLjava/lang/Object;Lkotlin/jvm/functions/Function2;)Ljava/lang/Object;' in 'kotlinx/coroutines/intrinsics/UndispatchedKt')}
  0x000001ea095435c0: 48be 188e | d864 ea01 | 0000 4883 | 86a8 0200 | 0001 488b | d048 8984 | 24a0 0000 

  0x000001ea095435dc: ;   {optimized virtual_call}
  0x000001ea095435dc: 0066 90e8 

  0x000001ea095435e0: ; ImmutableOopMap {[160]=Oop }
                      ;*invokespecial <init> {reexecute=0 rethrow=0 return_oop=0}
                      ; - kotlinx.coroutines.intrinsics.UndispatchedKt::startUndspatched@62 (line 70)
  0x000001ea095435e0: 9cb4 5b06 

  0x000001ea095435e4: ;   {other}
  0x000001ea095435e4: 0f1f 8400 | d417 0006 | 488b 8424 | a000 0000 | e99c 0200 

  0x000001ea095435f8: ;   {metadata({method} {0x000001ea6180a868} 'startUndspatched' '(Lkotlinx/coroutines/internal/ScopeCoroutine;ZLjava/lang/Object;Lkotlin/jvm/functions/Function2;)Ljava/lang/Object;' in 'kotlinx/coroutines/intrinsics/UndispatchedKt')}
  0x000001ea095435f8: 0049 ba60 | a880 61ea | 0100 004c | 8954 2408 | 48c7 0424 | ffff ffff 

  0x000001ea09543610: ;   {runtime_call counter_overflow Runtime1 stub}
  0x000001ea09543610: e8eb e867 

  0x000001ea09543614: ; ImmutableOopMap {rdx=Oop r9=Oop rdi=Oop [120]=Oop }
                      ;*synchronization entry
                      ; - kotlinx.coroutines.intrinsics.UndispatchedKt::startUndspatched@-1 (line 65)
  0x000001ea09543614: 06e9 71eb | ffff 4889 

  0x000001ea0954361c: ;   {runtime_call throw_class_cast_exception Runtime1 stub}
  0x000001ea0954361c: 0424 e8dd 

  0x000001ea09543620: ; ImmutableOopMap {[120]=Oop [136]=Oop }
                      ;*checkcast {reexecute=0 rethrow=0 return_oop=0}
                      ; - kotlinx.coroutines.intrinsics.UndispatchedKt::startUndspatched@31 (line 66)
                      ;   {runtime_call throw_null_pointer_exception Runtime1 stub}
  0x000001ea09543620: ae67 06e8 

  0x000001ea09543624: ; ImmutableOopMap {rdx=Oop [120]=Oop [136]=Oop }
                      ;*invokeinterface invoke {reexecute=0 rethrow=0 return_oop=0}
                      ; - kotlinx.coroutines.intrinsics.UndispatchedKt::startUndspatched@39 (line 66)
  0x000001ea09543624: d886 6706 

  0x000001ea09543628: ;   {runtime_call fast_new_instance Runtime1 stub}
  0x000001ea09543628: 488b d2e8 

  0x000001ea0954362c: ; ImmutableOopMap {r8=Oop [120]=Oop }
                      ;*new {reexecute=0 rethrow=0 return_oop=0}
                      ; - kotlinx.coroutines.intrinsics.UndispatchedKt::startUndspatched@68 (line 72)
  0x000001ea0954362c: d08f 6706 | e94a efff 

  0x000001ea09543634: ;   {metadata({method} {0x000001ea61668938} '<init>' '(Ljava/lang/Throwable;ZILkotlin/jvm/internal/DefaultConstructorMarker;)V' in 'kotlinx/coroutines/CompletedExceptionally')}
  0x000001ea09543634: ff49 ba30 | 8966 61ea | 0100 004c | 8954 2408 | 48c7 0424 | ffff ffff 

  0x000001ea0954364c: ;   {runtime_call counter_overflow Runtime1 stub}
  0x000001ea0954364c: e8af e867 

  0x000001ea09543650: ; ImmutableOopMap {r8=Oop rax=Oop [120]=Oop }
                      ;*synchronization entry
                      ; - kotlinx.coroutines.CompletedExceptionally::<init>@-1 (line 26)
                      ; - kotlinx.coroutines.intrinsics.UndispatchedKt::startUndspatched@77 (line 72)
  0x000001ea09543650: 06e9 65ef 

  0x000001ea09543654: ;   {metadata({method} {0x000001ea61668860} '<init>' '(Ljava/lang/Throwable;Z)V' in 'kotlinx/coroutines/CompletedExceptionally')}
  0x000001ea09543654: ffff 49ba | 5888 6661 | ea01 0000 | 4c89 5424 | 0848 c704 | 24ff ffff 

  0x000001ea0954366c: ;   {runtime_call counter_overflow Runtime1 stub}
  0x000001ea0954366c: ffe8 8ee8 

  0x000001ea09543670: ; ImmutableOopMap {r8=Oop rax=Oop [120]=Oop }
                      ;*synchronization entry
                      ; - kotlinx.coroutines.CompletedExceptionally::<init>@-1 (line 26)
                      ; - kotlinx.coroutines.CompletedExceptionally::<init>@11 (line 26)
                      ; - kotlinx.coroutines.intrinsics.UndispatchedKt::startUndspatched@77 (line 72)
  0x000001ea09543670: 6706 e990 

  0x000001ea09543674: ;   {metadata({method} {0x000001ea20474990} '<init>' '()V' in 'java/lang/Object')}
  0x000001ea09543674: efff ff49 | ba88 4947 | 20ea 0100 | 004c 8954 | 2408 48c7 | 0424 ffff 

  0x000001ea0954368c: ;   {runtime_call counter_overflow Runtime1 stub}
  0x000001ea0954368c: ffff e86d 

  0x000001ea09543690: ; ImmutableOopMap {r8=Oop rax=Oop [120]=Oop }
                      ;*synchronization entry
                      ; - java.lang.Object::<init>@-1 (line 45)
                      ; - kotlinx.coroutines.CompletedExceptionally::<init>@1 (line 26)
                      ; - kotlinx.coroutines.CompletedExceptionally::<init>@11 (line 26)
                      ; - kotlinx.coroutines.intrinsics.UndispatchedKt::startUndspatched@77 (line 72)
  0x000001ea09543690: e867 06e9 | abef ffff | 8b50 1048 | c1e2 0348 | 83fa 000f | 84a7 efff | ff48 8914 

  0x000001ea095436ac: ;   {runtime_call g1_pre_barrier_slow}
  0x000001ea095436ac: 24e8 4eee | 6706 e999 | efff ff49 | 83f8 000f | 84ae efff | ff48 8904 

  0x000001ea095436c4: ;   {runtime_call g1_post_barrier_slow}
  0x000001ea095436c4: 24e8 36f1 | 6706 e9a0 

  0x000001ea095436cc: ;   {metadata({method} {0x000001ea6164d550} 'getCOROUTINE_SUSPENDED' '()Ljava/lang/Object;' in 'kotlin/coroutines/intrinsics/IntrinsicsKt__IntrinsicsKt')}
  0x000001ea095436cc: efff ff49 | ba48 d564 | 61ea 0100 | 004c 8954 | 2408 48c7 | 0424 ffff 

  0x000001ea095436e4: ;   {runtime_call counter_overflow Runtime1 stub}
  0x000001ea095436e4: ffff e815 

  0x000001ea095436e8: ; ImmutableOopMap {rax=Oop [120]=Oop }
                      ;*synchronization entry
                      ; - kotlin.coroutines.intrinsics.IntrinsicsKt__IntrinsicsKt::getCOROUTINE_SUSPENDED@-1 (line 57)
                      ; - kotlinx.coroutines.intrinsics.UndispatchedKt::startUndspatched@88 (line 82)
  0x000001ea095436e8: e867 06e9 | dbef ffff 

  0x000001ea095436f0: ;   {runtime_call throw_null_pointer_exception Runtime1 stub}
  0x000001ea095436f0: e80b 8667 

  0x000001ea095436f4: ; ImmutableOopMap {rax=Oop rdx=Oop [120]=Oop }
                      ;*invokevirtual makeCompletingOnce$kotlinx_coroutines_core {reexecute=0 rethrow=0 return_oop=0}
                      ; - kotlinx.coroutines.intrinsics.UndispatchedKt::startUndspatched@101 (line 83)
  0x000001ea095436f4: 0648 8904 

  0x000001ea095436f8: ;   {runtime_call throw_class_cast_exception Runtime1 stub}
  0x000001ea095436f8: 24e8 02ae 

  0x000001ea095436fc: ; ImmutableOopMap {rax=Oop [120]=Oop [144]=Oop }
                      ;*checkcast {reexecute=0 rethrow=0 return_oop=0}
                      ; - kotlinx.coroutines.intrinsics.UndispatchedKt::startUndspatched@138 (line 88)
                      ;   {runtime_call throw_null_pointer_exception Runtime1 stub}
  0x000001ea095436fc: 6706 e8fd 

  0x000001ea09543700: ; ImmutableOopMap {rax=Oop [120]=Oop [144]=Oop }
                      ;*getfield cause {reexecute=1 rethrow=0 return_oop=0}
                      ; - (reexecute) kotlinx.coroutines.intrinsics.UndispatchedKt::startUndspatched@141 (line 88)
                      ;   {metadata({method} {0x000001ea6180a9b0} 'notOwnTimeout' '(Lkotlinx/coroutines/internal/ScopeCoroutine;Ljava/lang/Throwable;)Z' in 'kotlinx/coroutines/intrinsics/UndispatchedKt')}
  0x000001ea09543700: 8567 0649 | baa8 a980 | 61ea 0100 | 004c 8954 | 2408 48c7 | 0424 ffff 

  0x000001ea09543718: ;   {runtime_call counter_overflow Runtime1 stub}
  0x000001ea09543718: ffff e8e1 

  0x000001ea0954371c: ; ImmutableOopMap {rax=Oop rdx=Oop [120]=Oop [144]=Oop }
                      ;*synchronization entry
                      ; - kotlinx.coroutines.intrinsics.UndispatchedKt::notOwnTimeout@-1 (line 98)
                      ; - kotlinx.coroutines.intrinsics.UndispatchedKt::startUndspatched@144 (line 88)
  0x000001ea0954371c: e767 06e9 | b0f3 ffff | 4889 1424 

  0x000001ea09543728: ;   {runtime_call throw_class_cast_exception Runtime1 stub}
  0x000001ea09543728: e8d3 ad67 

  0x000001ea0954372c: ; ImmutableOopMap {rax=Oop r8=Oop [120]=Oop [144]=Oop }
                      ;*checkcast {reexecute=0 rethrow=0 return_oop=0}
                      ; - kotlinx.coroutines.intrinsics.UndispatchedKt::notOwnTimeout@8 (line 98)
                      ; - kotlinx.coroutines.intrinsics.UndispatchedKt::startUndspatched@144 (line 88)
                      ;   {runtime_call throw_null_pointer_exception Runtime1 stub}
  0x000001ea0954372c: 06e8 ce85 

  0x000001ea09543730: ; ImmutableOopMap {rax=Oop r8=Oop [120]=Oop [144]=Oop }
                      ;*getfield coroutine {reexecute=1 rethrow=0 return_oop=0}
                      ; - (reexecute) kotlinx.coroutines.intrinsics.UndispatchedKt::notOwnTimeout@11 (line 98)
                      ; - kotlinx.coroutines.intrinsics.UndispatchedKt::startUndspatched@144 (line 88)
  0x000001ea09543730: 6706 4889 

  0x000001ea09543734: ;   {runtime_call throw_class_cast_exception Runtime1 stub}
  0x000001ea09543734: 0424 e8c5 

  0x000001ea09543738: ; ImmutableOopMap {r8=Oop [120]=Oop }
                      ;*checkcast {reexecute=0 rethrow=0 return_oop=0}
                      ; - kotlinx.coroutines.intrinsics.UndispatchedKt::startUndspatched@152 (line 88)
                      ;   {runtime_call throw_null_pointer_exception Runtime1 stub}
  0x000001ea09543738: ad67 06e8 

  0x000001ea0954373c: ; ImmutableOopMap {r8=Oop [120]=Oop }
                      ;*getfield cause {reexecute=1 rethrow=0 return_oop=0}
                      ; - (reexecute) kotlinx.coroutines.intrinsics.UndispatchedKt::startUndspatched@155 (line 88)
  0x000001ea0954373c: c085 6706 

  0x000001ea09543740: ;   {metadata({method} {0x000001ea616350c8} 'getRECOVER_STACK_TRACES' '()Z' in 'kotlinx/coroutines/DebugKt')}
  0x000001ea09543740: 49ba c050 | 6361 ea01 | 0000 4c89 | 5424 0848 | c704 24ff 

  0x000001ea09543754: ;   {runtime_call counter_overflow Runtime1 stub}
  0x000001ea09543754: ffff ffe8 

  0x000001ea09543758: ; ImmutableOopMap {rdx=Oop rax=Oop }
                      ;*synchronization entry
                      ; - kotlinx.coroutines.DebugKt::getRECOVER_STACK_TRACES@-1 (line 77)
                      ; - kotlinx.coroutines.intrinsics.UndispatchedKt::startUndspatched@169 (line 113)
  0x000001ea09543758: a4e7 6706 | e939 f7ff | ff48 8904 

  0x000001ea09543764: ;   {runtime_call throw_class_cast_exception Runtime1 stub}
  0x000001ea09543764: 24e8 96ad 

  0x000001ea09543768: ; ImmutableOopMap {r8=Oop [120]=Oop }
                      ;*checkcast {reexecute=0 rethrow=0 return_oop=0}
                      ; - kotlinx.coroutines.intrinsics.UndispatchedKt::startUndspatched@209 (line 89)
                      ;   {runtime_call throw_null_pointer_exception Runtime1 stub}
  0x000001ea09543768: 6706 e891 

  0x000001ea0954376c: ; ImmutableOopMap {r8=Oop [120]=Oop }
                      ;*getfield cause {reexecute=1 rethrow=0 return_oop=0}
                      ; - (reexecute) kotlinx.coroutines.intrinsics.UndispatchedKt::startUndspatched@212 (line 89)
                      ;   {metadata({method} {0x000001ea616350c8} 'getRECOVER_STACK_TRACES' '()Z' in 'kotlinx/coroutines/DebugKt')}
  0x000001ea0954376c: 8567 0649 | bac0 5063 | 61ea 0100 | 004c 8954 | 2408 48c7 | 0424 ffff 

  0x000001ea09543784: ;   {runtime_call counter_overflow Runtime1 stub}
  0x000001ea09543784: ffff e875 

  0x000001ea09543788: ; ImmutableOopMap {rdx=Oop rax=Oop }
                      ;*synchronization entry
                      ; - kotlinx.coroutines.DebugKt::getRECOVER_STACK_TRACES@-1 (line 77)
                      ; - kotlinx.coroutines.intrinsics.UndispatchedKt::startUndspatched@226 (line 115)
  0x000001ea09543788: e767 06e9 | 7bf9 ffff 

  0x000001ea09543790: ;   {metadata({method} {0x000001ea616452f8} 'unboxState' '(Ljava/lang/Object;)Ljava/lang/Object;' in 'kotlinx/coroutines/JobSupportKt')}
  0x000001ea09543790: 49ba f052 | 6461 ea01 | 0000 4c89 | 5424 0848 | c704 24ff 

  0x000001ea095437a4: ;   {runtime_call counter_overflow Runtime1 stub}
  0x000001ea095437a4: ffff ffe8 

  0x000001ea095437a8: ; ImmutableOopMap {rax=Oop }
                      ;*synchronization entry
                      ; - kotlinx.coroutines.JobSupportKt::unboxState@-1 (line 1395)
                      ; - kotlinx.coroutines.intrinsics.UndispatchedKt::startUndspatched@263 (line 93)
  0x000001ea095437a8: 54e7 6706 | e9ad f9ff | ff48 8904 

  0x000001ea095437b4: ;   {runtime_call throw_class_cast_exception Runtime1 stub}
  0x000001ea095437b4: 24e8 46ad 

  0x000001ea095437b8: ; ImmutableOopMap {rax=Oop }
                      ;*checkcast {reexecute=0 rethrow=0 return_oop=0}
                      ; - kotlinx.coroutines.JobSupportKt::unboxState@8 (line 1395)
                      ; - kotlinx.coroutines.intrinsics.UndispatchedKt::startUndspatched@263 (line 93)
                      ;   {runtime_call throw_null_pointer_exception Runtime1 stub}
  0x000001ea095437b8: 6706 e841 

  0x000001ea095437bc: ; ImmutableOopMap {rax=Oop }
                      ;*getfield state {reexecute=1 rethrow=0 return_oop=0}
                      ; - (reexecute) kotlinx.coroutines.JobSupportKt::unboxState@19 (line 1395)
                      ; - kotlinx.coroutines.intrinsics.UndispatchedKt::startUndspatched@263 (line 93)
                      ;   {internal_word}
  0x000001ea095437bc: 8567 0649 | ba16 3454 | 09ea 0100 | 004d 8997 | 6804 0000 

  0x000001ea095437d0: ;   {runtime_call SafepointBlob}
  0x000001ea095437d0: e9ab 1c5c 

  0x000001ea095437d4: ;   {metadata({method} {0x000001ea6164d550} 'getCOROUTINE_SUSPENDED' '()Ljava/lang/Object;' in 'kotlin/coroutines/intrinsics/IntrinsicsKt__IntrinsicsKt')}
  0x000001ea095437d4: 0649 ba48 | d564 61ea | 0100 004c | 8954 2408 | 48c7 0424 | ffff ffff 

  0x000001ea095437ec: ;   {runtime_call counter_overflow Runtime1 stub}
  0x000001ea095437ec: e80f e767 

  0x000001ea095437f0: ; ImmutableOopMap {}
                      ;*synchronization entry
                      ; - kotlin.coroutines.intrinsics.IntrinsicsKt__IntrinsicsKt::getCOROUTINE_SUSPENDED@-1 (line 57)
                      ; - kotlinx.coroutines.intrinsics.UndispatchedKt::startUndspatched@114 (line 84)
  0x000001ea095437f0: 06e9 67fc 

  0x000001ea095437f4: ;   {internal_word}
  0x000001ea095437f4: ffff 49ba | 6f34 5409 | ea01 0000 | 4d89 9768 

  0x000001ea09543804: ;   {runtime_call SafepointBlob}
  0x000001ea09543804: 0400 00e9 | 741c 5c06 

  0x000001ea0954380c: ;   {metadata({method} {0x000001ea6164d550} 'getCOROUTINE_SUSPENDED' '()Ljava/lang/Object;' in 'kotlin/coroutines/intrinsics/IntrinsicsKt__IntrinsicsKt')}
  0x000001ea0954380c: 49ba 48d5 | 6461 ea01 | 0000 4c89 | 5424 0848 | c704 24ff 

  0x000001ea09543820: ;   {runtime_call counter_overflow Runtime1 stub}
  0x000001ea09543820: ffff ffe8 

  0x000001ea09543824: ; ImmutableOopMap {}
                      ;*synchronization entry
                      ; - kotlin.coroutines.intrinsics.IntrinsicsKt__IntrinsicsKt::getCOROUTINE_SUSPENDED@-1 (line 57)
                      ; - kotlinx.coroutines.intrinsics.UndispatchedKt::startUndspatched@94 (line 82)
  0x000001ea09543824: d8e6 6706 | e989 fcff 

  0x000001ea0954382c: ;   {internal_word}
  0x000001ea0954382c: ff49 bac8 | 3454 09ea | 0100 004d | 8997 6804 

  0x000001ea0954383c: ;   {runtime_call SafepointBlob}
  0x000001ea0954383c: 0000 e93d 

  0x000001ea09543840: ;   {runtime_call throw_null_pointer_exception Runtime1 stub}
  0x000001ea09543840: 1c5c 06e8 

  0x000001ea09543844: ; ImmutableOopMap {rdx=Oop }
                      ;*athrow {reexecute=1 rethrow=0 return_oop=0}
                      ; - (reexecute) kotlinx.coroutines.intrinsics.UndispatchedKt::startUndspatched@255 (line 116)
  0x000001ea09543844: b884 6706 

  0x000001ea09543848: ;   {runtime_call throw_null_pointer_exception Runtime1 stub}
  0x000001ea09543848: e8b3 8467 

  0x000001ea0954384c: ; ImmutableOopMap {rdx=Oop }
                      ;*athrow {reexecute=1 rethrow=0 return_oop=0}
                      ; - (reexecute) kotlinx.coroutines.intrinsics.UndispatchedKt::startUndspatched@198 (line 114)
                      ;   {metadata(nullptr)}
  0x000001ea0954384c: 0648 ba00 | 0000 0000 | 0000 00b8 | 000f 050a 

  0x000001ea0954385c: ;   {runtime_call load_klass_patching Runtime1 stub}
  0x000001ea0954385c: e81f cd67 

  0x000001ea09543860: ; ImmutableOopMap {}
                      ;*new {reexecute=1 rethrow=0 return_oop=0}
                      ; - (reexecute) kotlinx.coroutines.intrinsics.UndispatchedKt::startUndspatched@58 (line 70)
  0x000001ea09543860: 06e9 f2fc 

  0x000001ea09543864: ;   {runtime_call throw_null_pointer_exception Runtime1 stub}
  0x000001ea09543864: ffff e895 

  0x000001ea09543868: ; ImmutableOopMap {}
                      ;*new {reexecute=0 rethrow=0 return_oop=0}
                      ; - kotlinx.coroutines.intrinsics.UndispatchedKt::startUndspatched@58 (line 70)
  0x000001ea09543868: 8467 0648 

  0x000001ea0954386c: ;   {runtime_call fast_new_instance_init_check Runtime1 stub}
  0x000001ea0954386c: 8bd2 e88d 

  0x000001ea09543870: ; ImmutableOopMap {}
                      ;*new {reexecute=0 rethrow=0 return_oop=0}
                      ; - kotlinx.coroutines.intrinsics.UndispatchedKt::startUndspatched@58 (line 70)
  0x000001ea09543870: 9467 06e9 | 45fd ffff | 498b 8700 | 0500 0049 | c787 0005 | 0000 0000 | 0000 49c7 | 8708 0500 
  0x000001ea09543890: 0000 0000 | 0048 81c4 | b000 0000 

  0x000001ea0954389c: ;   {runtime_call unwind_exception Runtime1 stub}
  0x000001ea0954389c: 5de9 5e65 | 6706 f4f4 | f4f4 f4f4 
[Stub Code]
  0x000001ea095438a8: ;   {no_reloc}
  0x000001ea095438a8: 0f1f 4400 

  0x000001ea095438ac: ;   {static_stub}
  0x000001ea095438ac: 0048 bb00 | 0000 0000 

  0x000001ea095438b4: ;   {runtime_call nmethod}
  0x000001ea095438b4: 0000 00e9 | fbff ffff 

  0x000001ea095438bc: ;   {static_stub}
  0x000001ea095438bc: 9048 bb00 | 0000 0000 

  0x000001ea095438c4: ;   {runtime_call nmethod}
  0x000001ea095438c4: 0000 00e9 | fbff ffff 

  0x000001ea095438cc: ;   {static_stub}
  0x000001ea095438cc: 9048 bb00 | 0000 0000 

  0x000001ea095438d4: ;   {runtime_call nmethod}
  0x000001ea095438d4: 0000 00e9 | fbff ffff 

  0x000001ea095438dc: ;   {static_stub}
  0x000001ea095438dc: 48bb 0000 | 0000 0000 

  0x000001ea095438e4: ;   {runtime_call nmethod}
  0x000001ea095438e4: 0000 e9fb 

  0x000001ea095438e8: ;   {static_stub}
  0x000001ea095438e8: ffff ff48 | bb00 0000 | 0000 0000 

  0x000001ea095438f4: ;   {runtime_call nmethod}
  0x000001ea095438f4: 00e9 fbff 

  0x000001ea095438f8: ;   {static_stub}
  0x000001ea095438f8: ffff 48bb | 0000 0000 | 0000 0000 

  0x000001ea09543904: ;   {runtime_call nmethod}
  0x000001ea09543904: e9fb ffff 

  0x000001ea09543908: ;   {static_stub}
  0x000001ea09543908: ff48 bb00 | 0000 0000 

  0x000001ea09543910: ;   {runtime_call nmethod}
  0x000001ea09543910: 0000 00e9 | fbff ffff 
[Exception Handler]
  0x000001ea09543918: ;   {runtime_call handle_exception_from_callee Runtime1 stub}
  0x000001ea09543918: e8e3 a567 

  0x000001ea0954391c: ;   {external_word}
  0x000001ea0954391c: 0648 b940 | 63a6 94fb | 7f00 0048 

  0x000001ea09543928: ;   {runtime_call}
  0x000001ea09543928: 83e4 f048 | b8d0 c468 | 94fb 7f00 | 00ff d0f4 
[Deopt Handler Code]
  0x000001ea09543938: ;   {section_word}
  0x000001ea09543938: 49ba 3839 | 5409 ea01 | 0000 4152 

  0x000001ea09543944: ;   {runtime_call DeoptimizationBlob}
  0x000001ea09543944: e9d7 0d5c | 06f4 f4f4 | f4f4 f4f4 
[/MachCode]


---------------  P R O C E S S  ---------------

Threads class SMR info:
_java_thread_list=0x000001ea70cd6700, length=134, elements={
0x000001ea79050f20, 0x000001ea7be26410, 0x000001ea7be28e80, 0x000001ea7be2cb60,
0x000001ea7be2f700, 0x000001ea7be33180, 0x000001ea7be36390, 0x000001ea7be380c0,
0x000001ea7be5c280, 0x000001ea7be35670, 0x000001ea7be34fe0, 0x000001ea7be370b0,
0x000001ea7be33c30, 0x000001ea7be342c0, 0x000001ea7be34950, 0x000001ea655f04a0,
0x000001ea655f2c00, 0x000001ea655f3920, 0x000001ea655f0b30, 0x000001ea655f3290,
0x000001ea655f3fb0, 0x000001ea655f1ee0, 0x000001ea655f59f0, 0x000001ea655f6080,
0x000001ea655f6710, 0x000001ea655f6da0, 0x000001ea655f7ac0, 0x000001ea665a8290,
0x000001ea665a7570, 0x000001ea665a8fb0, 0x000001ea665a6850, 0x000001ea665a7c00,
0x000001ea665a61c0, 0x000001ea665ac430, 0x000001ea665abda0, 0x000001ea665acac0,
0x000001ea665aa360, 0x000001ea665ad7e0, 0x000001ea665aa9f0, 0x000001ea665ab080,
0x000001ea702eca60, 0x000001ea702ed0f0, 0x000001ea702ebd40, 0x000001ea702f0570,
0x000001ea702f1290, 0x000001ea702f1920, 0x000001ea702f1fb0, 0x000001ea702f2640,
0x000001ea715ecb70, 0x000001ea715e9d80, 0x000001ea715eb130, 0x000001ea715ed890,
0x000001ea715eb7c0, 0x000001ea715ed200, 0x000001ea715ebe50, 0x000001ea715ec4e0,
0x000001ea715ea410, 0x000001ea715ef2d0, 0x000001ea715efff0, 0x000001ea715edf20,
0x000001ea715f0d10, 0x000001ea715f0680, 0x000001ea715ee5b0, 0x000001ea715ef960,
0x000001ea715f13a0, 0x000001ea719453b0, 0x000001ea71943970, 0x000001ea71945a40,
0x000001ea71942c50, 0x000001ea71944000, 0x000001ea71944d20, 0x000001ea71946760,
0x000001ea719432e0, 0x000001ea665ad150, 0x000001ea702ef850, 0x000001eacacb5260,
0x000001eacacb7330, 0x000001eacacb79c0, 0x000001eacacb58f0, 0x000001eacacb5f80,
0x000001eacacb6610, 0x000001ead0dff7b0, 0x000001ead0dffe40, 0x000001ead0e004d0,
0x000001ead0dfdd70, 0x000001ead0e01880, 0x000001ead0dfe400, 0x000001ead0e01f10,
0x000001eaca406090, 0x000001ea71948ec0, 0x000001ea665a9cd0, 0x000001ea703b4ff0,
0x000001ea703b5d10, 0x000001ea703b4960, 0x000001ea703b2f20, 0x000001ea703b42d0,
0x000001ea703b5680, 0x000001ea703b35b0, 0x000001ea703b2890, 0x000001ea703b70c0,
0x000001ea703b6a30, 0x000001ea703b3c40, 0x000001ea703b9190, 0x000001ea703b7de0,
0x000001ea703b8b00, 0x000001ea703b8470, 0x000001ea703b7750, 0x000001ea703b63a0,
0x000001ea703ba540, 0x000001ea703babd0, 0x000001ea703b9eb0, 0x000001ea703bb8f0,
0x000001ea703bed70, 0x000001ea703be6e0, 0x000001ea703be050, 0x000001ea703bbf80,
0x000001ea703c1b60, 0x000001ea703bfa90, 0x000001ea703c14d0, 0x000001ea703c2880,
0x000001ea703c21f0, 0x000001ead1004f60, 0x000001ead100b860, 0x000001ead1009790,
0x000001ead100a4b0, 0x000001ead1009e20, 0x000001ead100ab40, 0x000001ead1008a70,
0x000001ead100b1d0, 0x000001ead100bef0, 0x000001ead100c580, 0x000001ead1009100,
0x000001ead100cc10, 0x000001eac4ddbb10
}

Java Threads: ( => current thread )
  0x000001ea79050f20 JavaThread "main"                              [_thread_blocked, id=11060, stack(0x0000002330800000,0x0000002330900000) (1024K)]
  0x000001ea7be26410 JavaThread "Reference Handler"          daemon [_thread_blocked, id=3024, stack(0x0000002331000000,0x0000002331100000) (1024K)]
  0x000001ea7be28e80 JavaThread "Finalizer"                  daemon [_thread_blocked, id=19968, stack(0x0000002331100000,0x0000002331200000) (1024K)]
  0x000001ea7be2cb60 JavaThread "Signal Dispatcher"          daemon [_thread_blocked, id=21628, stack(0x0000002331200000,0x0000002331300000) (1024K)]
  0x000001ea7be2f700 JavaThread "Attach Listener"            daemon [_thread_blocked, id=484, stack(0x0000002331300000,0x0000002331400000) (1024K)]
  0x000001ea7be33180 JavaThread "Service Thread"             daemon [_thread_blocked, id=18412, stack(0x0000002331400000,0x0000002331500000) (1024K)]
  0x000001ea7be36390 JavaThread "Monitor Deflation Thread"   daemon [_thread_blocked, id=22516, stack(0x0000002331500000,0x0000002331600000) (1024K)]
  0x000001ea7be380c0 JavaThread "C2 CompilerThread0"         daemon [_thread_blocked, id=22524, stack(0x0000002331600000,0x0000002331700000) (1024K)]
  0x000001ea7be5c280 JavaThread "C1 CompilerThread0"         daemon [_thread_blocked, id=3652, stack(0x0000002331700000,0x0000002331800000) (1024K)]
  0x000001ea7be35670 JavaThread "Notification Thread"        daemon [_thread_blocked, id=21676, stack(0x0000002331900000,0x0000002331a00000) (1024K)]
  0x000001ea7be34fe0 JavaThread "Common-Cleaner"             daemon [_thread_blocked, id=21672, stack(0x0000002331a00000,0x0000002331b00000) (1024K)]
  0x000001ea7be370b0 JavaThread "Java2D Disposer"            daemon [_thread_blocked, id=17660, stack(0x0000002332000000,0x0000002332100000) (1024K)]
  0x000001ea7be33c30 JavaThread "AWT-Shutdown"                      [_thread_blocked, id=21112, stack(0x0000002332100000,0x0000002332200000) (1024K)]
  0x000001ea7be342c0 JavaThread "AWT-Windows"                daemon [_thread_in_native, id=15688, stack(0x0000002332200000,0x0000002332300000) (1024K)]
  0x000001ea7be34950 JavaThread "DefaultDispatcher-worker-1" daemon [_thread_blocked, id=3356, stack(0x0000002332300000,0x0000002332400000) (1024K)]
  0x000001ea655f04a0 JavaThread "DefaultDispatcher-worker-2" daemon [_thread_blocked, id=15964, stack(0x0000002332400000,0x0000002332500000) (1024K)]
  0x000001ea655f2c00 JavaThread "DefaultDispatcher-worker-3" daemon [_thread_in_native, id=12264, stack(0x0000002332500000,0x0000002332600000) (1024K)]
  0x000001ea655f3920 JavaThread "Reference Cleaner"          daemon [_thread_blocked, id=1544, stack(0x0000002333100000,0x0000002333200000) (1024K)]
  0x000001ea655f0b30 JavaThread "kotlinx.coroutines.DefaultExecutor" daemon [_thread_blocked, id=21360, stack(0x0000002333200000,0x0000002333300000) (1024K)]
  0x000001ea655f3290 JavaThread "AWT-EventQueue-0"                  [_thread_blocked, id=20428, stack(0x0000002333300000,0x0000002333400000) (1024K)]
  0x000001ea655f3fb0 JavaThread "TimerQueue"                 daemon [_thread_blocked, id=12172, stack(0x0000002333600000,0x0000002333700000) (1024K)]
  0x000001ea655f1ee0 JavaThread "HttpClient-1-SelectorManager" daemon [_thread_in_native, id=4072, stack(0x0000002334900000,0x0000002334a00000) (1024K)]
  0x000001ea655f59f0 JavaThread "DefaultDispatcher-worker-4" daemon [_thread_blocked, id=4228, stack(0x0000002334a00000,0x0000002334b00000) (1024K)]
  0x000001ea655f6080 JavaThread "DefaultDispatcher-worker-5" daemon [_thread_blocked, id=3464, stack(0x0000002334d00000,0x0000002334e00000) (1024K)]
  0x000001ea655f6710 JavaThread "HttpClient-1-Worker-0"      daemon [_thread_blocked, id=3288, stack(0x0000002334e00000,0x0000002334f00000) (1024K)]
  0x000001ea655f6da0 JavaThread "DefaultDispatcher-worker-6" daemon [_thread_blocked, id=3240, stack(0x0000002334f00000,0x0000002335000000) (1024K)]
  0x000001ea655f7ac0 JavaThread "HttpClient-1-Worker-1"      daemon [_thread_blocked, id=13828, stack(0x0000002335000000,0x0000002335100000) (1024K)]
  0x000001ea665a8290 JavaThread "DefaultDispatcher-worker-7" daemon [_thread_blocked, id=7108, stack(0x0000002335400000,0x0000002335500000) (1024K)]
  0x000001ea665a7570 JavaThread "DefaultDispatcher-worker-8" daemon [_thread_blocked, id=7560, stack(0x0000002335500000,0x0000002335600000) (1024K)]
  0x000001ea665a8fb0 JavaThread "DefaultDispatcher-worker-9" daemon [_thread_blocked, id=15180, stack(0x0000002335600000,0x0000002335700000) (1024K)]
  0x000001ea665a6850 JavaThread "DefaultDispatcher-worker-10" daemon [_thread_blocked, id=12040, stack(0x0000002335700000,0x0000002335800000) (1024K)]
  0x000001ea665a7c00 JavaThread "DefaultDispatcher-worker-11" daemon [_thread_blocked, id=20212, stack(0x0000002335800000,0x0000002335900000) (1024K)]
  0x000001ea665a61c0 JavaThread "DefaultDispatcher-worker-12" daemon [_thread_blocked, id=5176, stack(0x0000002335900000,0x0000002335a00000) (1024K)]
  0x000001ea665ac430 JavaThread "DefaultDispatcher-worker-13" daemon [_thread_blocked, id=14808, stack(0x0000002335a00000,0x0000002335b00000) (1024K)]
  0x000001ea665abda0 JavaThread "DefaultDispatcher-worker-14" daemon [_thread_blocked, id=20596, stack(0x0000002335b00000,0x0000002335c00000) (1024K)]
  0x000001ea665acac0 JavaThread "DefaultDispatcher-worker-15" daemon [_thread_blocked, id=3648, stack(0x0000002335c00000,0x0000002335d00000) (1024K)]
  0x000001ea665aa360 JavaThread "DefaultDispatcher-worker-16" daemon [_thread_blocked, id=4628, stack(0x0000002335d00000,0x0000002335e00000) (1024K)]
  0x000001ea665ad7e0 JavaThread "DefaultDispatcher-worker-17" daemon [_thread_blocked, id=16888, stack(0x0000002334b00000,0x0000002334c00000) (1024K)]
  0x000001ea665aa9f0 JavaThread "DefaultDispatcher-worker-18" daemon [_thread_blocked, id=17576, stack(0x0000002335100000,0x0000002335200000) (1024K)]
  0x000001ea665ab080 JavaThread "DefaultDispatcher-worker-19" daemon [_thread_blocked, id=3908, stack(0x0000002335200000,0x0000002335300000) (1024K)]
  0x000001ea702eca60 JavaThread "DefaultDispatcher-worker-20" daemon [_thread_blocked, id=16676, stack(0x0000002335e00000,0x0000002335f00000) (1024K)]
  0x000001ea702ed0f0 JavaThread "DefaultDispatcher-worker-21" daemon [_thread_blocked, id=16340, stack(0x0000002335f00000,0x0000002336000000) (1024K)]
  0x000001ea702ebd40 JavaThread "DefaultDispatcher-worker-22" daemon [_thread_blocked, id=14488, stack(0x0000002336000000,0x0000002336100000) (1024K)]
  0x000001ea702f0570 JavaThread "skiko-dispatcher-to-block-on" daemon [_thread_blocked, id=9188, stack(0x0000002336800000,0x0000002336900000) (1024K)]
  0x000001ea702f1290 JavaThread "DefaultDispatcher-worker-23" daemon [_thread_blocked, id=6544, stack(0x0000002336900000,0x0000002336a00000) (1024K)]
  0x000001ea702f1920 JavaThread "DefaultDispatcher-worker-24" daemon [_thread_blocked, id=7408, stack(0x0000002336a00000,0x0000002336b00000) (1024K)]
  0x000001ea702f1fb0 JavaThread "DefaultDispatcher-worker-25" daemon [_thread_blocked, id=6884, stack(0x0000002336b00000,0x0000002336c00000) (1024K)]
  0x000001ea702f2640 JavaThread "DefaultDispatcher-worker-26" daemon [_thread_blocked, id=11524, stack(0x0000002336c00000,0x0000002336d00000) (1024K)]
  0x000001ea715ecb70 JavaThread "DefaultDispatcher-worker-27" daemon [_thread_blocked, id=6036, stack(0x0000002336400000,0x0000002336500000) (1024K)]
  0x000001ea715e9d80 JavaThread "DefaultDispatcher-worker-28" daemon [_thread_blocked, id=3472, stack(0x0000002336500000,0x0000002336600000) (1024K)]
  0x000001ea715eb130 JavaThread "DefaultDispatcher-worker-40" daemon [_thread_blocked, id=15612, stack(0x0000002336600000,0x0000002336700000) (1024K)]
  0x000001ea715ed890 JavaThread "DefaultDispatcher-worker-29" daemon [_thread_blocked, id=16048, stack(0x0000002336700000,0x0000002336800000) (1024K)]
  0x000001ea715eb7c0 JavaThread "DefaultDispatcher-worker-30" daemon [_thread_blocked, id=16400, stack(0x0000002336d00000,0x0000002336e00000) (1024K)]
  0x000001ea715ed200 JavaThread "DefaultDispatcher-worker-31" daemon [_thread_blocked, id=8564, stack(0x0000002336e00000,0x0000002336f00000) (1024K)]
  0x000001ea715ebe50 JavaThread "DefaultDispatcher-worker-32" daemon [_thread_blocked, id=17436, stack(0x0000002336f00000,0x0000002337000000) (1024K)]
  0x000001ea715ec4e0 JavaThread "DefaultDispatcher-worker-33" daemon [_thread_blocked, id=18212, stack(0x0000002337000000,0x0000002337100000) (1024K)]
  0x000001ea715ea410 JavaThread "DefaultDispatcher-worker-34" daemon [_thread_blocked, id=20964, stack(0x0000002337100000,0x0000002337200000) (1024K)]
  0x000001ea715ef2d0 JavaThread "DefaultDispatcher-worker-35" daemon [_thread_blocked, id=17312, stack(0x0000002337200000,0x0000002337300000) (1024K)]
  0x000001ea715efff0 JavaThread "DefaultDispatcher-worker-36" daemon [_thread_blocked, id=4732, stack(0x0000002337300000,0x0000002337400000) (1024K)]
  0x000001ea715edf20 JavaThread "DefaultDispatcher-worker-37" daemon [_thread_blocked, id=17796, stack(0x0000002337400000,0x0000002337500000) (1024K)]
  0x000001ea715f0d10 JavaThread "DefaultDispatcher-worker-38" daemon [_thread_blocked, id=22020, stack(0x0000002337500000,0x0000002337600000) (1024K)]
  0x000001ea715f0680 JavaThread "DefaultDispatcher-worker-39" daemon [_thread_blocked, id=21552, stack(0x0000002337600000,0x0000002337700000) (1024K)]
  0x000001ea715ee5b0 JavaThread "DefaultDispatcher-worker-41" daemon [_thread_blocked, id=21604, stack(0x0000002337700000,0x0000002337800000) (1024K)]
  0x000001ea715ef960 JavaThread "HttpClient-1-Worker-2"      daemon [_thread_blocked, id=17032, stack(0x0000002337a00000,0x0000002337b00000) (1024K)]
  0x000001ea715f13a0 JavaThread "HttpClient-1-Worker-3"      daemon [_thread_blocked, id=16528, stack(0x0000002337b00000,0x0000002337c00000) (1024K)]
  0x000001ea719453b0 JavaThread "HttpClient-1-Worker-4"      daemon [_thread_blocked, id=21888, stack(0x0000002337c00000,0x0000002337d00000) (1024K)]
  0x000001ea71943970 JavaThread "HttpClient-1-Worker-5"      daemon [_thread_blocked, id=21904, stack(0x0000002337d00000,0x0000002337e00000) (1024K)]
  0x000001ea71945a40 JavaThread "HttpClient-1-Worker-6"      daemon [_thread_blocked, id=21936, stack(0x0000002337e00000,0x0000002337f00000) (1024K)]
  0x000001ea71942c50 JavaThread "HttpClient-1-Worker-7"      daemon [_thread_blocked, id=3592, stack(0x0000002338200000,0x0000002338300000) (1024K)]
  0x000001ea71944000 JavaThread "DefaultDispatcher-worker-42" daemon [_thread_blocked, id=4788, stack(0x0000002338300000,0x0000002338400000) (1024K)]
  0x000001ea71944d20 JavaThread "DefaultDispatcher-worker-43" daemon [_thread_blocked, id=8016, stack(0x0000002338400000,0x0000002338500000) (1024K)]
  0x000001ea71946760 JavaThread "DefaultDispatcher-worker-44" daemon [_thread_blocked, id=4092, stack(0x0000002338500000,0x0000002338600000) (1024K)]
  0x000001ea719432e0 JavaThread "DefaultDispatcher-worker-45" daemon [_thread_blocked, id=15068, stack(0x0000002338600000,0x0000002338700000) (1024K)]
  0x000001ea665ad150 JavaThread "DefaultDispatcher-worker-46" daemon [_thread_blocked, id=4740, stack(0x0000002338700000,0x0000002338800000) (1024K)]
  0x000001ea702ef850 JavaThread "DefaultDispatcher-worker-47" daemon [_thread_blocked, id=3488, stack(0x0000002338800000,0x0000002338900000) (1024K)]
  0x000001eacacb5260 JavaThread "DefaultDispatcher-worker-48" daemon [_thread_blocked, id=4132, stack(0x0000002336300000,0x0000002336400000) (1024K)]
  0x000001eacacb7330 JavaThread "DefaultDispatcher-worker-49" daemon [_thread_blocked, id=2360, stack(0x0000002337800000,0x0000002337900000) (1024K)]
  0x000001eacacb79c0 JavaThread "DefaultDispatcher-worker-50" daemon [_thread_blocked, id=9528, stack(0x0000002337900000,0x0000002337a00000) (1024K)]
  0x000001eacacb58f0 JavaThread "DefaultDispatcher-worker-51" daemon [_thread_blocked, id=6084, stack(0x0000002337f00000,0x0000002338000000) (1024K)]
  0x000001eacacb5f80 JavaThread "DefaultDispatcher-worker-52" daemon [_thread_blocked, id=22216, stack(0x0000002338000000,0x0000002338100000) (1024K)]
  0x000001eacacb6610 JavaThread "DefaultDispatcher-worker-53" daemon [_thread_blocked, id=14272, stack(0x0000002338100000,0x0000002338200000) (1024K)]
  0x000001ead0dff7b0 JavaThread "DefaultDispatcher-worker-54" daemon [_thread_blocked, id=17984, stack(0x0000002338900000,0x0000002338a00000) (1024K)]
  0x000001ead0dffe40 JavaThread "DefaultDispatcher-worker-55" daemon [_thread_blocked, id=5240, stack(0x0000002338a00000,0x0000002338b00000) (1024K)]
  0x000001ead0e004d0 JavaThread "DefaultDispatcher-worker-56" daemon [_thread_blocked, id=13696, stack(0x0000002338b00000,0x0000002338c00000) (1024K)]
  0x000001ead0dfdd70 JavaThread "DefaultDispatcher-worker-57" daemon [_thread_blocked, id=12780, stack(0x0000002338c00000,0x0000002338d00000) (1024K)]
  0x000001ead0e01880 JavaThread "DefaultDispatcher-worker-58" daemon [_thread_blocked, id=14756, stack(0x0000002338d00000,0x0000002338e00000) (1024K)]
  0x000001ead0dfe400 JavaThread "DefaultDispatcher-worker-59" daemon [_thread_blocked, id=5572, stack(0x0000002338e00000,0x0000002338f00000) (1024K)]
  0x000001ead0e01f10 JavaThread "DefaultDispatcher-worker-60" daemon [_thread_blocked, id=5304, stack(0x0000002338f00000,0x0000002339000000) (1024K)]
  0x000001eaca406090 JavaThread "DefaultDispatcher-worker-61" daemon [_thread_blocked, id=12208, stack(0x0000002339000000,0x0000002339100000) (1024K)]
  0x000001ea71948ec0 JavaThread "DefaultDispatcher-worker-62" daemon [_thread_blocked, id=16028, stack(0x0000002339100000,0x0000002339200000) (1024K)]
  0x000001ea665a9cd0 JavaThread "DefaultDispatcher-worker-63" daemon [_thread_blocked, id=21292, stack(0x0000002339200000,0x0000002339300000) (1024K)]
  0x000001ea703b4ff0 JavaThread "DefaultDispatcher-worker-64" daemon [_thread_blocked, id=16060, stack(0x0000002339300000,0x0000002339400000) (1024K)]
  0x000001ea703b5d10 JavaThread "DefaultDispatcher-worker-65" daemon [_thread_blocked, id=18240, stack(0x0000002339400000,0x0000002339500000) (1024K)]
  0x000001ea703b4960 JavaThread "DefaultDispatcher-worker-66" daemon [_thread_blocked, id=18324, stack(0x0000002339500000,0x0000002339600000) (1024K)]
  0x000001ea703b2f20 JavaThread "DefaultDispatcher-worker-67" daemon [_thread_blocked, id=13640, stack(0x0000002339600000,0x0000002339700000) (1024K)]
  0x000001ea703b42d0 JavaThread "DefaultDispatcher-worker-68" daemon [_thread_blocked, id=1732, stack(0x0000002339800000,0x0000002339900000) (1024K)]
  0x000001ea703b5680 JavaThread "DefaultDispatcher-worker-69" daemon [_thread_blocked, id=5156, stack(0x0000002339900000,0x0000002339a00000) (1024K)]
  0x000001ea703b35b0 JavaThread "DefaultDispatcher-worker-70" daemon [_thread_blocked, id=14828, stack(0x0000002339a00000,0x0000002339b00000) (1024K)]
  0x000001ea703b2890 JavaThread "DefaultDispatcher-worker-71" daemon [_thread_blocked, id=14840, stack(0x0000002339b00000,0x0000002339c00000) (1024K)]
  0x000001ea703b70c0 JavaThread "DefaultDispatcher-worker-72" daemon [_thread_blocked, id=2112, stack(0x0000002339c00000,0x0000002339d00000) (1024K)]
  0x000001ea703b6a30 JavaThread "DefaultDispatcher-worker-73" daemon [_thread_blocked, id=7152, stack(0x0000002339d00000,0x0000002339e00000) (1024K)]
  0x000001ea703b3c40 JavaThread "DefaultDispatcher-worker-74" daemon [_thread_blocked, id=5748, stack(0x0000002339e00000,0x0000002339f00000) (1024K)]
  0x000001ea703b9190 JavaThread "DefaultDispatcher-worker-75" daemon [_thread_blocked, id=5208, stack(0x0000002339f00000,0x000000233a000000) (1024K)]
  0x000001ea703b7de0 JavaThread "DefaultDispatcher-worker-76" daemon [_thread_blocked, id=17388, stack(0x000000233a000000,0x000000233a100000) (1024K)]
  0x000001ea703b8b00 JavaThread "DefaultDispatcher-worker-77" daemon [_thread_blocked, id=13052, stack(0x000000233a100000,0x000000233a200000) (1024K)]
  0x000001ea703b8470 JavaThread "DefaultDispatcher-worker-79" daemon [_thread_blocked, id=13060, stack(0x000000233a200000,0x000000233a300000) (1024K)]
  0x000001ea703b7750 JavaThread "DefaultDispatcher-worker-78" daemon [_thread_blocked, id=10264, stack(0x000000233a300000,0x000000233a400000) (1024K)]
  0x000001ea703b63a0 JavaThread "DefaultDispatcher-worker-80" daemon [_thread_in_native, id=8324, stack(0x000000233a400000,0x000000233a500000) (1024K)]
  0x000001ea703ba540 JavaThread "DefaultDispatcher-worker-81" daemon [_thread_blocked, id=6560, stack(0x000000233a500000,0x000000233a600000) (1024K)]
  0x000001ea703babd0 JavaThread "DefaultDispatcher-worker-82" daemon [_thread_blocked, id=8352, stack(0x000000233a600000,0x000000233a700000) (1024K)]
=>0x000001ea703b9eb0 JavaThread "DefaultDispatcher-worker-83" daemon [_thread_in_native, id=22324, stack(0x000000233a700000,0x000000233a800000) (1024K)]
  0x000001ea703bb8f0 JavaThread "DefaultDispatcher-worker-84" daemon [_thread_blocked, id=12684, stack(0x000000233a800000,0x000000233a900000) (1024K)]
  0x000001ea703bed70 JavaThread "HttpClient-1-Worker-8"      daemon [_thread_blocked, id=11408, stack(0x000000233aa00000,0x000000233ab00000) (1024K)]
  0x000001ea703be6e0 JavaThread "HttpClient-1-Worker-9"      daemon [_thread_blocked, id=6020, stack(0x000000233ab00000,0x000000233ac00000) (1024K)]
  0x000001ea703be050 JavaThread "HttpClient-1-Worker-10"     daemon [_thread_blocked, id=20360, stack(0x000000233ac00000,0x000000233ad00000) (1024K)]
  0x000001ea703bbf80 JavaThread "HttpClient-1-Worker-11"     daemon [_thread_blocked, id=2108, stack(0x000000233ad00000,0x000000233ae00000) (1024K)]
  0x000001ea703c1b60 JavaThread "HttpClient-1-Worker-12"     daemon [_thread_blocked, id=19572, stack(0x000000233ae00000,0x000000233af00000) (1024K)]
  0x000001ea703bfa90 JavaThread "HttpClient-1-Worker-13"     daemon [_thread_blocked, id=8556, stack(0x000000233af00000,0x000000233b000000) (1024K)]
  0x000001ea703c14d0 JavaThread "HttpClient-1-Worker-14"     daemon [_thread_blocked, id=11496, stack(0x000000233b000000,0x000000233b100000) (1024K)]
  0x000001ea703c2880 JavaThread "HttpClient-1-Worker-15"     daemon [_thread_blocked, id=20832, stack(0x000000233b100000,0x000000233b200000) (1024K)]
  0x000001ea703c21f0 JavaThread "HttpClient-1-Worker-16"     daemon [_thread_blocked, id=14020, stack(0x000000233b200000,0x000000233b300000) (1024K)]
  0x000001ead1004f60 JavaThread "HttpClient-1-Worker-17"     daemon [_thread_blocked, id=2080, stack(0x000000233b300000,0x000000233b400000) (1024K)]
  0x000001ead100b860 JavaThread "HttpClient-1-Worker-18"     daemon [_thread_blocked, id=6308, stack(0x000000233b400000,0x000000233b500000) (1024K)]
  0x000001ead1009790 JavaThread "HttpClient-1-Worker-19"     daemon [_thread_blocked, id=6180, stack(0x000000233b500000,0x000000233b600000) (1024K)]
  0x000001ead100a4b0 JavaThread "HttpClient-1-Worker-20"     daemon [_thread_blocked, id=8208, stack(0x000000233b600000,0x000000233b700000) (1024K)]
  0x000001ead1009e20 JavaThread "HttpClient-1-Worker-21"     daemon [_thread_blocked, id=21592, stack(0x000000233b700000,0x000000233b800000) (1024K)]
  0x000001ead100ab40 JavaThread "HttpClient-1-Worker-22"     daemon [_thread_blocked, id=5660, stack(0x000000233b800000,0x000000233b900000) (1024K)]
  0x000001ead1008a70 JavaThread "HttpClient-1-Worker-23"     daemon [_thread_blocked, id=4700, stack(0x000000233b900000,0x000000233ba00000) (1024K)]
  0x000001ead100b1d0 JavaThread "HttpClient-1-Worker-24"     daemon [_thread_blocked, id=10812, stack(0x000000233ba00000,0x000000233bb00000) (1024K)]
  0x000001ead100bef0 JavaThread "HttpClient-1-Worker-25"     daemon [_thread_blocked, id=10916, stack(0x000000233bb00000,0x000000233bc00000) (1024K)]
  0x000001ead100c580 JavaThread "HttpClient-1-Worker-26"     daemon [_thread_blocked, id=15248, stack(0x000000233bc00000,0x000000233bd00000) (1024K)]
  0x000001ead1009100 JavaThread "HttpClient-1-Worker-27"     daemon [_thread_blocked, id=14388, stack(0x000000233bd00000,0x000000233be00000) (1024K)]
  0x000001ead100cc10 JavaThread "HttpClient-1-Worker-28"     daemon [_thread_blocked, id=13164, stack(0x000000233be00000,0x000000233bf00000) (1024K)]
  0x000001eac4ddbb10 JavaThread "C1 CompilerThread1"         daemon [_thread_blocked, id=8164, stack(0x0000002330500000,0x0000002330600000) (1024K)]
Total: 134

Other Threads:
  0x000001ea7be09e00 VMThread "VM Thread"                           [id=21536, stack(0x0000002330f00000,0x0000002331000000) (1024K)]
  0x000001ea1f5d09d0 WatcherThread "VM Periodic Task Thread"        [id=2224, stack(0x0000002330e00000,0x0000002330f00000) (1024K)]
  0x000001ea7bca0880 WorkerThread "GC Thread#0"                     [id=15368, stack(0x0000002330900000,0x0000002330a00000) (1024K)]
  0x000001ea655ac540 WorkerThread "GC Thread#1"                     [id=21004, stack(0x0000002332600000,0x0000002332700000) (1024K)]
  0x000001ea655ac8f0 WorkerThread "GC Thread#2"                     [id=17492, stack(0x0000002332700000,0x0000002332800000) (1024K)]
  0x000001ea655adad0 WorkerThread "GC Thread#3"                     [id=2884, stack(0x0000002332800000,0x0000002332900000) (1024K)]
  0x000001ea655c4400 WorkerThread "GC Thread#4"                     [id=4484, stack(0x0000002332900000,0x0000002332a00000) (1024K)]
  0x000001ea655c47b0 WorkerThread "GC Thread#5"                     [id=1596, stack(0x0000002332a00000,0x0000002332b00000) (1024K)]
  0x000001ea655c4b60 WorkerThread "GC Thread#6"                     [id=20924, stack(0x0000002332b00000,0x0000002332c00000) (1024K)]
  0x000001ea655c5320 WorkerThread "GC Thread#7"                     [id=4812, stack(0x0000002332c00000,0x0000002332d00000) (1024K)]
  0x000001ea655c56d0 WorkerThread "GC Thread#8"                     [id=7604, stack(0x0000002332d00000,0x0000002332e00000) (1024K)]
  0x000001ea655c5c90 WorkerThread "GC Thread#9"                     [id=21384, stack(0x0000002332e00000,0x0000002332f00000) (1024K)]
  0x000001ea656168a0 WorkerThread "GC Thread#10"                    [id=5128, stack(0x0000002332f00000,0x0000002333000000) (1024K)]
  0x000001ea656173b0 WorkerThread "GC Thread#11"                    [id=10736, stack(0x0000002333000000,0x0000002333100000) (1024K)]
  0x000001ea65d9a7e0 WorkerThread "GC Thread#12"                    [id=5196, stack(0x0000002331b00000,0x0000002331c00000) (1024K)]
  0x000001ea716c8ee0 WorkerThread "GC Thread#13"                    [id=9492, stack(0x0000002334700000,0x0000002334800000) (1024K)]
  0x000001ea716c5ef0 WorkerThread "GC Thread#14"                    [id=10760, stack(0x0000002334800000,0x0000002334900000) (1024K)]
  0x000001ea790cc430 ConcurrentGCThread "G1 Main Marker"            [id=4856, stack(0x0000002330a00000,0x0000002330b00000) (1024K)]
  0x000001ea790cce50 WorkerThread "G1 Conc#0"                       [id=21216, stack(0x0000002330b00000,0x0000002330c00000) (1024K)]
  0x000001ea65d97ba0 WorkerThread "G1 Conc#1"                       [id=2076, stack(0x0000002333500000,0x0000002333600000) (1024K)]
  0x000001ea65d99cd0 WorkerThread "G1 Conc#2"                       [id=5280, stack(0x0000002334200000,0x0000002334300000) (1024K)]
  0x000001ea65d96ce0 WorkerThread "G1 Conc#3"                       [id=22448, stack(0x0000002334300000,0x0000002334400000) (1024K)]
  0x000001ea7bd47320 ConcurrentGCThread "G1 Refine#0"               [id=20124, stack(0x0000002330c00000,0x0000002330d00000) (1024K)]
  0x000001ea7bd4bb70 ConcurrentGCThread "G1 Service"                [id=20860, stack(0x0000002330d00000,0x0000002330e00000) (1024K)]
Total: 24

Threads with active compile tasks:
Total: 0

VM state: not at safepoint (normal execution)

VM Mutex/Monitor currently owned by a thread: None

Heap address: 0x0000000604400000, size: 8124 MB, Compressed Oops mode: Zero based, Oop shift amount: 3

CDS archive(s) mapped at: [0x000001ea20000000-0x000001ea20c80000-0x000001ea20c80000), size 13107200, SharedBaseAddress: 0x000001ea20000000, ArchiveRelocationMode: 1.
Compressed class space mapped at: 0x000001ea21000000-0x000001ea61000000, reserved size: 1073741824
Narrow klass base: 0x000001ea20000000, Narrow klass shift: 0, Narrow klass range: 0x100000000

GC Precious Log:
 CardTable entry size: 512
 Card Set container configuration: InlinePtr #cards 4 size 8 Array Of Cards #cards 32 size 80 Howl #buckets 8 coarsen threshold 7372 Howl Bitmap #cards 1024 size 144 coarsen threshold 921 Card regions per heap region 1 cards per card region 8192
 CPUs: 20 total, 20 available
 Memory: 32492M
 Large Page Support: Disabled
 NUMA Support: Disabled
 Compressed Oops: Enabled (Zero based)
 Heap Region Size: 4M
 Heap Min Capacity: 8M
 Heap Initial Capacity: 508M
 Heap Max Capacity: 8124M
 Pre-touch: Disabled
 Parallel Workers: 15
 Concurrent Workers: 4
 Concurrent Refinement Workers: 15
 Periodic GC: Disabled

Heap:
 garbage-first heap   total 303104K, used 95471K [0x0000000604400000, 0x0000000800000000)
  region size 4096K, 6 young (24576K), 0 survivors (0K)
 Metaspace       used 87060K, committed 88704K, reserved 1179648K
  class space    used 9187K, committed 9920K, reserved 1048576K

Heap Regions: E=young(eden), S=young(survivor), O=old, HS=humongous(starts), HC=humongous(continues), CS=collection set, F=free, TAMS=top-at-mark-start, PB=parsable bottom
|   0|0x0000000604400000, 0x0000000604800000, 0x0000000604800000|100%| O|  |TAMS 0x0000000604400000| PB 0x0000000604400000| Untracked 
|   1|0x0000000604800000, 0x0000000604bffff8, 0x0000000604c00000| 99%| O|  |TAMS 0x0000000604800000| PB 0x0000000604800000| Untracked 
|   2|0x0000000604c00000, 0x0000000604fffe10, 0x0000000605000000| 99%| O|  |TAMS 0x0000000604c00000| PB 0x0000000604c00000| Untracked 
|   3|0x0000000605000000, 0x00000006053f85f8, 0x0000000605400000| 99%| O|  |TAMS 0x0000000605000000| PB 0x0000000605000000| Untracked 
|   4|0x0000000605400000, 0x00000006057fffa0, 0x0000000605800000| 99%| O|  |TAMS 0x0000000605400000| PB 0x0000000605400000| Untracked 
|   5|0x0000000605800000, 0x0000000605b52b28, 0x0000000605c00000| 83%| O|  |TAMS 0x0000000605800000| PB 0x0000000605800000| Untracked 
|   6|0x0000000605c00000, 0x0000000605f03580, 0x0000000606000000| 75%| O|  |TAMS 0x0000000605c00000| PB 0x0000000605c00000| Untracked 
|   7|0x0000000606000000, 0x0000000606400000, 0x0000000606400000|100%|HS|  |TAMS 0x0000000606000000| PB 0x0000000606000000| Untracked 
|   8|0x0000000606400000, 0x0000000606800000, 0x0000000606800000|100%|HC|  |TAMS 0x0000000606400000| PB 0x0000000606400000| Untracked 
|   9|0x0000000606800000, 0x0000000606c00000, 0x0000000606c00000|100%|HC|  |TAMS 0x0000000606800000| PB 0x0000000606800000| Untracked 
|  10|0x0000000606c00000, 0x0000000607000000, 0x0000000607000000|100%|HC|  |TAMS 0x0000000606c00000| PB 0x0000000606c00000| Untracked 
|  11|0x0000000607000000, 0x00000006073f8f40, 0x0000000607400000| 99%| O|  |TAMS 0x0000000607000000| PB 0x0000000607000000| Untracked 
|  12|0x0000000607400000, 0x00000006077aff30, 0x0000000607800000| 92%| O|  |TAMS 0x0000000607400000| PB 0x0000000607400000| Untracked 
|  13|0x0000000607800000, 0x0000000607bffff0, 0x0000000607c00000| 99%| O|  |TAMS 0x0000000607800000| PB 0x0000000607800000| Untracked 
|  14|0x0000000607c00000, 0x0000000607fffff8, 0x0000000608000000| 99%| O|  |TAMS 0x0000000607c00000| PB 0x0000000607c00000| Untracked 
|  15|0x0000000608000000, 0x0000000608000000, 0x0000000608400000|  0%| F|  |TAMS 0x0000000608000000| PB 0x0000000608000000| Untracked 
|  16|0x0000000608400000, 0x0000000608400000, 0x0000000608800000|  0%| F|  |TAMS 0x0000000608400000| PB 0x0000000608400000| Untracked 
|  17|0x0000000608800000, 0x0000000608a9c270, 0x0000000608c00000| 65%| O|  |TAMS 0x0000000608800000| PB 0x0000000608800000| Untracked 
|  18|0x0000000608c00000, 0x0000000608e39e38, 0x0000000609000000| 55%| O|  |TAMS 0x0000000608c00000| PB 0x0000000608c00000| Untracked 
|  19|0x0000000609000000, 0x000000060908e820, 0x0000000609400000| 13%| O|  |TAMS 0x0000000609000000| PB 0x0000000609000000| Untracked 
|  20|0x0000000609400000, 0x00000006095e03c8, 0x0000000609800000| 46%| O|  |TAMS 0x0000000609400000| PB 0x0000000609400000| Untracked 
|  21|0x0000000609800000, 0x0000000609800000, 0x0000000609c00000|  0%| F|  |TAMS 0x0000000609800000| PB 0x0000000609800000| Untracked 
|  22|0x0000000609c00000, 0x0000000609c00000, 0x000000060a000000|  0%| F|  |TAMS 0x0000000609c00000| PB 0x0000000609c00000| Untracked 
|  23|0x000000060a000000, 0x000000060a000000, 0x000000060a400000|  0%| F|  |TAMS 0x000000060a000000| PB 0x000000060a000000| Untracked 
|  24|0x000000060a400000, 0x000000060a400000, 0x000000060a800000|  0%| F|  |TAMS 0x000000060a400000| PB 0x000000060a400000| Untracked 
|  25|0x000000060a800000, 0x000000060a800000, 0x000000060ac00000|  0%| F|  |TAMS 0x000000060a800000| PB 0x000000060a800000| Untracked 
|  26|0x000000060ac00000, 0x000000060ac00000, 0x000000060b000000|  0%| F|  |TAMS 0x000000060ac00000| PB 0x000000060ac00000| Untracked 
|  27|0x000000060b000000, 0x000000060b400000, 0x000000060b400000|100%|HS|  |TAMS 0x000000060b000000| PB 0x000000060b000000| Untracked 
|  28|0x000000060b400000, 0x000000060b800000, 0x000000060b800000|100%|HC|  |TAMS 0x000000060b400000| PB 0x000000060b400000| Untracked 
|  29|0x000000060b800000, 0x000000060bc00000, 0x000000060bc00000|100%|HC|  |TAMS 0x000000060b800000| PB 0x000000060b800000| Untracked 
|  30|0x000000060bc00000, 0x000000060bc00000, 0x000000060c000000|  0%| F|  |TAMS 0x000000060bc00000| PB 0x000000060bc00000| Untracked 
|  31|0x000000060c000000, 0x000000060c000000, 0x000000060c400000|  0%| F|  |TAMS 0x000000060c000000| PB 0x000000060c000000| Untracked 
|  32|0x000000060c400000, 0x000000060c400000, 0x000000060c800000|  0%| F|  |TAMS 0x000000060c400000| PB 0x000000060c400000| Untracked 
|  33|0x000000060c800000, 0x000000060c800000, 0x000000060cc00000|  0%| F|  |TAMS 0x000000060c800000| PB 0x000000060c800000| Untracked 
|  34|0x000000060cc00000, 0x000000060cc00000, 0x000000060d000000|  0%| F|  |TAMS 0x000000060cc00000| PB 0x000000060cc00000| Untracked 
|  35|0x000000060d000000, 0x000000060d000000, 0x000000060d400000|  0%| F|  |TAMS 0x000000060d000000| PB 0x000000060d000000| Untracked 
|  36|0x000000060d400000, 0x000000060d400000, 0x000000060d800000|  0%| F|  |TAMS 0x000000060d400000| PB 0x000000060d400000| Untracked 
|  37|0x000000060d800000, 0x000000060d800000, 0x000000060dc00000|  0%| F|  |TAMS 0x000000060d800000| PB 0x000000060d800000| Untracked 
|  38|0x000000060dc00000, 0x000000060dc00000, 0x000000060e000000|  0%| F|  |TAMS 0x000000060dc00000| PB 0x000000060dc00000| Untracked 
|  39|0x000000060e000000, 0x000000060e000000, 0x000000060e400000|  0%| F|  |TAMS 0x000000060e000000| PB 0x000000060e000000| Untracked 
|  40|0x000000060e400000, 0x000000060e400000, 0x000000060e800000|  0%| F|  |TAMS 0x000000060e400000| PB 0x000000060e400000| Untracked 
|  41|0x000000060e800000, 0x000000060e800000, 0x000000060ec00000|  0%| F|  |TAMS 0x000000060e800000| PB 0x000000060e800000| Untracked 
|  42|0x000000060ec00000, 0x000000060ec00000, 0x000000060f000000|  0%| F|  |TAMS 0x000000060ec00000| PB 0x000000060ec00000| Untracked 
|  43|0x000000060f000000, 0x000000060f000000, 0x000000060f400000|  0%| F|  |TAMS 0x000000060f000000| PB 0x000000060f000000| Untracked 
|  44|0x000000060f400000, 0x000000060f400000, 0x000000060f800000|  0%| F|  |TAMS 0x000000060f400000| PB 0x000000060f400000| Untracked 
|  45|0x000000060f800000, 0x000000060f800000, 0x000000060fc00000|  0%| F|  |TAMS 0x000000060f800000| PB 0x000000060f800000| Untracked 
|  46|0x000000060fc00000, 0x000000060fc00000, 0x0000000610000000|  0%| F|  |TAMS 0x000000060fc00000| PB 0x000000060fc00000| Untracked 
|  47|0x0000000610000000, 0x0000000610000000, 0x0000000610400000|  0%| F|  |TAMS 0x0000000610000000| PB 0x0000000610000000| Untracked 
|  48|0x0000000610400000, 0x0000000610400000, 0x0000000610800000|  0%| F|  |TAMS 0x0000000610400000| PB 0x0000000610400000| Untracked 
|  49|0x0000000610800000, 0x0000000610800000, 0x0000000610c00000|  0%| F|  |TAMS 0x0000000610800000| PB 0x0000000610800000| Untracked 
|  50|0x0000000610c00000, 0x0000000610c00000, 0x0000000611000000|  0%| F|  |TAMS 0x0000000610c00000| PB 0x0000000610c00000| Untracked 
|  51|0x0000000611000000, 0x0000000611000000, 0x0000000611400000|  0%| F|  |TAMS 0x0000000611000000| PB 0x0000000611000000| Untracked 
|  52|0x0000000611400000, 0x0000000611400000, 0x0000000611800000|  0%| F|  |TAMS 0x0000000611400000| PB 0x0000000611400000| Untracked 
|  53|0x0000000611800000, 0x0000000611800000, 0x0000000611c00000|  0%| F|  |TAMS 0x0000000611800000| PB 0x0000000611800000| Untracked 
|  54|0x0000000611c00000, 0x0000000611c00000, 0x0000000612000000|  0%| F|  |TAMS 0x0000000611c00000| PB 0x0000000611c00000| Untracked 
|  55|0x0000000612000000, 0x0000000612000000, 0x0000000612400000|  0%| F|  |TAMS 0x0000000612000000| PB 0x0000000612000000| Untracked 
|  56|0x0000000612400000, 0x0000000612400000, 0x0000000612800000|  0%| F|  |TAMS 0x0000000612400000| PB 0x0000000612400000| Untracked 
|  57|0x0000000612800000, 0x0000000612800000, 0x0000000612c00000|  0%| F|  |TAMS 0x0000000612800000| PB 0x0000000612800000| Untracked 
|  58|0x0000000612c00000, 0x0000000612c00000, 0x0000000613000000|  0%| F|  |TAMS 0x0000000612c00000| PB 0x0000000612c00000| Untracked 
|  59|0x0000000613000000, 0x0000000613000000, 0x0000000613400000|  0%| F|  |TAMS 0x0000000613000000| PB 0x0000000613000000| Untracked 
|  60|0x0000000613400000, 0x0000000613400000, 0x0000000613800000|  0%| F|  |TAMS 0x0000000613400000| PB 0x0000000613400000| Untracked 
|  61|0x0000000613800000, 0x0000000613800000, 0x0000000613c00000|  0%| F|  |TAMS 0x0000000613800000| PB 0x0000000613800000| Untracked 
|  62|0x0000000613c00000, 0x0000000613c00000, 0x0000000614000000|  0%| F|  |TAMS 0x0000000613c00000| PB 0x0000000613c00000| Untracked 
|  63|0x0000000614000000, 0x0000000614000000, 0x0000000614400000|  0%| F|  |TAMS 0x0000000614000000| PB 0x0000000614000000| Untracked 
|  64|0x0000000614400000, 0x0000000614400000, 0x0000000614800000|  0%| F|  |TAMS 0x0000000614400000| PB 0x0000000614400000| Untracked 
|  65|0x0000000614800000, 0x0000000614800000, 0x0000000614c00000|  0%| F|  |TAMS 0x0000000614800000| PB 0x0000000614800000| Untracked 
|  66|0x0000000614c00000, 0x0000000614c00000, 0x0000000615000000|  0%| F|  |TAMS 0x0000000614c00000| PB 0x0000000614c00000| Untracked 
|  67|0x0000000615000000, 0x0000000615000000, 0x0000000615400000|  0%| F|  |TAMS 0x0000000615000000| PB 0x0000000615000000| Untracked 
|  68|0x0000000615400000, 0x0000000615733060, 0x0000000615800000| 79%| E|  |TAMS 0x0000000615400000| PB 0x0000000615400000| Complete 
|  69|0x0000000615800000, 0x0000000615c00000, 0x0000000615c00000|100%| E|  |TAMS 0x0000000615800000| PB 0x0000000615800000| Complete 
|  70|0x0000000615c00000, 0x0000000616000000, 0x0000000616000000|100%| E|CS|TAMS 0x0000000615c00000| PB 0x0000000615c00000| Complete 
|  71|0x0000000616000000, 0x0000000616400000, 0x0000000616400000|100%| E|CS|TAMS 0x0000000616000000| PB 0x0000000616000000| Complete 
|  72|0x0000000616400000, 0x0000000616800000, 0x0000000616800000|100%| E|CS|TAMS 0x0000000616400000| PB 0x0000000616400000| Complete 
|  73|0x0000000616800000, 0x0000000616c00000, 0x0000000616c00000|100%| E|CS|TAMS 0x0000000616800000| PB 0x0000000616800000| Complete 

Card table byte_map: [0x000001ea7ab70000,0x000001ea7bb50000] _byte_map_base: 0x000001ea77b4e000

Marking Bits: (CMBitMap*) 0x000001ea790bbfc0
 Bits: [0x000001ea17660000, 0x000001ea1f550000)

Polling page: 0x000001ea76a80000

Metaspace:

Usage:
  Non-class:     76.05 MB used.
      Class:      8.97 MB used.
       Both:     85.02 MB used.

Virtual space:
  Non-class space:      128.00 MB reserved,      76.94 MB ( 60%) committed,  2 nodes.
      Class space:        1.00 GB reserved,       9.69 MB ( <1%) committed,  1 nodes.
             Both:        1.12 GB reserved,      86.62 MB (  8%) committed. 

Chunk freelists:
   Non-Class:  2.16 MB
       Class:  6.29 MB
        Both:  8.45 MB

MaxMetaspaceSize: unlimited
CompressedClassSpaceSize: 1.00 GB
Initial GC threshold: 21.00 MB
Current GC threshold: 144.31 MB
CDS: on
 - commit_granule_bytes: 65536.
 - commit_granule_words: 8192.
 - virtual_space_node_default_size: 8388608.
 - enlarge_chunks_in_place: 1.
 - use_allocation_guard: 0.


Internal statistics:

num_allocs_failed_limit: 31.
num_arena_births: 2488.
num_arena_deaths: 10.
num_vsnodes_births: 3.
num_vsnodes_deaths: 0.
num_space_committed: 1386.
num_space_uncommitted: 0.
num_chunks_returned_to_freelist: 44.
num_chunks_taken_from_freelist: 5891.
num_chunk_merges: 28.
num_chunk_splits: 3810.
num_chunks_enlarged: 2431.
num_inconsistent_stats: 0.

CodeHeap 'non-profiled nmethods': size=119168Kb used=13159Kb max_used=13159Kb free=106008Kb
 bounds [0x000001ea10200000, 0x000001ea10ee0000, 0x000001ea17660000]
CodeHeap 'profiled nmethods': size=119104Kb used=33428Kb max_used=33952Kb free=85675Kb
 bounds [0x000001ea08660000, 0x000001ea0a7a0000, 0x000001ea0fab0000]
CodeHeap 'non-nmethods': size=7488Kb used=4359Kb max_used=5560Kb free=3128Kb
 bounds [0x000001ea0fab0000, 0x000001ea10060000, 0x000001ea10200000]
CodeCache: size=245760Kb, used=50946Kb, max_used=52671Kb, free=194811Kb
 total_blobs=18853, nmethods=16169, adapters=2587, full_count=0
Compilation: enabled, stopped_count=0, restarted_count=0

Compilation events (20 events):
Event: 64.771 Thread 0x000001eac4ddbb10 20294       3       androidx.compose.runtime.saveable.SaveableHolder::onForgotten (18 bytes)
Event: 64.771 Thread 0x000001ea7be5c280 20295       1       androidx.compose.animation.AnimatedContentTransitionScopeImpl::getTargetSizeMap$animation (5 bytes)
Event: 64.771 Thread 0x000001ea7be5c280 nmethod 20295 0x000001ea10bd8110 code [0x000001ea10bd82a0, 0x000001ea10bd8370]
Event: 64.772 Thread 0x000001eac4ddbb10 nmethod 20294 0x000001ea090d0e10 code [0x000001ea090d0fc0, 0x000001ea090d1198]
Event: 64.772 Thread 0x000001eac4ddbb10 20296       3       androidx.compose.ui.input.pointer.SuspendingPointerInputModifierNodeImpl$onPointerEvent$1::invokeSuspend (190 bytes)
Event: 64.773 Thread 0x000001eac4ddbb10 nmethod 20296 0x000001ea0a433a90 code [0x000001ea0a433d80, 0x000001ea0a435128]
Event: 64.776 Thread 0x000001ea7be380c0 20297       4       java.util.concurrent.locks.AbstractQueuedSynchronizer$Node::clearStatus (12 bytes)
Event: 64.776 Thread 0x000001ea7be380c0 nmethod 20297 0x000001ea10bd7e10 code [0x000001ea10bd7fa0, 0x000001ea10bd8030]
Event: 64.808 Thread 0x000001ea7be5c280 20298   !   3       java.awt.LightweightDispatcher::eventDispatched (358 bytes)
Event: 64.809 Thread 0x000001ea7be5c280 nmethod 20298 0x000001ea09fafc90 code [0x000001ea09fb0120, 0x000001ea09fb2e98]
Event: 64.830 Thread 0x000001ea7be5c280 20299       3       androidx.compose.ui.graphics.SkiaBackedPath_skikoKt::toSkiaOperation-qH5f7Ps (101 bytes)
Event: 64.830 Thread 0x000001eac4ddbb10 20300       3       androidx.compose.ui.graphics.PathOperation$Companion::getDifference-b3I0S0c (4 bytes)
Event: 64.831 Thread 0x000001eac4ddbb10 nmethod 20300 0x000001ea09901b10 code [0x000001ea09901cc0, 0x000001ea09901e28]
Event: 64.831 Thread 0x000001eac4ddbb10 20301       3       androidx.compose.ui.graphics.PathOperation::access$getDifference$cp (4 bytes)
Event: 64.831 Thread 0x000001eac4ddbb10 nmethod 20301 0x000001ea09901810 code [0x000001ea099019a0, 0x000001ea09901a90]
Event: 64.831 Thread 0x000001eac4ddbb10 20302   !   3       org.jetbrains.skia.Path$Companion::makeCombining (105 bytes)
Event: 64.831 Thread 0x000001ea7be5c280 nmethod 20299 0x000001ea09661390 code [0x000001ea09661600, 0x000001ea09662038]
Event: 64.831 Thread 0x000001ea7be5c280 20303       3       org.jetbrains.skia.PathKt::access$_nMakeCombining (8 bytes)
Event: 64.831 Thread 0x000001ea7be5c280 nmethod 20303 0x000001ea0917f010 code [0x000001ea0917f1c0, 0x000001ea0917f2d8]
Event: 64.831 Thread 0x000001eac4ddbb10 nmethod 20302 0x000001ea09a89990 code [0x000001ea09a89d60, 0x000001ea09a8b360]

GC Heap History (20 events):
Event: 16.224 GC heap before
{Heap before GC invocations=14 (full 0):
 garbage-first heap   total 176128K, used 99325K [0x0000000604400000, 0x0000000800000000)
  region size 4096K, 7 young (28672K), 3 survivors (12288K)
 Metaspace       used 73576K, committed 74944K, reserved 1179648K
  class space    used 8154K, committed 8704K, reserved 1048576K
}
Event: 16.225 GC heap after
{Heap after GC invocations=15 (full 0):
 garbage-first heap   total 176128K, used 84232K [0x0000000604400000, 0x0000000800000000)
  region size 4096K, 1 young (4096K), 1 survivors (4096K)
 Metaspace       used 73576K, committed 74944K, reserved 1179648K
  class space    used 8154K, committed 8704K, reserved 1048576K
}
Event: 18.959 GC heap before
{Heap before GC invocations=16 (full 0):
 garbage-first heap   total 200704K, used 194824K [0x0000000604400000, 0x0000000800000000)
  region size 4096K, 10 young (40960K), 1 survivors (4096K)
 Metaspace       used 74892K, committed 76224K, reserved 1179648K
  class space    used 8211K, committed 8768K, reserved 1048576K
}
Event: 18.961 GC heap after
{Heap after GC invocations=17 (full 0):
 garbage-first heap   total 204800K, used 71756K [0x0000000604400000, 0x0000000800000000)
  region size 4096K, 1 young (4096K), 1 survivors (4096K)
 Metaspace       used 74892K, committed 76224K, reserved 1179648K
  class space    used 8211K, committed 8768K, reserved 1048576K
}
Event: 27.999 GC heap before
{Heap before GC invocations=17 (full 0):
 garbage-first heap   total 204800K, used 170060K [0x0000000604400000, 0x0000000800000000)
  region size 4096K, 26 young (106496K), 1 survivors (4096K)
 Metaspace       used 80864K, committed 82432K, reserved 1179648K
  class space    used 8836K, committed 9472K, reserved 1048576K
}
Event: 28.003 GC heap after
{Heap after GC invocations=18 (full 0):
 garbage-first heap   total 204800K, used 76685K [0x0000000604400000, 0x0000000800000000)
  region size 4096K, 3 young (12288K), 3 survivors (12288K)
 Metaspace       used 80864K, committed 82432K, reserved 1179648K
  class space    used 8836K, committed 9472K, reserved 1048576K
}
Event: 28.737 GC heap before
{Heap before GC invocations=18 (full 0):
 garbage-first heap   total 204800K, used 170893K [0x0000000604400000, 0x0000000800000000)
  region size 4096K, 27 young (110592K), 3 survivors (12288K)
 Metaspace       used 83584K, committed 85120K, reserved 1179648K
  class space    used 9064K, committed 9728K, reserved 1048576K
}
Event: 28.743 GC heap after
{Heap after GC invocations=19 (full 0):
 garbage-first heap   total 204800K, used 87980K [0x0000000604400000, 0x0000000800000000)
  region size 4096K, 4 young (16384K), 4 survivors (16384K)
 Metaspace       used 83584K, committed 85120K, reserved 1179648K
  class space    used 9064K, committed 9728K, reserved 1048576K
}
Event: 29.621 GC heap before
{Heap before GC invocations=19 (full 0):
 garbage-first heap   total 204800K, used 169900K [0x0000000604400000, 0x0000000800000000)
  region size 4096K, 25 young (102400K), 4 survivors (16384K)
 Metaspace       used 84243K, committed 85824K, reserved 1179648K
  class space    used 9075K, committed 9728K, reserved 1048576K
}
Event: 29.627 GC heap after
{Heap after GC invocations=20 (full 0):
 garbage-first heap   total 204800K, used 93899K [0x0000000604400000, 0x0000000800000000)
  region size 4096K, 2 young (8192K), 2 survivors (8192K)
 Metaspace       used 84243K, committed 85824K, reserved 1179648K
  class space    used 9075K, committed 9728K, reserved 1048576K
}
Event: 31.233 GC heap before
{Heap before GC invocations=21 (full 0):
 garbage-first heap   total 204800K, used 175819K [0x0000000604400000, 0x0000000800000000)
  region size 4096K, 23 young (94208K), 2 survivors (8192K)
 Metaspace       used 84624K, committed 86208K, reserved 1179648K
  class space    used 9089K, committed 9728K, reserved 1048576K
}
Event: 31.237 GC heap after
{Heap after GC invocations=22 (full 0):
 garbage-first heap   total 204800K, used 98176K [0x0000000604400000, 0x0000000800000000)
  region size 4096K, 2 young (8192K), 2 survivors (8192K)
 Metaspace       used 84624K, committed 86208K, reserved 1179648K
  class space    used 9089K, committed 9728K, reserved 1048576K
}
Event: 31.422 GC heap before
{Heap before GC invocations=22 (full 0):
 garbage-first heap   total 204800K, used 102272K [0x0000000604400000, 0x0000000800000000)
  region size 4096K, 4 young (16384K), 2 survivors (8192K)
 Metaspace       used 84655K, committed 86208K, reserved 1179648K
  class space    used 9089K, committed 9728K, reserved 1048576K
}
Event: 31.459 GC heap after
{Heap after GC invocations=23 (full 1):
 garbage-first heap   total 204800K, used 84814K [0x0000000604400000, 0x0000000800000000)
  region size 4096K, 0 young (0K), 0 survivors (0K)
 Metaspace       used 84655K, committed 86208K, reserved 1179648K
  class space    used 9089K, committed 9728K, reserved 1048576K
}
Event: 33.629 GC heap before
{Heap before GC invocations=23 (full 1):
 garbage-first heap   total 204800K, used 166734K [0x0000000604400000, 0x0000000800000000)
  region size 4096K, 21 young (86016K), 0 survivors (0K)
 Metaspace       used 84985K, committed 86528K, reserved 1179648K
  class space    used 9123K, committed 9792K, reserved 1048576K
}
Event: 33.632 GC heap after
{Heap after GC invocations=24 (full 1):
 garbage-first heap   total 319488K, used 91917K [0x0000000604400000, 0x0000000800000000)
  region size 4096K, 2 young (8192K), 2 survivors (8192K)
 Metaspace       used 84985K, committed 86528K, reserved 1179648K
  class space    used 9123K, committed 9792K, reserved 1048576K
}
Event: 54.053 GC heap before
{Heap before GC invocations=25 (full 1):
 garbage-first heap   total 319488K, used 276237K [0x0000000604400000, 0x0000000800000000)
  region size 4096K, 44 young (180224K), 2 survivors (8192K)
 Metaspace       used 86707K, committed 88320K, reserved 1179648K
  class space    used 9183K, committed 9920K, reserved 1048576K
}
Event: 54.057 GC heap after
{Heap after GC invocations=26 (full 1):
 garbage-first heap   total 319488K, used 102105K [0x0000000604400000, 0x0000000800000000)
  region size 4096K, 5 young (20480K), 5 survivors (20480K)
 Metaspace       used 86707K, committed 88320K, reserved 1179648K
  class space    used 9183K, committed 9920K, reserved 1048576K
}
Event: 61.468 GC heap before
{Heap before GC invocations=26 (full 1):
 garbage-first heap   total 319488K, used 130777K [0x0000000604400000, 0x0000000800000000)
  region size 4096K, 13 young (53248K), 5 survivors (20480K)
 Metaspace       used 86949K, committed 88640K, reserved 1179648K
  class space    used 9186K, committed 9920K, reserved 1048576K
}
Event: 61.511 GC heap after
{Heap after GC invocations=27 (full 2):
 garbage-first heap   total 303104K, used 79087K [0x0000000604400000, 0x0000000800000000)
  region size 4096K, 0 young (0K), 0 survivors (0K)
 Metaspace       used 86949K, committed 88640K, reserved 1179648K
  class space    used 9186K, committed 9920K, reserved 1048576K
}

Dll operation events (15 events):
Event: 0.004 Loaded shared library C:\Program Files\Eclipse Adoptium\jdk-21.0.11.10-hotspot\bin\java.dll
Event: 0.019 Loaded shared library C:\Program Files\Eclipse Adoptium\jdk-21.0.11.10-hotspot\bin\jsvml.dll
Event: 0.081 Loaded shared library C:\Program Files\Eclipse Adoptium\jdk-21.0.11.10-hotspot\bin\net.dll
Event: 0.082 Loaded shared library C:\Program Files\Eclipse Adoptium\jdk-21.0.11.10-hotspot\bin\nio.dll
Event: 0.085 Loaded shared library C:\Program Files\Eclipse Adoptium\jdk-21.0.11.10-hotspot\bin\zip.dll
Event: 0.093 Loaded shared library C:\Program Files\Eclipse Adoptium\jdk-21.0.11.10-hotspot\bin\jimage.dll
Event: 0.102 Loaded shared library C:\Program Files\Eclipse Adoptium\jdk-21.0.11.10-hotspot\bin\awt.dll
Event: 1.033 Loaded shared library D:\opencode\NuvioDesktop0-experiment\composeApp\build\native\windows\player_bridge.dll
Event: 1.207 Loaded shared library C:\Users\ahmed\.skiko\skiko-windows-x64-3ce1b2621ce4905333064341568d0e9493efc0d4971a63b096261c774bc6e5a8\skiko-windows-x64.dll
Event: 1.603 Loaded shared library C:\Program Files\Eclipse Adoptium\jdk-21.0.11.10-hotspot\bin\freetype.dll
Event: 1.606 Loaded shared library C:\Program Files\Eclipse Adoptium\jdk-21.0.11.10-hotspot\bin\fontmanager.dll
Event: 7.136 Loaded shared library C:\Program Files\Eclipse Adoptium\jdk-21.0.11.10-hotspot\bin\sunmscapi.dll
Event: 7.274 Loaded shared library C:\Program Files\Eclipse Adoptium\jdk-21.0.11.10-hotspot\bin\extnet.dll
Event: 7.480 Loaded shared library C:\Program Files\Eclipse Adoptium\jdk-21.0.11.10-hotspot\bin\prefs.dll
Event: 28.248 Loaded shared library C:\Users\ahmed\AppData\Local\Temp\quickjs_quickjs15750467880257135809.tmp

Deoptimization events (20 events):
Event: 64.072 Thread 0x000001ea655f3290 Uncommon trap: trap_request=0xffffffbe fr.pc=0x000001ea10ecafa4 relative=0x0000000000003364
Event: 64.072 Thread 0x000001ea655f3290 Uncommon trap: reason=profile_predicate action=maybe_recompile pc=0x000001ea10ecafa4 method=androidx.compose.foundation.layout.RowColumnMeasurePolicyKt.measure(Landroidx/compose/foundation/layout/RowColumnMeasurePolicy;IIIIILandroidx/compose/ui/layout/Mea
Event: 64.072 Thread 0x000001ea655f3290 DEOPT PACKING pc=0x000001ea10ecafa4 sp=0x00000023333f6e10
Event: 64.072 Thread 0x000001ea655f3290 DEOPT UNPACKING pc=0x000001ea0fb04422 sp=0x00000023333f6ce0 mode 2
Event: 64.073 Thread 0x000001ea655f3290 Uncommon trap: trap_request=0xffffffbe fr.pc=0x000001ea10ecafa4 relative=0x0000000000003364
Event: 64.073 Thread 0x000001ea655f3290 Uncommon trap: reason=profile_predicate action=maybe_recompile pc=0x000001ea10ecafa4 method=androidx.compose.foundation.layout.RowColumnMeasurePolicyKt.measure(Landroidx/compose/foundation/layout/RowColumnMeasurePolicy;IIIIILandroidx/compose/ui/layout/Mea
Event: 64.073 Thread 0x000001ea655f3290 DEOPT PACKING pc=0x000001ea10ecafa4 sp=0x00000023333f74e0
Event: 64.073 Thread 0x000001ea655f3290 DEOPT UNPACKING pc=0x000001ea0fb04422 sp=0x00000023333f73b0 mode 2
Event: 64.074 Thread 0x000001ea655f3290 Uncommon trap: trap_request=0xffffffbe fr.pc=0x000001ea10ecafa4 relative=0x0000000000003364
Event: 64.074 Thread 0x000001ea655f3290 Uncommon trap: reason=profile_predicate action=maybe_recompile pc=0x000001ea10ecafa4 method=androidx.compose.foundation.layout.RowColumnMeasurePolicyKt.measure(Landroidx/compose/foundation/layout/RowColumnMeasurePolicy;IIIIILandroidx/compose/ui/layout/Mea
Event: 64.074 Thread 0x000001ea655f3290 DEOPT PACKING pc=0x000001ea10ecafa4 sp=0x00000023333f6b40
Event: 64.074 Thread 0x000001ea655f3290 DEOPT UNPACKING pc=0x000001ea0fb04422 sp=0x00000023333f6a10 mode 2
Event: 64.074 Thread 0x000001ea655f3290 Uncommon trap: trap_request=0xffffffbe fr.pc=0x000001ea10ecafa4 relative=0x0000000000003364
Event: 64.074 Thread 0x000001ea655f3290 Uncommon trap: reason=profile_predicate action=maybe_recompile pc=0x000001ea10ecafa4 method=androidx.compose.foundation.layout.RowColumnMeasurePolicyKt.measure(Landroidx/compose/foundation/layout/RowColumnMeasurePolicy;IIIIILandroidx/compose/ui/layout/Mea
Event: 64.074 Thread 0x000001ea655f3290 DEOPT PACKING pc=0x000001ea10ecafa4 sp=0x00000023333f56a0
Event: 64.074 Thread 0x000001ea655f3290 DEOPT UNPACKING pc=0x000001ea0fb04422 sp=0x00000023333f5570 mode 2
Event: 64.934 Thread 0x000001ead1009100 Uncommon trap: trap_request=0xffffff45 fr.pc=0x000001ea1088bfe4 relative=0x0000000000000944
Event: 64.934 Thread 0x000001ead1009100 Uncommon trap: reason=unstable_if action=reinterpret pc=0x000001ea1088bfe4 method=java.util.concurrent.CompletableFuture$UniCompose.tryFire(I)Ljava/util/concurrent/CompletableFuture; @ 44 c2
Event: 64.934 Thread 0x000001ead1009100 DEOPT PACKING pc=0x000001ea1088bfe4 sp=0x000000233bdff220
Event: 64.934 Thread 0x000001ead1009100 DEOPT UNPACKING pc=0x000001ea0fb04422 sp=0x000000233bdff1c8 mode 2

Classes loaded (20 events):
Event: 34.345 Loading class java/util/concurrent/ConcurrentLinkedQueue$Itr
Event: 34.345 Loading class java/util/concurrent/ConcurrentLinkedQueue$Itr done
Event: 34.345 Loading class javax/net/ssl/SSLProtocolException
Event: 34.346 Loading class javax/net/ssl/SSLProtocolException done
Event: 49.327 Loading class java/awt/Container$MouseEventTargetFilter
Event: 49.327 Loading class java/awt/Container$EventTargetFilter
Event: 49.327 Loading class java/awt/Container$EventTargetFilter done
Event: 49.327 Loading class java/awt/Container$MouseEventTargetFilter done
Event: 49.327 Loading class java/awt/LightweightDispatcher$1
Event: 49.327 Loading class java/awt/LightweightDispatcher$1 done
Event: 55.956 Loading class sun/net/util/SocketExceptions
Event: 55.956 Loading class sun/net/util/SocketExceptions done
Event: 58.012 Loading class sun/security/ssl/PreSharedKeyExtension$PskIdentity
Event: 58.012 Loading class sun/security/ssl/PreSharedKeyExtension$PskIdentity done
Event: 58.013 Loading class sun/security/ssl/PreSharedKeyExtension$CHPreSharedKeySpec
Event: 58.013 Loading class sun/security/ssl/PreSharedKeyExtension$CHPreSharedKeySpec done
Event: 58.013 Loading class sun/security/ssl/PreSharedKeyExtension$PartialClientHelloMessage
Event: 58.013 Loading class sun/security/ssl/PreSharedKeyExtension$PartialClientHelloMessage done
Event: 58.034 Loading class sun/security/ssl/PreSharedKeyExtension$SHPreSharedKeySpec
Event: 58.034 Loading class sun/security/ssl/PreSharedKeyExtension$SHPreSharedKeySpec done

Classes unloaded (5 events):
Event: 16.234 Thread 0x000001ea7be09e00 Unloading class 0x000001ea21731c00 'java/lang/invoke/LambdaForm$MH+0x000001ea21731c00'
Event: 16.234 Thread 0x000001ea7be09e00 Unloading class 0x000001ea21731400 'java/lang/invoke/LambdaForm$DMH+0x000001ea21731400'
Event: 16.234 Thread 0x000001ea7be09e00 Unloading class 0x000001ea21730c00 'java/lang/invoke/LambdaForm$DMH+0x000001ea21730c00'
Event: 16.234 Thread 0x000001ea7be09e00 Unloading class 0x000001ea21730400 'java/lang/invoke/LambdaForm$DMH+0x000001ea21730400'
Event: 16.234 Thread 0x000001ea7be09e00 Unloading class 0x000001ea21718400 'java/lang/invoke/LambdaForm$DMH+0x000001ea21718400'

Classes redefined (0 events):
No events

Internal exceptions (20 events):
Event: 53.454 Thread 0x000001ea665a9cd0 Exception <a 'sun/nio/fs/WindowsException'{0x000000060d785fe8}> (0x000000060d785fe8) 
thrown [s\src\hotspot\share\prims\jni.cpp, line 520]
Event: 53.466 Thread 0x000001ea703b7750 Exception <a 'sun/nio/fs/WindowsException'{0x000000060d0b12a0}> (0x000000060d0b12a0) 
thrown [s\src\hotspot\share\prims\jni.cpp, line 520]
Event: 53.467 Thread 0x000001ea703b7750 Exception <a 'sun/nio/fs/WindowsException'{0x000000060d0b24d8}> (0x000000060d0b24d8) 
thrown [s\src\hotspot\share\prims\jni.cpp, line 520]
Event: 54.044 Thread 0x000001ea655f3290 Implicit null exception at 0x000001ea10d9c9e9 to 0x000001ea10d9d304
Event: 55.956 Thread 0x000001ea655f1ee0 Exception <a 'java/net/ConnectException'{0x000000061627f470}: Connection timed out: getsockopt> (0x000000061627f470) 
thrown [s\src\hotspot\share\prims\jni.cpp, line 539]
Event: 57.958 Thread 0x000001ea655f3290 Implicit null exception at 0x000001ea104b7928 to 0x000001ea104b7bf4
Event: 61.589 Thread 0x000001ea655f3290 Exception <a 'sun/nio/fs/WindowsException'{0x0000000616999a38}> (0x0000000616999a38) 
thrown [s\src\hotspot\share\prims\jni.cpp, line 520]
Event: 61.597 Thread 0x000001ea655f3290 Exception <a 'sun/nio/fs/WindowsException'{0x0000000616a530c0}> (0x0000000616a530c0) 
thrown [s\src\hotspot\share\prims\jni.cpp, line 520]
Event: 61.598 Thread 0x000001ea655f3290 Exception <a 'sun/nio/fs/WindowsException'{0x0000000616a572e8}> (0x0000000616a572e8) 
thrown [s\src\hotspot\share\prims\jni.cpp, line 520]
Event: 61.603 Thread 0x000001ea655f3290 Exception <a 'sun/nio/fs/WindowsException'{0x0000000616ac5160}> (0x0000000616ac5160) 
thrown [s\src\hotspot\share\prims\jni.cpp, line 520]
Event: 61.610 Thread 0x000001ea655f3290 Exception <a 'sun/nio/fs/WindowsException'{0x0000000616af4920}> (0x0000000616af4920) 
thrown [s\src\hotspot\share\prims\jni.cpp, line 520]
Event: 61.611 Thread 0x000001ea655f3290 Exception <a 'sun/nio/fs/WindowsException'{0x0000000616af9b88}> (0x0000000616af9b88) 
thrown [s\src\hotspot\share\prims\jni.cpp, line 520]
Event: 61.613 Thread 0x000001ea655f3290 Exception <a 'sun/nio/fs/WindowsException'{0x0000000616b0b010}> (0x0000000616b0b010) 
thrown [s\src\hotspot\share\prims\jni.cpp, line 520]
Event: 61.615 Thread 0x000001ea655f3290 Exception <a 'sun/nio/fs/WindowsException'{0x0000000616b154a8}> (0x0000000616b154a8) 
thrown [s\src\hotspot\share\prims\jni.cpp, line 520]
Event: 62.913 Thread 0x000001ea655f3290 Exception <a 'sun/nio/fs/WindowsException'{0x000000061658ec30}> (0x000000061658ec30) 
thrown [s\src\hotspot\share\prims\jni.cpp, line 520]
Event: 62.913 Thread 0x000001ea655f3290 Exception <a 'sun/nio/fs/WindowsException'{0x0000000616595060}> (0x0000000616595060) 
thrown [s\src\hotspot\share\prims\jni.cpp, line 520]
Event: 63.634 Thread 0x000001ea655f3290 Exception <a 'sun/nio/fs/WindowsException'{0x0000000616027f40}> (0x0000000616027f40) 
thrown [s\src\hotspot\share\prims\jni.cpp, line 520]
Event: 63.635 Thread 0x000001ea655f3290 Exception <a 'sun/nio/fs/WindowsException'{0x0000000616029058}> (0x0000000616029058) 
thrown [s\src\hotspot\share\prims\jni.cpp, line 520]
Event: 64.095 Thread 0x000001ea655f3290 Exception <a 'sun/nio/fs/WindowsException'{0x00000006163dbbe0}> (0x00000006163dbbe0) 
thrown [s\src\hotspot\share\prims\jni.cpp, line 520]
Event: 64.101 Thread 0x000001ea655f3290 Exception <a 'sun/nio/fs/WindowsException'{0x0000000615b36fb0}> (0x0000000615b36fb0) 
thrown [s\src\hotspot\share\prims\jni.cpp, line 520]

ZGC Phase Switch (0 events):
No events

VM Operations (20 events):
Event: 58.095 Executing safepoint VM operation: Cleanup
Event: 58.095 Executing safepoint VM operation: Cleanup done
Event: 59.103 Executing safepoint VM operation: Cleanup
Event: 59.103 Executing safepoint VM operation: Cleanup done
Event: 60.112 Executing safepoint VM operation: Cleanup
Event: 60.112 Executing safepoint VM operation: Cleanup done
Event: 60.207 Executing non-safepoint VM operation: HandshakeAllThreads (HandshakeForDeflation)
Event: 60.207 Executing non-safepoint VM operation: HandshakeAllThreads (HandshakeForDeflation) done
Event: 60.207 Executing non-safepoint VM operation: RendezvousGCThreads
Event: 60.207 Executing non-safepoint VM operation: RendezvousGCThreads done
Event: 61.219 Executing safepoint VM operation: Cleanup
Event: 61.219 Executing safepoint VM operation: Cleanup done
Event: 61.468 Executing safepoint VM operation: G1CollectFull (System.gc())
Event: 61.511 Executing safepoint VM operation: G1CollectFull (System.gc()) done
Event: 62.514 Executing safepoint VM operation: Cleanup
Event: 62.514 Executing safepoint VM operation: Cleanup done
Event: 63.523 Executing safepoint VM operation: Cleanup
Event: 63.523 Executing safepoint VM operation: Cleanup done
Event: 64.529 Executing safepoint VM operation: Cleanup
Event: 64.529 Executing safepoint VM operation: Cleanup done

Memory protections (0 events):
No events

Nmethod flushes (20 events):
Event: 61.483 Thread 0x000001ea7be09e00 flushing  nmethod 0x000001ea08fcb710
Event: 61.483 Thread 0x000001ea7be09e00 flushing  nmethod 0x000001ea09026010
Event: 61.483 Thread 0x000001ea7be09e00 flushing  nmethod 0x000001ea090d0e10
Event: 61.483 Thread 0x000001ea7be09e00 flushing  nmethod 0x000001ea0917f010
Event: 61.483 Thread 0x000001ea7be09e00 flushing  nmethod 0x000001ea09257a90
Event: 61.483 Thread 0x000001ea7be09e00 flushing  nmethod 0x000001ea09293a90
Event: 61.483 Thread 0x000001ea7be09e00 flushing  nmethod 0x000001ea09295390
Event: 61.483 Thread 0x000001ea7be09e00 flushing  nmethod 0x000001ea093db310
Event: 61.483 Thread 0x000001ea7be09e00 flushing  nmethod 0x000001ea0944aa90
Event: 61.483 Thread 0x000001ea7be09e00 flushing  nmethod 0x000001ea09479690
Event: 61.483 Thread 0x000001ea7be09e00 flushing  nmethod 0x000001ea0947ae90
Event: 61.483 Thread 0x000001ea7be09e00 flushing  nmethod 0x000001ea0958b390
Event: 61.483 Thread 0x000001ea7be09e00 flushing  nmethod 0x000001ea09656590
Event: 61.483 Thread 0x000001ea7be09e00 flushing  nmethod 0x000001ea09e36a10
Event: 61.483 Thread 0x000001ea7be09e00 flushing  nmethod 0x000001ea09e37310
Event: 61.483 Thread 0x000001ea7be09e00 flushing  nmethod 0x000001ea09e3a090
Event: 61.483 Thread 0x000001ea7be09e00 flushing  nmethod 0x000001ea0a1e8110
Event: 61.483 Thread 0x000001ea7be09e00 flushing  nmethod 0x000001ea0a35d190
Event: 61.483 Thread 0x000001ea7be09e00 flushing  nmethod 0x000001ea0a35f310
Event: 61.483 Thread 0x000001ea7be09e00 flushing  nmethod 0x000001ea0a369110

Events (20 events):
Event: 52.109 Thread 0x000001eac4ddcf80 Thread added: 0x000001eac4df3d10
Event: 52.897 Thread 0x000001eac4df3d10 Thread exited: 0x000001eac4df3d10
Event: 53.977 Thread 0x000001ea70a206f0 Thread exited: 0x000001ea70a206f0
Event: 54.001 Thread 0x000001ea7be5c280 Thread added: 0x000001ea7222deb0
Event: 55.709 Thread 0x000001eac4dd9900 Thread added: 0x000001ea70ae96f0
Event: 57.108 Thread 0x000001ea7222deb0 Thread exited: 0x000001ea7222deb0
Event: 57.282 Thread 0x000001eac4dd9900 Thread exited: 0x000001eac4dd9900
Event: 57.282 Thread 0x000001eac4ddcf80 Thread exited: 0x000001eac4ddcf80
Event: 57.767 Thread 0x000001ea70ae96f0 Thread exited: 0x000001ea70ae96f0
Event: 58.308 Thread 0x000001ea7be5c280 Thread added: 0x000001eac4ddbb10
Event: 58.632 Thread 0x000001eac4ddbb10 Thread exited: 0x000001eac4ddbb10
Event: 61.589 Thread 0x000001ea7be5c280 Thread added: 0x000001eac4dd9fd0
Event: 61.876 Thread 0x000001eac4dd9fd0 Thread exited: 0x000001eac4dd9fd0
Event: 64.066 Thread 0x000001ea7be5c280 Thread added: 0x000001eac4ddbb10
Event: 64.067 Thread 0x000001eac4ddbb10 Thread added: 0x000001eac4dd9fd0
Event: 64.077 Thread 0x000001ea7be5c280 Thread added: 0x000001eac4dda6a0
Event: 64.085 Thread 0x000001eac4dda6a0 Thread added: 0x000001eac4dd9900
Event: 64.227 Thread 0x000001eac4dd9900 Thread exited: 0x000001eac4dd9900
Event: 64.620 Thread 0x000001eac4dda6a0 Thread exited: 0x000001eac4dda6a0
Event: 64.770 Thread 0x000001eac4dd9fd0 Thread exited: 0x000001eac4dd9fd0


Dynamic libraries:
0x00007ff668270000 - 0x00007ff66827e000 	C:\Program Files\Eclipse Adoptium\jdk-21.0.11.10-hotspot\bin\java.exe
0x00007ffbbcda0000 - 0x00007ffbbd007000 	C:\WINDOWS\SYSTEM32\ntdll.dll
0x00007ffbbb9f0000 - 0x00007ffbbbab9000 	C:\WINDOWS\System32\KERNEL32.DLL
0x00007ffbba6f0000 - 0x00007ffbbaae7000 	C:\WINDOWS\System32\KERNELBASE.dll
0x00007ffbb9a40000 - 0x00007ffbb9b8b000 	C:\WINDOWS\System32\ucrtbase.dll
0x00007ffb96330000 - 0x00007ffb96348000 	C:\Program Files\Eclipse Adoptium\jdk-21.0.11.10-hotspot\bin\jli.dll
0x00007ffb96350000 - 0x00007ffb9636e000 	C:\Program Files\Eclipse Adoptium\jdk-21.0.11.10-hotspot\bin\VCRUNTIME140.dll
0x00007ffbbbf40000 - 0x00007ffbbc106000 	C:\WINDOWS\System32\USER32.dll
0x00007ffbbaaf0000 - 0x00007ffbbab17000 	C:\WINDOWS\System32\win32u.dll
0x00007ffb9ad80000 - 0x00007ffb9b012000 	C:\WINDOWS\WinSxS\amd64_microsoft.windows.common-controls_6595b64144ccf1df_6.0.26100.8457_none_3e0b2faee331e92d\COMCTL32.dll
0x00007ffbbc110000 - 0x00007ffbbc13b000 	C:\WINDOWS\System32\GDI32.dll
0x00007ffbbb400000 - 0x00007ffbbb4a9000 	C:\WINDOWS\System32\msvcrt.dll
0x00007ffbb97d0000 - 0x00007ffbb98fc000 	C:\WINDOWS\System32\gdi32full.dll
0x00007ffbba640000 - 0x00007ffbba6e3000 	C:\WINDOWS\System32\msvcp_win.dll
0x00007ffbbbbc0000 - 0x00007ffbbbbf2000 	C:\WINDOWS\System32\IMM32.DLL
0x00007ffb9ab50000 - 0x00007ffb9ab5c000 	C:\Program Files\Eclipse Adoptium\jdk-21.0.11.10-hotspot\bin\vcruntime140_1.dll
0x00007ffb94e10000 - 0x00007ffb94e9d000 	C:\Program Files\Eclipse Adoptium\jdk-21.0.11.10-hotspot\bin\msvcp140.dll
0x00007ffb94060000 - 0x00007ffb94e02000 	C:\Program Files\Eclipse Adoptium\jdk-21.0.11.10-hotspot\bin\server\jvm.dll
0x00007ffbbbc90000 - 0x00007ffbbbd46000 	C:\WINDOWS\System32\ADVAPI32.dll
0x00007ffbbad00000 - 0x00007ffbbada7000 	C:\WINDOWS\System32\sechost.dll
0x00007ffbbadb0000 - 0x00007ffbbaec8000 	C:\WINDOWS\System32\RPCRT4.dll
0x00007ffbbc9c0000 - 0x00007ffbbca40000 	C:\WINDOWS\System32\WS2_32.dll
0x00007ffbb8390000 - 0x00007ffbb83ee000 	C:\WINDOWS\SYSTEM32\POWRPROF.dll
0x00007ffbae270000 - 0x00007ffbae27b000 	C:\WINDOWS\SYSTEM32\VERSION.dll
0x00007ffbae910000 - 0x00007ffbae946000 	C:\WINDOWS\SYSTEM32\WINMM.dll
0x00007ffbb8370000 - 0x00007ffbb8384000 	C:\WINDOWS\SYSTEM32\UMPDC.dll
0x00007ffbb8640000 - 0x00007ffbb865b000 	C:\WINDOWS\SYSTEM32\kernel.appcore.dll
0x00007ffb97040000 - 0x00007ffb9704a000 	C:\Program Files\Eclipse Adoptium\jdk-21.0.11.10-hotspot\bin\jimage.dll
0x00007ffbb7810000 - 0x00007ffbb7a52000 	C:\WINDOWS\SYSTEM32\DBGHELP.DLL
0x00007ffbbb540000 - 0x00007ffbbb8c3000 	C:\WINDOWS\System32\combase.dll
0x00007ffbbc8c0000 - 0x00007ffbbc999000 	C:\WINDOWS\System32\OLEAUT32.dll
0x00007ffba16f0000 - 0x00007ffba172b000 	C:\WINDOWS\SYSTEM32\dbgcore.DLL
0x00007ffbb9900000 - 0x00007ffbb99a8000 	C:\WINDOWS\System32\bcryptPrimitives.dll
0x00007ffb96310000 - 0x00007ffb96330000 	C:\Program Files\Eclipse Adoptium\jdk-21.0.11.10-hotspot\bin\java.dll
0x00007ffbbc140000 - 0x00007ffbbc8ae000 	C:\WINDOWS\System32\SHELL32.dll
0x00007ffbb9b90000 - 0x00007ffbba3fc000 	C:\WINDOWS\System32\windows.storage.dll
0x00007ffbbcc30000 - 0x00007ffbbcd26000 	C:\WINDOWS\System32\SHCORE.dll
0x00007ffbbb380000 - 0x00007ffbbb3e6000 	C:\WINDOWS\System32\shlwapi.dll
0x00007ffbb96f0000 - 0x00007ffbb9719000 	C:\WINDOWS\SYSTEM32\profapi.dll
0x00007ffb93f80000 - 0x00007ffb94057000 	C:\Program Files\Eclipse Adoptium\jdk-21.0.11.10-hotspot\bin\jsvml.dll
0x00007ffb96ff0000 - 0x00007ffb97000000 	C:\Program Files\Eclipse Adoptium\jdk-21.0.11.10-hotspot\bin\net.dll
0x00007ffbb2280000 - 0x00007ffbb23a9000 	C:\WINDOWS\SYSTEM32\WINHTTP.dll
0x00007ffbb8b90000 - 0x00007ffbb8bfc000 	C:\WINDOWS\system32\mswsock.dll
0x00007ffb962f0000 - 0x00007ffb96306000 	C:\Program Files\Eclipse Adoptium\jdk-21.0.11.10-hotspot\bin\nio.dll
0x00007ffb962d0000 - 0x00007ffb962e8000 	C:\Program Files\Eclipse Adoptium\jdk-21.0.11.10-hotspot\bin\zip.dll
0x00007ffb90d70000 - 0x00007ffb90eff000 	C:\Program Files\Eclipse Adoptium\jdk-21.0.11.10-hotspot\bin\awt.dll
0x00007ffbb5490000 - 0x00007ffbb5530000 	C:\WINDOWS\SYSTEM32\apphelp.dll
0x00007ffb90cf0000 - 0x00007ffb90d6c000 	D:\opencode\NuvioDesktop0-experiment\composeApp\build\native\windows\player_bridge.dll
0x00007ffbbbda0000 - 0x00007ffbbbf37000 	C:\WINDOWS\System32\ole32.dll
0x00007ffbb5ed0000 - 0x00007ffbb5eff000 	C:\WINDOWS\SYSTEM32\dwmapi.dll
0x00007ffb9f1d0000 - 0x00007ffb9f1f8000 	C:\Program Files\Cloudflare\Cloudflare WARP\WebView2Loader.dll
0x00007ffb8f180000 - 0x00007ffb8fef5000 	C:\Users\ahmed\.skiko\skiko-windows-x64-3ce1b2621ce4905333064341568d0e9493efc0d4971a63b096261c774bc6e5a8\skiko-windows-x64.dll
0x00007ffbb5620000 - 0x00007ffbb5726000 	C:\WINDOWS\SYSTEM32\PROPSYS.dll
0x00007ffbb5d10000 - 0x00007ffbb5dba000 	C:\WINDOWS\system32\uxtheme.dll
0x00007ffb3d9e0000 - 0x00007ffb3e287000 	C:\Program Files (x86)\Microsoft\EdgeWebView\Application\149.0.4022.62\EBWebView\x64\EmbeddedBrowserWebView.dll
0x00007ffbbca50000 - 0x00007ffbbcbac000 	C:\WINDOWS\System32\MSCTF.dll
0x00007ffb7b190000 - 0x00007ffb7b1b9000 	C:\WINDOWS\system32\edputil.dll
0x00007ffb799f0000 - 0x00007ffb79aff000 	C:\WINDOWS\system32\opengl32.dll
0x00007ffb799c0000 - 0x00007ffb799ed000 	C:\WINDOWS\SYSTEM32\GLU32.dll
0x00007ffbb7060000 - 0x00007ffbb70a5000 	C:\WINDOWS\SYSTEM32\dxcore.dll
0x00007ffb90c60000 - 0x00007ffb90ceb000 	C:\Program Files\Eclipse Adoptium\jdk-21.0.11.10-hotspot\bin\freetype.dll
0x00007ffb90b60000 - 0x00007ffb90c5a000 	C:\Program Files\Eclipse Adoptium\jdk-21.0.11.10-hotspot\bin\fontmanager.dll
0x00007ffbb65d0000 - 0x00007ffbb6837000 	C:\WINDOWS\SYSTEM32\dwrite.dll
0x00007ffbbb8d0000 - 0x00007ffbbb97e000 	C:\WINDOWS\System32\clbcatq.dll
0x00007ffbb3f20000 - 0x00007ffbb414d000 	C:\WINDOWS\SYSTEM32\WindowsCodecs.dll
0x00007ffb5f380000 - 0x00007ffb5f3da000 	C:\WINDOWS\system32\dataexchange.dll
0x00007ffbaaf00000 - 0x00007ffbab14e000 	C:\WINDOWS\system32\twinapi.appcore.dll
0x00007ffbb2a70000 - 0x00007ffbb2a77000 	C:\Program Files\Eclipse Adoptium\jdk-21.0.11.10-hotspot\bin\jawt.dll
0x00007ffbb6b40000 - 0x00007ffbb6c7e000 	C:\WINDOWS\SYSTEM32\Dxgi.dll
0x00007ffbb26b0000 - 0x00007ffbb2711000 	C:\WINDOWS\SYSTEM32\directxdatabasehelper.dll
0x00007ffbb9430000 - 0x00007ffbb9481000 	C:\WINDOWS\SYSTEM32\cfgmgr32.dll
0x00007ffbb15d0000 - 0x00007ffbb15f5000 	C:\WINDOWS\SYSTEM32\D3D12.dll
0x00007ffb90800000 - 0x00007ffb90b58000 	C:\WINDOWS\SYSTEM32\D3D12Core.dll
0x00007ffbb8ff0000 - 0x00007ffbb9003000 	C:\WINDOWS\SYSTEM32\msasn1.dll
0x00007ffbaddd0000 - 0x00007ffbade0b000 	C:\WINDOWS\SYSTEM32\cryptnet.dll
0x00007ffbba4c0000 - 0x00007ffbba638000 	C:\WINDOWS\System32\CRYPT32.dll
0x00007ffbb8f70000 - 0x00007ffbb8f7c000 	C:\WINDOWS\SYSTEM32\cryptbase.dll
0x00007ffbb8e80000 - 0x00007ffbb8eea000 	C:\WINDOWS\SYSTEM32\wldp.dll
0x00007ffbad680000 - 0x00007ffbad7f8000 	C:\WINDOWS\SYSTEM32\drvstore.dll
0x00007ffbb9490000 - 0x00007ffbb94bd000 	C:\WINDOWS\SYSTEM32\devobj.dll
0x00007ffbb99b0000 - 0x00007ffbb9a32000 	C:\WINDOWS\System32\wintrust.dll
0x00007ffbbcd30000 - 0x00007ffbbcd50000 	C:\WINDOWS\System32\imagehlp.dll
0x00007ffbb8f90000 - 0x00007ffbb8fab000 	C:\WINDOWS\SYSTEM32\CRYPTSP.dll
0x00007ffbb85a0000 - 0x00007ffbb85d9000 	C:\WINDOWS\system32\rsaenh.dll
0x00007ffbb96c0000 - 0x00007ffbb96ea000 	C:\WINDOWS\SYSTEM32\bcrypt.dll
0x00007ffb9e8d0000 - 0x00007ffb9ea17000 	C:\WINDOWS\system32\nvspcap64.dll
0x00007ffbb8760000 - 0x00007ffbb8796000 	C:\WINDOWS\SYSTEM32\ntmarta.dll
0x00007ffb55ed0000 - 0x00007ffb55f9a000 	C:\WINDOWS\System32\DriverStore\FileRepository\nvlti.inf_amd64_ac6e327f484351b4\nvldumdx.dll
0x00007ffb4f1a0000 - 0x00007ffb54fad000 	C:\WINDOWS\System32\DriverStore\FileRepository\nvlti.inf_amd64_ac6e327f484351b4\nvgpucomp64.dll
0x00007ffb4e9a0000 - 0x00007ffb4eadb000 	C:\WINDOWS\System32\DriverStore\FileRepository\nvlti.inf_amd64_ac6e327f484351b4\NvMemMapStoragex.dll
0x00007ffb493f0000 - 0x00007ffb4e994000 	C:\WINDOWS\System32\DriverStore\FileRepository\nvlti.inf_amd64_ac6e327f484351b4\nvwgf2umx.dll
0x00007ffb99190000 - 0x00007ffb998b7000 	C:\WINDOWS\System32\DriverStore\FileRepository\nvlti.inf_amd64_ac6e327f484351b4\nvppex.dll
0x00007ffb90710000 - 0x00007ffb907f5000 	C:\WINDOWS\SYSTEM32\D3DSCache.dll
0x00007ffbb8c40000 - 0x00007ffbb8c73000 	C:\WINDOWS\SYSTEM32\USERENV.dll
0x00007ffb97060000 - 0x00007ffb9706e000 	C:\Program Files\Eclipse Adoptium\jdk-21.0.11.10-hotspot\bin\sunmscapi.dll
0x00007ffbb90f0000 - 0x00007ffbb9120000 	C:\WINDOWS\SYSTEM32\ncrypt.dll
0x00007ffbb90a0000 - 0x00007ffbb90df000 	C:\WINDOWS\SYSTEM32\NTASN1.dll
0x00007ffbb7fa0000 - 0x00007ffbb7fd2000 	C:\WINDOWS\SYSTEM32\IPHLPAPI.DLL
0x00007ffbbb370000 - 0x00007ffbbb37a000 	C:\WINDOWS\System32\NSI.dll
0x00007ffb83b90000 - 0x00007ffb83b98000 	C:\WINDOWS\system32\wshunix.dll
0x00007ffb91a70000 - 0x00007ffb91a79000 	C:\Program Files\Eclipse Adoptium\jdk-21.0.11.10-hotspot\bin\extnet.dll
0x00007ffbb8090000 - 0x00007ffbb81c2000 	C:\WINDOWS\SYSTEM32\DNSAPI.dll
0x00007ffbb2070000 - 0x00007ffbb207b000 	C:\Windows\System32\rasadhlp.dll
0x00007ffbb1140000 - 0x00007ffbb11c6000 	C:\WINDOWS\System32\fwpuclnt.dll
0x00007ffbb2a60000 - 0x00007ffbb2a69000 	C:\Program Files\Eclipse Adoptium\jdk-21.0.11.10-hotspot\bin\prefs.dll
0x00007ffbb68d0000 - 0x00007ffbb6b32000 	C:\WINDOWS\SYSTEM32\d3d11.dll
0x00007ffbb03f0000 - 0x00007ffbb084e000 	C:\Windows\System32\DriverStore\FileRepository\iigd_dch.inf_amd64_a582115f5de863e1\igd10iumd64.dll
0x00007ffbae950000 - 0x00007ffbb021e000 	C:\Windows\System32\DriverStore\FileRepository\iigd_dch.inf_amd64_a582115f5de863e1\igd10um64xe.DLL
0x00007ffbad800000 - 0x00007ffbad88b000 	C:\Windows\System32\DriverStore\FileRepository\iigd_dch.inf_amd64_a582115f5de863e1\IntelControlLib.dll
0x00007ffbbaee0000 - 0x00007ffbbb367000 	C:\WINDOWS\System32\SETUPAPI.dll
0x00007ffbace80000 - 0x00007ffbad2b8000 	C:\Windows\System32\DriverStore\FileRepository\iigd_dch.inf_amd64_a582115f5de863e1\igdgmm64.dll
0x00007ffba6430000 - 0x00007ffbaa2dd000 	C:\Windows\System32\DriverStore\FileRepository\iigd_dch.inf_amd64_a582115f5de863e1\igc64.dll
0x00007ffbb4170000 - 0x00007ffbb4392000 	C:\WINDOWS\SYSTEM32\dcomp.dll
0x00007ffbb4150000 - 0x00007ffbb4169000 	C:\WINDOWS\SYSTEM32\Microsoft.Internal.WarpPal.dll
0x00007ffbb3a90000 - 0x00007ffbb3f0f000 	C:\WINDOWS\SYSTEM32\d3dcompiler_47.dll
0x00007ffb60b30000 - 0x00007ffb60c76000 	C:\WINDOWS\SYSTEM32\textinputframework.dll
0x00007ffb83fc0000 - 0x00007ffb84036000 	C:\WINDOWS\system32\Oleacc.dll
0x00007ffbb47e0000 - 0x00007ffbb4907000 	C:\WINDOWS\SYSTEM32\CoreMessaging.dll
0x00007ffbb0ba0000 - 0x00007ffbb0e82000 	C:\WINDOWS\SYSTEM32\CoreUIComponents.dll
0x00007ffbb4f20000 - 0x00007ffbb508a000 	C:\WINDOWS\SYSTEM32\wintypes.dll
0x00007ffb905a0000 - 0x00007ffb90704000 	C:\WINDOWS\SYSTEM32\dxilconv.dll
0x0000000054000000 - 0x00000000540d0000 	C:\Users\ahmed\AppData\Local\Temp\quickjs_quickjs15750467880257135809.tmp

JVMTI agents: none

dbghelp: loaded successfully - version: 4.0.5 - missing functions: none
symbol engine: initialized successfully - sym options: 0x614 - pdb path: .;C:\Program Files\Eclipse Adoptium\jdk-21.0.11.10-hotspot\bin;C:\WINDOWS\SYSTEM32;C:\WINDOWS\WinSxS\amd64_microsoft.windows.common-controls_6595b64144ccf1df_6.0.26100.8457_none_3e0b2faee331e92d;C:\Program Files\Eclipse Adoptium\jdk-21.0.11.10-hotspot\bin\server;D:\opencode\NuvioDesktop0-experiment\composeApp\build\native\windows;C:\Program Files\Cloudflare\Cloudflare WARP;C:\Users\ahmed\.skiko\skiko-windows-x64-3ce1b2621ce4905333064341568d0e9493efc0d4971a63b096261c774bc6e5a8;C:\Program Files (x86)\Microsoft\EdgeWebView\Application\149.0.4022.62\EBWebView\x64;C:\WINDOWS\System32\DriverStore\FileRepository\nvlti.inf_amd64_ac6e327f484351b4;C:\Windows\System32\DriverStore\FileRepository\iigd_dch.inf_amd64_a582115f5de863e1;C:\Users\ahmed\AppData\Local\Temp

VM Arguments:
jvm_args: -Dapple.awt.application.appearance=NSAppearanceNameDarkAqua -Dcompose.application.configure.swing.globals=true -Dcompose.application.resources.dir=D:\opencode\NuvioDesktop0-experiment\composeApp\build\compose\tmp\prepareAppResources --add-opens=java.desktop/java.awt=ALL-UNNAMED --add-opens=java.desktop/sun.lwawt=ALL-UNNAMED --add-opens=java.desktop/sun.lwawt.macosx=ALL-UNNAMED --add-opens=java.desktop/sun.awt.windows=ALL-UNNAMED -Dfile.encoding=UTF-8 -Duser.country=US -Duser.language=en -Duser.variant 
java_command: com.nuvio.app.MainKt
java_class_path (initial): D:\opencode\NuvioDesktop0-experiment\composeApp\build\libs\composeApp-desktop.jar;D:\opencode\NuvioDesktop0-experiment\mediamp\mediamp-mpv\build\libs\mediamp-mpv-desktop-0.1.0-dev-1.jar;D:\opencode\NuvioDesktop0-experiment\mediamp\mediamp-api\build\libs\mediamp-api-desktop-0.1.0-dev-1.jar;C:\Users\ahmed\.gradle\caches\modules-2\files-2.1\dev.chrisbanes.haze\haze-jvm\1.7.2\a254162ea3c9ba2eea97a76058da89ac31e50233\haze-jvm.jar;C:\Users\ahmed\.gradle\caches\modules-2\files-2.1\org.jetbrains.compose.material3\material3-desktop\1.11.0-alpha07\422cb57765628e3959d1e27ac46660593643296b\material3-desktop-1.11.0-alpha07.jar;C:\Users\ahmed\.gradle\caches\modules-2\files-2.1\org.jetbrains.compose.components\components-resources-desktop\1.11.1\f4eb52d87f31584dacdb816a26376f39a1802e8a\library-desktop-1.11.1.jar;C:\Users\ahmed\.gradle\caches\modules-2\files-2.1\sh.calvin.reorderable\reorderable-jvm\3.0.0\4032f6ad5422fe507c8acb2257a83ebc806f145e\reorderable-jvm-3.0.0.jar;C:\Users\ahmed\.gradle\caches\modules-2\files-2.1\org.jetbrains.compose.desktop\desktop-jvm\1.11.1\1fee826ff9d1fafd500b57a22facfc0236bc14c7\desktop-jvm-1.11.1.jar;C:\Users\ahmed\.gradle\caches\modules-2\files-2.1\io.coil-kt.coil3\coil-compose-jvm\3.5.0-beta01\8499f43e80509e3fe55e4a90ad7ce6e816b190e4\coil-compose-jvm-3.5.0-beta01.jar;C:\Users\ahmed\.gradle\caches\modules-2\files-2.1\io.coil-kt.coil3\coil-compose-core-jvm\3.5.0-beta01\12f6663116f0946fe3e87c15f573eb52ac6dc2bc\coil-compose-core-jvm-3.5.0-beta01.jar;C:\Users\ahmed\.gradle\caches\modules-2\files-2.1\org.jetbrains.androidx.navigation\navigation-compose-desktop\2.9.2\8a217f30d3e7d1b7ac22b250be4d9cc3e847c98d\navigation-compose-desktop-2.9.2.jar;C:\Users\ahmed\.gradle\caches\modules-2\files-2.1\org.jetbrains.compose.material\material-desktop\1.11.1\2891a6f3a62dc4c367636a521d1b680a7d6ff6d\material-desktop-1.11.1.jar;C:\Users\ahmed\.gradle\caches\modules-2\files-2.1\org.jetbrains.compose.animation\animation-core-desktop\1.11.1\1bf633ecd1a38a1cf7a41630bc56cba0da9cc25b\animation-core-desktop-1.11.1.jar;C:\Users\ahmed\.gradle\caches\modules-2\files-2.1\org.jetbrains.compose.material\material-ripple-desktop\1.11.1\ae97a5eeb23bc3f461bc3e16e2a9882175405d17\material-ripple-desktop-1.11.1.jar;C:\Users\ahmed\.gradle\caches\modules-2\files-2.1\org.jetbrains.compose.animation\animation-desktop\1.11.1\f873fb28f1a08d45a4dd20a0130b3da8cadf383c\animation-desktop-1.11.1.jar;C:\Users\ahmed\.gradle\caches\modules-2\files-2.1\org.jetbrains.compose.foundation\foundation-layout-desktop\1.11.1\853fc5d01388da6515ce40b719798914012f6469\foundation-layout-desktop-1.11.1.jar;C:\Users\ahmed\.gradle\caches\modules-2\files-2.1\org.jetbrains.compose.foundation\foundation-desktop\1.11.1\6df316e7af2c0c97f200de289925f62ca8fce53d\foundation-desktop-1.11.1.jar;C:\Users\ahmed\.gradle\caches\modules-2\files-2.1\org.jetbrains.compose.material\material-icons-extended-desktop\1.7.3\c7c5465dd754043076875b32bce0dd7f5a354fe8\material-icons-extended-desktop-1.7.3.jar;C:\Users\ahmed\.gradle\caches\modules-2\files-2.1\org.jetbrains.compose.material\material-icons-core-desktop\1.7.3\414b3096050fe647b0638832eace80f22c06b85c\material-icons-core-desktop-1.7.3.jar;C:\Users\ahmed\.gradle\caches\modules-2\files-2.1\org.jetbrains.compose.ui\ui-unit-desktop\1.11.1\f6c06f98da206d01dc40c1587c6bc4c40cbef623\ui-unit-desktop-1.11.1.jar;C:\Users\ahmed\.gradle\caches\modules-2\files-2.1\org.jetbrains.compose.ui\ui-geometry-desktop\1.11.1\5e430152487375359973ac9874653d335dcc220\ui-geometry-desktop-1.11.1.jar;C:\Users\ahmed\.gradle\caches\modules-2\files-2.1\org.jetbrains.compose.ui\ui-graphics-desktop\1.11.1\6ea106d02adf29694eedf12fdfb621947d3621bf\ui-graphics-desktop-1.11.1.jar;C:\Users\ahmed\.gradle\caches\modules-2\files-2.1\org.jetbrains.compose.ui\ui-backhandler-desktop\1.11.1\bd3540bb1d6abd60c5e58f32663b2f3e89406cd1\ui-backhandler-desktop-1.11.1.jar;C:\Users\ahmed\.gradle\caches\modules-2\files-2.1\org.jetbrains.compose.ui\ui-util-desktop\1.11.1\4302c582878b82ab24e1f34e6e90f967f7b416ed\ui-util-desktop-1.11.1.jar;C:\Users\ahmed\.gradle\caches\modules-2\files-2.1\org.jetbrains.compose.ui\ui-text-desktop\1.11.1\6ded685e2601260d6231c859a849b96ee6c60368\ui-text-desktop-1.11.1.jar;C:\Users\ahmed\.gradle\caches\modules-2\files-2.1\org.jetbrains.compose.ui\ui-tooling-preview-desktop\1.11.1\97ec578d33adc34adcaa63e9af7bb2328c6c29b7\ui-tooling-preview-desktop-1.11.1.jar;C:\Users\ahmed\.gradle\caches\modules-2\files-2.1\org.jetbrains.compose.ui\ui-desktop\1.11.1\24c40c0d60c77a6fb34f930f13bfa4a3ff62c0f\ui-desktop-1.11.1.jar;C:\Users\ahmed\.gradle\caches\modules-2\files-2.1\io.ktor\ktor-client-cio-jvm\3.4.1\114327011eeecd416940e2d1be8c9bd5098907de\ktor-client-cio-jvm-3.4.1.jar;C:\Users\ahmed\.gradle\caches\modules-2\files-2.1\io.github.dokar3\quickjs-kt-jvm\1.0.5\c76155aa176760f2ab1966aa61ebd1cc1334dee6\quickjs-jvm.jar;C:\Users\ahmed\.gradle\caches\modules-2\files-2.1\org.jetbrains.skiko\skiko-awt-runtime-windows-x64\0.144.6\6f04ac6776aa0cba95b4232e8e174bea5051c4fd\skiko-awt-runtime-windows-x64-0.144.6.jar;C:\Users\ahmed\.gradle\caches\modules-2\files-2.1\io.coil-kt.coil3\coil-svg-jvm\3.5.0-beta01\7998e0f304b0c8c535dfda3ef86cf81faa88a813\coil-svg-jvm-3.5.0-beta01.jar;C:\Users\ahmed\.gradle\caches\modules-2\files-2.1\io.coil-kt.coil3\coil-network-ktor3-jvm\3.5.0-beta01\59ee23ce9f237edbad112c94a7cc65dc1939999b\coil-network-ktor3-jvm-3.5.0-beta01.jar;C:\Users\ahmed\.gradle\caches\modules-2\files-2.1\io.coil-kt.coil3\coil-jvm\3.5.0-beta01\b0061205e37fc17ba27f52ba1ee42f2be1de31d3\coil-jvm-3.5.0-beta01.jar;C:\Users\ahmed\.gradle\caches\modules-2\files-2.1\io.coil-kt.coil3\coil-network-core-jvm\3.5.0-beta01\27fa35b4c8e4fbcc99126099eba9600a1e8e5a56\coil-network-core-jvm-3.5.0-beta01.jar;C:\Users\ahmed\.gradle\caches\modules-2\files-2.1\io.coil-kt.coil3\coil-core-jvm\3.5.0-beta01\a1cca49cdadfc07533b35de91d266adda8af9df8\coil-core-jvm-3.5.0-beta01.jar;C:\Users\ahmed\.gradle\caches\modules-2\files-2.1\org.jetbrains.skiko\skiko-awt\0.144.6\c9bec39e3c517ed5591c71c7db0cbbe64b6be849\skiko-awt-0.144.6.jar;C:\Users\ahmed\.gradle\caches\modules-2\files-2.1\androidx.navigationevent\navigationevent-desktop\1.0.1\ddb1e7fe97ed51c3d35bba493f97fcf12398719\navigationevent-desktop-1.0.1.jar;C:\Users\ahmed\.gradle\caches\modules-2\files-2.1\androidx.compose.runtime\runtime-annotation-jvm\1.11.2\db4aa964627ac96331b72e231b9ad54318d112f4\runtime-annotation-jvm-1.11.2.jar;C:\Users\ahmed\.gradle\caches\modules-2\files-2.1\androidx.compose.runtime\runtime-retain-desktop\1.11.2\3aa3ec26ef2a3d26bc556b51b33d09efc1a198e8\runtime-retain-desktop-1.11.2.jar;C:\Users\ahmed\.gradle\caches\modules-2\files-2.1\org.jetbrains.androidx.navigation\navigation-runtime-desktop\2.9.2\61efcf8be17657e437de3eab0796f18869dc94b1\navigation-runtime-desktop-2.9.2.jar;C:\Users\ahmed\.gradle\caches\modules-2\files-2.1\org.jetbrains.androidx.navigation\navigation-common-desktop\2.9.2\fd0498502f3bbc8528185bc8c2f9a3a1730a1237\navigation-common-desktop-2.9.2.jar;C:\Users\ahmed\.gradle\caches\modules-2\files-2.1\androidx.lifecycle\lifecycle-runtime-desktop\2.11.0-beta01\c2b5e2f7d739375538c2a74757531a30607f85ff\lifecycle-runtime-desktop-2.11.0-beta01.jar;C:\Users\ahmed\.gradle\caches\modules-2\files-2.1\org.jetbrains.androidx.savedstate\savedstate-compose-desktop\1.3.6\63692375ffe667f12cb3ea8aa1e605d659ed2add\savedstate-compose-desktop-1.3.6.jar;C:\Users\ahmed\.gradle\caches\modules-2\files-2.1\androidx.savedstate\savedstate-compose-desktop\1.4.0\d3d6e0e2108528eb6080dc250da925a572be4202\savedstate-compose-desktop-1.4.0.jar;C:\Users\ahmed\.gradle\caches\modules-2\files-2.1\androidx.savedstate\savedstate-desktop\1.4.0\3b049a0f81643d6b4b900de95bc23efc085c32d5\savedstate-desktop-1.4.0.jar;C:\Users\ahmed\.gradle\caches\modules-2\files-2.1\androidx.lifecycle\lifecycle-common-jvm\2.11.0-beta01\41ef287eee7e4befb1308c017df4de89a210490d\lifecycle-common-jvm-2.11.0-beta01.jar;C:\Users\ahmed\.gradle\caches\modules-2\files-2.1\androidx.lifecycle\lifecycle-viewmodel-savedstate-desktop\2.11.0-beta01\23c86e72183d96b3fff60102dca0de1da5fd4424\lifecycle-viewmodel-savedstate-desktop-2.11.0-beta01.jar;C:\Users\ahmed\.gradle\caches\modules-2\files-2.1\androidx.lifecycle\lifecycle-viewmodel-desktop\2.11.0-beta01\614711da4abf1ece2121521477a5920ed26a7f29\lifecycle-viewmodel-desktop-2.11.0-beta01.jar;C:\Users\ahmed\.gradle\caches\modules-2\files-2.1\androidx.lifecycle\lifecycle-runtime-compose-desktop\2.11.0-beta01\392c6d5cb40bb6d59e3d7070607786b7328009d4\lifecycle-runtime-compose-desktop-2.11.0-beta01.jar;C:\Users\ahmed\.gradle\caches\modules-2\files-2.1\androidx.lifecycle\lifecycle-viewmodel-compose-desktop\2.11.0-beta01\f04e89ec2d915b35cdcd4675591ae3997604173c\lifecycle-viewmodel-compose-desktop-2.11.0-beta01.jar;C:\Users\ahmed\.gradle\caches\modules-2\files-2.1\androidx.compose.runtime\runtime-saveable-desktop\1.11.2\1618fae89791692a224fe7aa79edbd7a8f5b7522\runtime-saveable-desktop-1.11.2.jar;C:\Users\ahmed\.gradle\caches\modules-2\files-2.1\org.jetbrains.compose.runtime\runtime-saveable-desktop\1.11.1\b7c8a8ed985a0f15b4d8d206de1fc6125b499388\runtime-saveable-desktop-1.11.1.jar;C:\Users\ahmed\.gradle\caches\modules-2\files-2.1\org.jetbrains.androidx.lifecycle\lifecycle-runtime-compose-desktop\2.11.0-beta01\e93db8959692f5740745b457135c1ab209a67923\lifecycle-runtime-compose-desktop-2.11.0-beta01.jar;C:\Users\ahmed\.gradle\caches\modules-2\files-2.1\org.jetbrains.androidx.lifecycle\lifecycle-viewmodel-compose-desktop\2.11.0-beta01\25df0b7b86731829cb34805ff8ebb167b198b916\lifecycle-viewmodel-compose-desktop-2.11.0-beta01.jar;C:\Users\ahmed\.gradle\caches\modules-2\files-2.1\org.jetbrains.compose.runtime\runtime-desktop\1.11.1\1941336b045aac4b87cc3be81d9fdb9977c88c61\runtime-desktop-1.11.1.jar;C:\Users\ahmed\.gradle\caches\modules-2\files-2.1\androidx.compose.runtime\runtime-desktop\1.11.2\e93d95553cdd86c1cb8c02f50260cc1c8e341da8\runtime-desktop-1.11.2.jar;C:\Users\ahmed\.gradle\caches\modules-2\files-2.1\io.github.jan-tennert.supabase\postgrest-kt-jvm\3.4.1\5ce69132306e6aa1fcd959ebdeb502e821e3a47c\postgrest-kt-jvm-3.4.1.jar;C:\Users\ahmed\.gradle\caches\modules-2\files-2.1\io.github.jan-tennert.supabase\functions-kt-jvm\3.4.1\2a6c5a1e77bb1d4895812d7292d8075e34b2fb55\functions-kt-jvm-3.4.1.jar;C:\Users\ahmed\.gradle\caches\modules-2\files-2.1\io.github.jan-tennert.supabase\auth-kt-jvm\3.4.1\91413cc37352dda1f34a180c14f58601b6aa2ea0\auth-kt-jvm-3.4.1.jar;C:\Users\ahmed\.gradle\caches\modules-2\files-2.1\io.github.jan-tennert.supabase\supabase-kt-jvm\3.4.1\4c8df2570087c4424f8c2f3c93d77b2ec4198fd5\supabase-kt-jvm-3.4.1.jar;C:\Users\ahmed\.gradle\caches\modules-2\files-2.1\com.russhwolf\multiplatform-settings-coroutines-jvm\1.3.0\c64a7df35357b1e8fa74b830d006d2ea23fcb395\multiplatform-settings-coroutines-jvm-1.3.0.jar;C:\Users\ahmed\.gradle\caches\modules-2\files-2.1\io.ktor\ktor-server-cio-jvm\3.4.0\16a50d239963841ae64e8e207f93ae7a5fdd7062\ktor-server-cio-jvm-3.4.0.jar;C:\Users\ahmed\.gradle\caches\modules-2\files-2.1\io.ktor\ktor-server-core-jvm\3.4.0\97aba0f5e3cd539679907382a3f5783b9a563165\ktor-server-core-jvm-3.4.0.jar;C:\Users\ahmed\.gradle\caches\modules-2\files-2.1\io.ktor\ktor-client-content-negotiation-jvm\3.4.0\266c1aef9d340c22cd859dd5c9174c2e1d86489f\ktor-client-content-negotiation-jvm-3.4.0.jar;C:\Users\ahmed\.gradle\caches\modules-2\files-2.1\io.ktor\ktor-client-core-jvm\3.4.1\84dc032a29f56bdac73449f78a0a2e7f9cab042\ktor-client-core-jvm-3.4.1.jar;C:\Users\ahmed\.gradle\caches\modules-2\files-2.1\io.ktor\ktor-http-cio-jvm\3.4.1\3bd25f53a79a1f68eaec86ae9da4878314cc80af\ktor-http-cio-jvm-3.4.1.jar;C:\Users\ahmed\.gradle\caches\modules-2\files-2.1\io.ktor\ktor-websocket-serialization-jvm\3.4.1\3a687a268f242dab9b624b78d3daeb646aeed5cb\ktor-websocket-serialization-jvm-3.4.1.jar;C:\Users\ahmed\.gradle\caches\modules-2\files-2.1\io.ktor\ktor-serialization-kotlinx-json-jvm\3.4.0\2a09f17d70b6e61623fd8aff9bdce6d7877892\ktor-serialization-kotlinx-json-jvm-3.4.0.jar;C:\Users\ahmed\.gradle\caches\modules-2\files-2.1\io.ktor\ktor-serialization-kotlinx-jvm\3.4.0\d001db47b2ebe8ad8b2cb1bb2a687688840f5887\ktor-serialization-kotlinx-jvm-3.4.0.jar;C:\Users\ahmed\.gradle\caches\modules-2\files-2.1\io.ktor\ktor-serialization-jvm\3.4.1\6fec7fdb4da27d09ff33a34e6e990b215f7c19c4\ktor-serialization-jvm-3.4.1.jar;C:\Users\ahmed\.gradle\caches\modules-2\files-2.1\io.ktor\ktor-websockets-jvm\3.4.1\83226f3612bffab4d0af0d26f9e4d6b7d2e02a58\ktor-websockets-jvm-3.4.1.jar;C:\Users\ahmed\.gradle\caches\modules-2\files-2.1\io.ktor\ktor-network-tls-jvm\3.4.1\8d17de5904253b073b44499a3e67ba99ca2ca8f6\ktor-network-tls-jvm-3.4.1.jar;C:\Users\ahmed\.gradle\caches\modules-2\files-2.1\org.jetbrains.kotlinx\kotlinx-coroutines-slf4j\1.10.2\1271f9d4a929150bb87ab8d1dc1e86d4bcf039f3\kotlinx-coroutines-slf4j-1.10.2.jar;C:\Users\ahmed\.gradle\caches\modules-2\files-2.1\io.ktor\ktor-http-jvm\3.4.1\6605b91c8f06bb6f67e2ec13b8ccea7926f4a526\ktor-http-jvm-3.4.1.jar;C:\Users\ahmed\.gradle\caches\modules-2\files-2.1\io.ktor\ktor-events-jvm\3.4.1\c7aa6bd43fcaf3da2f57a5417b1df66814ec2577\ktor-events-jvm-3.4.1.jar;C:\Users\ahmed\.gradle\caches\modules-2\files-2.1\io.ktor\ktor-sse-jvm\3.4.1\f95e6419c5bb24bed7c718dbff8b292a90db881e\ktor-sse-jvm-3.4.1.jar;C:\Users\ahmed\.gradle\caches\modules-2\files-2.1\io.ktor\ktor-network-jvm\3.4.1\a3b710fabdc38031ff0fb96eaee2a6ddf5ada9c6\ktor-network-jvm-3.4.1.jar;C:\Users\ahmed\.gradle\caches\modules-2\files-2.1\io.ktor\ktor-utils-jvm\3.4.1\f1ad623952ea49c631db750560228e3984790e48\ktor-utils-jvm-3.4.1.jar;C:\Users\ahmed\.gradle\caches\modules-2\files-2.1\io.ktor\ktor-io-jvm\3.4.1\fccd4e08dde189d82ae9a3f5fdbbf152ccd3a9c8\ktor-io-jvm-3.4.1.jar;C:\Users\ahmed\.gradle\caches\modules-2\files-2.1\org.jetbrains.kotlinx\kotlinx-coroutines-core-jvm\1.10.2\4a9f78ef49483748e2c129f3d124b8fa249dafbf\kotlinx-coroutines-core-jvm-1.10.2.jar;C:\Users\ahmed\.gradle\caches\modules-2\files-2.1\org.jetbrains.kotlinx\kotlinx-coroutines-swing\1.10.2\ccb5a2e7c83fa76da0ba4677f05678d3bd3eed57\kotlinx-coroutines-swing-1.10.2.jar;D:\opencode\NuvioDesktop0-experiment\mediamp\mediamp-internal-utils\build\libs\mediamp-internal-utils-desktop-0.1.0-dev-1.jar;C:\Users\ahmed\.gradle\caches\modules-2\files-2.1\com.fleeksoft.ksoup\ksoup-jvm\0.2.6\61a4f799ea43b8eb31856729500be73975e41a42\ksoup-jvm-0.2.6.jar;C:\Users\ahmed\.gradle\caches\modules-2\files-2.1\org.jetbrains.kotlin\kotlin-reflect\2.3.10\98e0fa43a9204a252fa8806c9b2f3f3131590bcb\kotlin-reflect-2.3.10.jar;C:\Users\ahmed\.gradle\caches\modules-2\files-2.1\org.jetbrains.kotlin\kotlin-stdlib-jdk8\1.9.0\e000bd084353d84c9e888f6fb341dc1f5b79d948\kotlin-stdlib-jdk8-1.9.0.jar;C:\Users\ahmed\.gradle\caches\modules-2\files-2.1\androidx.graphics\graphics-shapes-desktop\1.1.0\a5d2198960bdc0915f74c6b2954d3323f35f40ea\graphics-shapes-desktop-1.1.0.jar;C:\Users\ahmed\.gradle\caches\modules-2\files-2.1\androidx.collection\collection-jvm\1.5.0\7ba2c69414d46ebc2dd76598bdd0a75c54281a57\collection-jvm-1.5.0.jar;C:\Users\ahmed\.gradle\caches\modules-2\files-2.1\org.jetbrains.kotlinx\atomicfu-jvm\0.28.0\6a9ac536f4b2144e57c176fd4e26821eb12084f4\atomicfu-jvm-0.28.0.jar;C:\Users\ahmed\.gradle\caches\modules-2\files-2.1\org.jetbrains.kotlinx\kotlinx-datetime-jvm\0.7.1\81c2e0246bd28cc2dcbdf0ab53628322e66a9de9\kotlinx-datetime-jvm-0.7.1.jar;C:\Users\ahmed\.gradle\caches\modules-2\files-2.1\androidx.arch.core\core-common\2.2.0\5e1b8b81dfd5f52c56a8d53b18ca759c19a301f3\core-common-2.2.0.jar;C:\Users\ahmed\.gradle\caches\modules-2\files-2.1\androidx.annotation\annotation-jvm\1.9.1\b17951747e38bf3986a24431b9ba0d039958aa5f\annotation-jvm-1.9.1.jar;C:\Users\ahmed\.gradle\caches\modules-2\files-2.1\com.russhwolf\multiplatform-settings-no-arg-jvm\1.3.0\b9d2280a0d56597619afb286d7c5f697f2e83f03\multiplatform-settings-no-arg-jvm-1.3.0.jar;C:\Users\ahmed\.gradle\caches\modules-2\files-2.1\dev.whyoleg.cryptography\cryptography-provider-jdk-jvm\0.5.0\3a2721ac930c182a0e424f2d558cfa9d52cc1b3\cryptography-provider-jdk-jvm-0.5.0.jar;C:\Users\ahmed\.gradle\caches\modules-2\files-2.1\dev.whyoleg.cryptography\cryptography-provider-base-jvm\0.5.0\e03b79926494512ac452ca00cfa5e27135262d32\cryptography-provider-base-jvm-0.5.0.jar;C:\Users\ahmed\.gradle\caches\modules-2\files-2.1\dev.whyoleg.cryptography\cryptography-serialization-asn1-modules-jvm\0.5.0\9308027088c76026a5b96f5b5b400859310ca1af\cryptography-serialization-asn1-modules-jvm-0.5.0.jar;C:\Users\ahmed\.gradle\caches\modules-2\files-2.1\dev.whyoleg.cryptography\cryptography-serialization-asn1-jvm\0.5.0\242a38b98c1dd201f499485925f22c972858c153\cryptography-serialization-asn1-jvm-0.5.0.jar;C:\Users\ahmed\.gradle\caches\modules-2\files-2.1\dev.whyoleg.cryptography\cryptography-bigint-jvm\0.5.0\97ac3202bf7f3792b3c8bc788a7bbb1b33ca2485\cryptography-bigint-jvm-0.5.0.jar;C:\Users\ahmed\.gradle\caches\modules-2\files-2.1\dev.whyoleg.cryptography\cryptography-random-jvm\0.5.0\8e77668891b60f6058f1262e032d8b06d137bdde\cryptography-random-jvm-0.5.0.jar;C:\Users\ahmed\.gradle\caches\modules-2\files-2.1\dev.whyoleg.cryptography\cryptography-serialization-pem-jvm\0.5.0\7b5cb41c77698e6fb3fab21e67bf7b9e988e11a2\cryptography-serialization-pem-jvm-0.5.0.jar;C:\Users\ahmed\.gradle\caches\modules-2\files-2.1\dev.whyoleg.cryptography\cryptography-provider-optimal-jvm\0.5.0\f0ff9daaf78932f6348ee90d014ca4c78337971b\cryptography-provider-optimal-jvm-0.5.0.jar;C:\Users\ahmed\.gradle\caches\modules-2\files-2.1\dev.whyoleg.cryptography\cryptography-core-jvm\0.5.0\d0fc25786ede38c33893236eacc3d6ab11d2ad10\cryptography-core-jvm-0.5.0.jar;C:\Users\ahmed\.gradle\caches\modules-2\files-2.1\com.fleeksoft.charset\charset-jvm\0.0.8\b6fcd5cc804844347929a83c56f1fdd854c9ce66\charset-jvm-0.0.8.jar;C:\Users\ahmed\.gradle\caches\modules-2\files-2.1\com.fleeksoft.io\io-core-jvm\0.0.8\78517ce1ff4c2ccbb8b91b9f1549c6e7a0ae1044\io-core-jvm-0.0.8.jar;C:\Users\ahmed\.gradle\caches\modules-2\files-2.1\co.touchlab\stately-concurrency-jvm\2.1.0\6285428408c4d7e4a6d9a09511de877103effd81\stately-concurrency-jvm-2.1.0.jar;C:\Users\ahmed\.gradle\caches\modules-2\files-2.1\org.jetbrains.kotlin\kotlin-stdlib-jdk7\1.9.0\f320478990d05e0cfaadd74f9619fd6027adbf37\kotlin-stdlib-jdk7-1.9.0.jar;C:\Users\ahmed\.gradle\caches\modules-2\files-2.1\com.squareup.okio\okio-jvm\3.17.0\a12d684ec0df9541b3869ae60a4a5257fd3613df\okio-jvm-3.17.0.jar;C:\Users\ahmed\.gradle\caches\modules-2\files-2.1\co.touchlab\kermit-jvm\2.0.8\83ee3b1da12d91011c3e93558f97bc28665810de\kermit-jvm-2.0.8.jar;C:\Users\ahmed\.gradle\caches\modules-2\files-2.1\org.jetbrains.kotlinx\kotlinx-serialization-json-io-jvm\1.10.0\50ca77d6d3986562a140275d6c8b07086af55f83\kotlinx-serialization-json-io-jvm-1.10.0.jar;C:\Users\ahmed\.gradle\caches\modules-2\files-2.1\org.jetbrains.kotlinx\kotlinx-serialization-core-jvm\1.10.0\9400c03c056953bbbf30e861e63735c90e9eb320\kotlinx-serialization-core-jvm-1.10.0.jar;C:\Users\ahmed\.gradle\caches\modules-2\files-2.1\org.jetbrains.kotlinx\kotlinx-serialization-json-jvm\1.10.0\a74d7819e02bad98af4d6b56c4f45aa6d31ef4ad\kotlinx-serialization-json-jvm-1.10.0.jar;C:\Users\ahmed\.gradle\caches\modules-2\files-2.1\org.jetbrains.kotlinx\kotlinx-collections-immutable-jvm\0.4.0\82499bf608b0fc3ae6737a5eac1a1f1325279bbf\kotlinx-collections-immutable-jvm-0.4.0.jar;C:\Users\ahmed\.gradle\caches\modules-2\files-2.1\com.russhwolf\multiplatform-settings-jvm\1.3.0\76fe39b1cbb2b2b951ec230ab85e610ae179aab7\multiplatform-settings-jvm-1.3.0.jar;C:\Users\ahmed\.gradle\caches\modules-2\files-2.1\co.touchlab\stately-strict-jvm\2.1.0\3ae8369209065455f4630793bf6aca0fb88c8b6b\stately-strict-jvm-2.1.0.jar;C:\Users\ahmed\.gradle\caches\modules-2\files-2.1\co.touchlab\kermit-core-jvm\2.0.8\7d782124fef2b0c4dccf07208e1cf3aa13b57058\kermit-core-jvm-2.0.8.jar;C:\Users\ahmed\.gradle\caches\modules-2\files-2.1\org.jetbrains.kotlinx\kotlinx-io-core-jvm\0.8.2\358a9f2ba2dc81c5dc84c3d1853f6e5efba63be1\kotlinx-io-core-jvm-0.8.2.jar;C:\Users\ahmed\.gradle\caches\modules-2\files-2.1\org.jetbrains.kotlinx\kotlinx-io-bytestring-jvm\0.8.2\89c5399596250e71f2bba6d2415972a078a525c7\kotlinx-io-bytestring-jvm-0.8.2.jar;C:\Users\ahmed\.gradle\caches\modules-2\files-2.1\org.jetbrains.kotlin\kotlin-stdlib\2.3.21\a2ee2c4e220fee522f0451b723bab2a43f3481a7\kotlin-stdlib-2.3.21.jar;C:\Users\ahmed\.gradle\caches\modules-2\files-2.1\org.jetbrains\annotations\23.0.0\8cc20c07506ec18e0834947b84a864bfc094484e\annotations-23.0.0.jar;C:\Users\ahmed\.gradle\caches\modules-2\files-2.1\net.java.dev.jna\jna-platform\5.13.0\88e9a306715e9379f3122415ef4ae759a352640d\jna-platform-5.13.0.jar;C:\Users\ahmed\.gradle\caches\modules-2\files-2.1\org.jetbrains.runtime\jbr-api\1.9.0\2bc161f5472b5fd5610740e4d6ebe896c811cb0e\jbr-api-1.9.0.jar;C:\Users\ahmed\.gradle\caches\modules-2\files-2.1\net.java.dev.jna\jna\5.13.0\1200e7ebeedbe0d10062093f32925a912020e747\jna-5.13.0.jar;C:\Users\ahmed\.gradle\caches\modules-2\files-2.1\org.slf4j\slf4j-api\2.0.17\d9e58ac9c7779ba3bf8142aff6c830617a7fe60f\slf4j-api-2.0.17.jar;C:\Users\ahmed\.gradle\caches\modules-2\files-2.1\com.typesafe\config\1.4.5\cc25b497ded7068a861517a815546fb472f9e58\config-1.4.5.jar;C:\Users\ahmed\.gradle\caches\modules-2\files-2.1\org.fusesource.jansi\jansi\2.4.2\ba7387c31622c6650b83edba1bbb115f1fe462ba\jansi-2.4.2.jar;C:\Users\ahmed\.gradle\caches\modules-2\files-2.1\org.jspecify\jspecify\1.0.0\7425a601c1c7ec76645a78d22b8c6a627edee507\jspecify-1.0.0.jar
Launcher Type: SUN_STANDARD

[Global flags]
     intx CICompilerCount                          = 12                                        {product} {ergonomic}
     uint ConcGCThreads                            = 4                                         {product} {ergonomic}
     uint G1ConcRefinementThreads                  = 15                                        {product} {ergonomic}
   size_t G1HeapRegionSize                         = 4194304                                   {product} {ergonomic}
    uintx GCDrainStackTargetSize                   = 64                                        {product} {ergonomic}
   size_t InitialHeapSize                          = 532676608                                 {product} {ergonomic}
   size_t MarkStackSize                            = 4194304                                   {product} {ergonomic}
   size_t MaxHeapSize                              = 8518631424                                {product} {ergonomic}
   size_t MaxNewSize                               = 5108662272                                {product} {ergonomic}
   size_t MinHeapDeltaBytes                        = 4194304                                   {product} {ergonomic}
   size_t MinHeapSize                              = 8388608                                   {product} {ergonomic}
    uintx NonNMethodCodeHeapSize                   = 7602480                                {pd product} {ergonomic}
    uintx NonProfiledCodeHeapSize                  = 122027880                              {pd product} {ergonomic}
    uintx ProfiledCodeHeapSize                     = 122027880                              {pd product} {ergonomic}
    uintx ReservedCodeCacheSize                    = 251658240                              {pd product} {ergonomic}
     bool SegmentedCodeCache                       = true                                      {product} {ergonomic}
   size_t SoftMaxHeapSize                          = 8518631424                             {manageable} {ergonomic}
     bool UseCompressedOops                        = true                           {product lp64_product} {ergonomic}
     bool UseG1GC                                  = true                                      {product} {ergonomic}
     bool UseLargePagesIndividualAllocation        = false                                  {pd product} {ergonomic}

Logging:
Log output configuration:
 #0: stdout all=warning uptime,level,tags foldmultilines=false
 #1: stderr all=off uptime,level,tags foldmultilines=false

Release file:
IMPLEMENTOR="Eclipse Adoptium" 
IMPLEMENTOR_VERSION="Temurin-21.0.11+10" 
JAVA_RUNTIME_VERSION="21.0.11+10-LTS" 
JAVA_VERSION="21.0.11" 
JAVA_VERSION_DATE="2026-04-21" 
LIBC="default" 
MODULES="java.base java.compiler java.datatransfer java.xml java.prefs java.desktop java.instrument java.logging java.management java.security.sasl java.naming java.rmi java.management.rmi java.net.http java.scripting java.security.jgss java.transaction.xa java.sql java.sql.rowset java.xml.crypto java.se java.smartcardio jdk.accessibility jdk.internal.jvmstat jdk.attach jdk.charsets jdk.internal.opt jdk.zipfs jdk.compiler jdk.crypto.ec jdk.crypto.cryptoki jdk.crypto.mscapi jdk.dynalink jdk.internal.ed jdk.editpad jdk.hotspot.agent jdk.httpserver jdk.incubator.vector jdk.internal.le jdk.internal.vm.ci jdk.internal.vm.compiler jdk.internal.vm.compiler.management jdk.jartool jdk.javadoc jdk.jcmd jdk.management jdk.management.agent jdk.jconsole jdk.jdeps jdk.jdwp.agent jdk.jdi jdk.jfr jdk.jlink jdk.jpackage jdk.jshell jdk.jsobject jdk.jstatd jdk.localedata jdk.management.jfr jdk.naming.dns jdk.naming.rmi jdk.net jdk.nio.mapmode jdk.random jdk.sctp jdk.security.auth jdk.security.jgss jdk.unsupported jdk.unsupported.desktop jdk.xml.dom" 
OS_ARCH="x86_64" 
OS_NAME="Windows" 
SOURCE=".:git:254494ad7d75" 
BUILD_SOURCE="git:a612825ee82a20ac872d60958c349854c1f29a8e"
BUILD_SOURCE_REPO="https://github.com/adoptium/temurin-build.git"
SOURCE_REPO="https://github.com/adoptium/jdk21u.git"
FULL_VERSION="21.0.11+10-LTS"
SEMANTIC_VERSION="21.0.11+10"
BUILD_INFO="OS: Windows Server 2022 Version: 10.0"
JVM_VARIANT="Hotspot"
JVM_VERSION="21.0.11+10-LTS"
IMAGE_TYPE="JDK"

Environment Variables:
JAVA_HOME=C:\Program Files\Eclipse Adoptium\jdk-21.0.11.10-hotspot\
PATH=C:\Program Files\Eclipse Adoptium\jdk-21.0.11.10-hotspot\bin;C:\Program Files (x86)\Common Files\Oracle\Java\javapath;E:\Oculus\Support\oculus-runtime;C:\Program Files (x86)\NVIDIA Corporation\PhysX\Common;C:\Windows\system32;C:\Windows;C:\Windows\System32\Wbem;C:\Windows\System32\WindowsPowerShell\v1.0\;C:\Windows\System32\OpenSSH\;C:\Program Files\dotnet\;C:\WINDOWS\system32;C:\WINDOWS;C:\WINDOWS\System32\Wbem;C:\WINDOWS\System32\WindowsPowerShell\v1.0\;C:\WINDOWS\System32\OpenSSH\;C:\Program Files\NVIDIA Corporation\NVIDIA App\NvDLISR;C:\WINDOWS\system32;C:\WINDOWS;C:\WINDOWS\System32\Wbem;C:\WINDOWS\System32\WindowsPowerShell\v1.0\;C:\WINDOWS\System32\OpenSSH\;C:\Program Files\nodejs\;C:\Program Files\Cloudflare\Cloudflare WARP\;C:\Program Files\WezTerm;C:\Program Files\Git\cmd;C:\Program Files\CMake\bin;C:\Program Files (x86)\Windows Kits\10\Windows Performance Toolkit\;C:\Program Files\GitHub CLI\;C:\Users\ahmed\.cargo\bin;C:\Program Files\CMake\bin;C:\Users\ahmed\AppData\Local\Microsoft\WindowsApps;C:\Users\ahmed\AppData\Roaming\npm;C:\Users\ahmed\.lmstudio\bin;C:\Users\ahmed\AppData\Local\Microsoft\WinGet\Packages\MartinStorsjo.LLVM-MinGW.UCRT_Microsoft.Winget.Source_8wekyb3d8bbwe\llvm-mingw-20260505-ucrt-x86_64\bin;C:\Users\ahmed\AppData\Local\Microsoft\WinGet\Packages\Ninja-build.Ninja_Microsoft.Winget.Source_8wekyb3d8bbwe;
USERNAME=ahmed
OS=Windows_NT
PROCESSOR_IDENTIFIER=Intel64 Family 6 Model 154 Stepping 3, GenuineIntel
TMP=C:\Users\ahmed\AppData\Local\Temp
TEMP=C:\Users\ahmed\AppData\Local\Temp




Periodic native trim disabled

---------------  S Y S T E M  ---------------

OS:
 Windows 11 , 64 bit Build 26100 (10.0.26100.8328)
OS uptime: 0 days 0:05 hours
Hyper-V role detected

CPU: total 20 (initial active 20) (10 cores per cpu, 2 threads per core) family 6 model 154 stepping 3 microcode 0x432, cx8, cmov, fxsr, ht, mmx, 3dnowpref, sse, sse2, sse3, ssse3, sse4.1, sse4.2, popcnt, lzcnt, tsc, tscinvbit, avx, avx2, aes, erms, clmul, bmi1, bmi2, adx, sha, fma, vzeroupper, clflush, clflushopt, clwb, hv, serialize, rdtscp, rdpid, fsrm, f16c, cet_ibt, cet_ss
Processor Information for processor 0
  Max Mhz: 2300, Current Mhz: 2300, Mhz Limit: 2300
Processor Information for processor 1
  Max Mhz: 2300, Current Mhz: 2300, Mhz Limit: 2300
Processor Information for processor 2
  Max Mhz: 2300, Current Mhz: 2300, Mhz Limit: 2300
Processor Information for processor 3
  Max Mhz: 2300, Current Mhz: 2300, Mhz Limit: 2300
Processor Information for processor 4
  Max Mhz: 2300, Current Mhz: 2300, Mhz Limit: 2300
Processor Information for processor 5
  Max Mhz: 2300, Current Mhz: 2300, Mhz Limit: 2300
Processor Information for processor 6
  Max Mhz: 2300, Current Mhz: 2300, Mhz Limit: 2300
Processor Information for processor 7
  Max Mhz: 2300, Current Mhz: 2300, Mhz Limit: 2300
Processor Information for processor 8
  Max Mhz: 2300, Current Mhz: 2300, Mhz Limit: 2300
Processor Information for processor 9
  Max Mhz: 2300, Current Mhz: 2300, Mhz Limit: 2300
Processor Information for processor 10
  Max Mhz: 2300, Current Mhz: 2300, Mhz Limit: 2300
Processor Information for processor 11
  Max Mhz: 2300, Current Mhz: 2300, Mhz Limit: 2300
Processor Information for processor 12
  Max Mhz: 2300, Current Mhz: 1700, Mhz Limit: 1679
Processor Information for processor 13
  Max Mhz: 2300, Current Mhz: 1500, Mhz Limit: 1679
Processor Information for processor 14
  Max Mhz: 2300, Current Mhz: 1500, Mhz Limit: 1679
Processor Information for processor 15
  Max Mhz: 2300, Current Mhz: 1500, Mhz Limit: 1679
Processor Information for processor 16
  Max Mhz: 2300, Current Mhz: 1500, Mhz Limit: 1679
Processor Information for processor 17
  Max Mhz: 2300, Current Mhz: 1500, Mhz Limit: 1679
Processor Information for processor 18
  Max Mhz: 2300, Current Mhz: 1500, Mhz Limit: 1679
Processor Information for processor 19
  Max Mhz: 2300, Current Mhz: 1500, Mhz Limit: 1679

Memory: 4k page, system-wide physical 32492M (20593M free)
TotalPageFile size 34540M (AvailPageFile size 21020M)
current process WorkingSet (physical memory assigned to process): 999M, peak: 1186M
current process commit charge ("private bytes"): 1569M, peak: 1753M

vm_info: OpenJDK 64-Bit Server VM (21.0.11+10-LTS) for windows-amd64 JRE (21.0.11+10-LTS), built on 2026-04-21T00:00:00Z by "admin" with MS VC++ 17.12 (VS2022)

END.
