#
# A fatal error has been detected by the Java Runtime Environment:
#
#  EXCEPTION_ACCESS_VIOLATION (0xc0000005) at pc=0x0000000054018da2, pid=5596, tid=16728
#
# JRE version: OpenJDK Runtime Environment Temurin-21.0.11+10 (21.0.11+10) (build 21.0.11+10-LTS)
# Java VM: OpenJDK 64-Bit Server VM Temurin-21.0.11+10 (21.0.11+10-LTS, mixed mode, sharing, tiered, compressed oops, compressed class ptrs, g1 gc, windows-amd64)
# Problematic frame:
# C  [quickjs_quickjs6688270348858591925.tmp+0x18da2]
#
# No core dump will be written. Minidumps are not enabled by default on client versions of Windows
#
# If you would like to submit a bug report, please visit:
#   https://github.com/adoptium/adoptium-support/issues
# The crash happened outside the Java Virtual Machine in native code.
# See problematic frame for where to report the bug.
#

---------------  S U M M A R Y ------------

Command Line: -Dapple.awt.application.appearance=NSAppearanceNameDarkAqua -Dcompose.application.configure.swing.globals=true -Dcompose.application.resources.dir=D:\opencode\NuvioDesktop0-experiment\composeApp\build\compose\tmp\prepareAppResources --add-opens=java.desktop/java.awt=ALL-UNNAMED --add-opens=java.desktop/sun.lwawt=ALL-UNNAMED --add-opens=java.desktop/sun.lwawt.macosx=ALL-UNNAMED --add-opens=java.desktop/sun.awt.windows=ALL-UNNAMED -Dfile.encoding=UTF-8 -Duser.country=US -Duser.language=en -Duser.variant com.nuvio.app.MainKt

Host: 12th Gen Intel(R) Core(TM) i7-12700H, 20 cores, 31G,  Windows 11 , 64 bit Build 26100 (10.0.26100.8328)
Time: Sun Jun 14 01:14:10 2026 Eastern Daylight Time elapsed time: 20.487626 seconds (0d 0h 0m 20s)

---------------  T H R E A D  ---------------

Current thread (0x000001c0ccade4c0):  JavaThread "DefaultDispatcher-worker-39" daemon [_thread_in_native, id=16728, stack(0x0000000faa000000,0x0000000faa100000) (1024K)]

Stack: [0x0000000faa000000,0x0000000faa100000],  sp=0x0000000faa0fd4b0,  free space=1013k
Native frames: (J=compiled Java code, j=interpreted, Vv=VM code, C=native code)
C  [quickjs_quickjs6688270348858591925.tmp+0x18da2]

Java frames: (J=compiled Java code, j=interpreted, Vv=VM code)
J 13453  com.dokar.quickjs.QuickJs.executePendingJob(JJ)Z (0 bytes) @ 0x000001c0e402a373 [0x000001c0e402a320+0x0000000000000053]
j  com.dokar.quickjs.QuickJs.awaitAsyncJobs(Lkotlin/coroutines/Continuation;)Ljava/lang/Object;+198
j  com.dokar.quickjs.QuickJs.evalAndAwait(Lkotlin/jvm/functions/Function1;Lkotlin/coroutines/Continuation;)Ljava/lang/Object;+687
j  com.dokar.quickjs.QuickJs.evaluateInternal(Ljava/lang/String;Ljava/lang/String;ZLkotlin/coroutines/Continuation;)Ljava/lang/Object;+18
j  com.nuvio.app.features.plugins.PluginRuntime.executePluginInternal(Ljava/lang/String;Ljava/lang/String;Ljava/lang/String;Ljava/lang/Integer;Ljava/lang/Integer;Ljava/lang/String;Ljava/util/Map;Lkotlin/coroutines/Continuation;)Ljava/lang/Object;+2190
j  com.nuvio.app.features.plugins.PluginRuntime.access$executePluginInternal(Lcom/nuvio/app/features/plugins/PluginRuntime;Ljava/lang/String;Ljava/lang/String;Ljava/lang/String;Ljava/lang/Integer;Ljava/lang/Integer;Ljava/lang/String;Ljava/util/Map;Lkotlin/coroutines/Continuation;)Ljava/lang/Object;+14
j  com.nuvio.app.features.plugins.PluginRuntime$executePlugin$2$1.invokeSuspend(Ljava/lang/Object;)Ljava/lang/Object;+76
j  com.nuvio.app.features.plugins.PluginRuntime$executePlugin$2$1.invoke(Lkotlinx/coroutines/CoroutineScope;Lkotlin/coroutines/Continuation;)Ljava/lang/Object;+12
j  com.nuvio.app.features.plugins.PluginRuntime$executePlugin$2$1.invoke(Ljava/lang/Object;Ljava/lang/Object;)Ljava/lang/Object;+9
J 7620 c1 kotlinx.coroutines.intrinsics.UndispatchedKt.startUndspatched(Lkotlinx/coroutines/internal/ScopeCoroutine;ZLjava/lang/Object;Lkotlin/jvm/functions/Function2;)Ljava/lang/Object; (267 bytes) @ 0x000001c0dca27274 [0x000001c0dca26ec0+0x00000000000003b4]
j  kotlinx.coroutines.intrinsics.UndispatchedKt.startUndispatchedOrReturnIgnoreTimeout(Lkotlinx/coroutines/internal/ScopeCoroutine;Ljava/lang/Object;Lkotlin/jvm/functions/Function2;)Ljava/lang/Object;+4
j  kotlinx.coroutines.TimeoutKt.setupTimeout(Lkotlinx/coroutines/TimeoutCoroutine;Lkotlin/jvm/functions/Function2;)Ljava/lang/Object;+47
j  kotlinx.coroutines.TimeoutKt.withTimeout(JLkotlin/jvm/functions/Function2;Lkotlin/coroutines/Continuation;)Ljava/lang/Object;+33
j  com.nuvio.app.features.plugins.PluginRuntime$executePlugin$2.invokeSuspend(Ljava/lang/Object;)Ljava/lang/Object;+87
j  com.nuvio.app.features.plugins.PluginRuntime$executePlugin$2.invoke(Lkotlinx/coroutines/CoroutineScope;Lkotlin/coroutines/Continuation;)Ljava/lang/Object;+12
j  com.nuvio.app.features.plugins.PluginRuntime$executePlugin$2.invoke(Ljava/lang/Object;Ljava/lang/Object;)Ljava/lang/Object;+9
J 7620 c1 kotlinx.coroutines.intrinsics.UndispatchedKt.startUndspatched(Lkotlinx/coroutines/internal/ScopeCoroutine;ZLjava/lang/Object;Lkotlin/jvm/functions/Function2;)Ljava/lang/Object; (267 bytes) @ 0x000001c0dca27274 [0x000001c0dca26ec0+0x00000000000003b4]
J 9002 c1 kotlinx.coroutines.BuildersKt__Builders_commonKt.withContext(Lkotlin/coroutines/CoroutineContext;Lkotlin/jvm/functions/Function2;Lkotlin/coroutines/Continuation;)Ljava/lang/Object; (203 bytes) @ 0x000001c0dcd38074 [0x000001c0dcd36fe0+0x0000000000001094]
J 9001 c1 kotlinx.coroutines.BuildersKt.withContext(Lkotlin/coroutines/CoroutineContext;Lkotlin/jvm/functions/Function2;Lkotlin/coroutines/Continuation;)Ljava/lang/Object; (7 bytes) @ 0x000001c0dcd3299c [0x000001c0dcd32940+0x000000000000005c]
j  com.nuvio.app.features.plugins.PluginRuntime.executePlugin(Ljava/lang/String;Ljava/lang/String;Ljava/lang/String;Ljava/lang/Integer;Ljava/lang/Integer;Ljava/lang/String;Ljava/util/Map;Lkotlin/coroutines/Continuation;)Ljava/lang/Object;+30
j  com.nuvio.app.features.plugins.PluginRepository.executeScraper-hUnOzRk(Lcom/nuvio/app/features/plugins/PluginScraper;Ljava/lang/String;Ljava/lang/String;Ljava/lang/Integer;Ljava/lang/Integer;Lkotlin/coroutines/Continuation;)Ljava/lang/Object;+342
j  com.nuvio.app.features.plugins.PluginRepository$executeScraper$1.invokeSuspend(Ljava/lang/Object;)Ljava/lang/Object;+29
J 9476 c2 kotlin.coroutines.jvm.internal.BaseContinuationImpl.resumeWith(Ljava/lang/Object;)V (124 bytes) @ 0x000001c0e3dc03c8 [0x000001c0e3dc0360+0x0000000000000068]
J 9957 c2 kotlinx.coroutines.DispatchedTask.run()V (387 bytes) @ 0x000001c0e3e12d48 [0x000001c0e3e12aa0+0x00000000000002a8]
J 4704 c1 kotlinx.coroutines.scheduling.CoroutineScheduler.runSafely(Lkotlinx/coroutines/scheduling/Task;)V (73 bytes) @ 0x000001c0dc55b754 [0x000001c0dc55b640+0x0000000000000114]
J 4702 c1 kotlinx.coroutines.scheduling.CoroutineScheduler$Worker.executeTask(Lkotlinx/coroutines/scheduling/Task;)V (168 bytes) @ 0x000001c0dc55aed4 [0x000001c0dc55aa60+0x0000000000000474]
j  kotlinx.coroutines.scheduling.CoroutineScheduler$Worker.runWorker()V+44
j  kotlinx.coroutines.scheduling.CoroutineScheduler$Worker.run()V+1
v  ~StubRoutines::call_stub 0x000001c0e31b100d

siginfo: EXCEPTION_ACCESS_VIOLATION (0xc0000005), reading address 0x000001c000000028


Registers:
RAX=0x0000000faa0fd568, RBX=0x0000000000000036, RCX=0x0000000000000002, RDX=0x0000000faa0fd9a0
RSP=0x0000000faa0fd4b0, RBP=0x0000000000000036, RSI=0x0000000faa0fd950, RDI=0xffffffffffffffff
R8 =0x0000000faa0fd510, R9 =0x00000000540b1840, R10=0x000001c1527109e0, R11=0x000001c0fdca468b
R12=0x0000000faa0fd510, R13=0x0000000000000000, R14=0x000001c000000000, R15=0x0000000003ffffff
RIP=0x0000000054018da2, EFLAGS=0x0000000000010206

XMM[0]=0x0000000000000004 0x000001c000000000
XMM[1]=0x68735c746f707374 0x6f685c6372735c73
XMM[2]=0x2525252525252525 0x2525252525252525
XMM[3]=0xfffffffffffffff9 0x000001c0cbd6a5b0
XMM[4]=0xffffffffffffffff 0x000001c0cb19dc80
XMM[5]=0x6e6a5c736d697270 0x5c65726168735c74
XMM[6]=0x0000000000000000 0x000001c163d1ff10
XMM[7]=0x0000000000000000 0xd274304c061edb13
XMM[8]=0x0000000000000000 0xaaf34a145218175b
XMM[9]=0x0000000000000000 0xc4a6534c7882717f
XMM[10]=0x0000000000000000 0x00000000b3dc1e33
XMM[11]=0x0000000000000000 0xfe30cdda76b33f59
XMM[12]=0x0000000000000000 0x000000007882717f
XMM[13]=0x0000000000000000 0x0000000000000000
XMM[14]=0x0000000000000000 0x0000000000000000
XMM[15]=0x0000000000000000 0x0000000000000000
  MXCSR=0x00001fa0


Register to memory mapping:

RAX=0x0000000faa0fd568 is pointing into the stack for thread: 0x000001c0ccade4c0
RBX=0x0000000000000036 is an unknown value
RCX=0x0000000000000002 is an unknown value
RDX=0x0000000faa0fd9a0 is pointing into the stack for thread: 0x000001c0ccade4c0
RSP=0x0000000faa0fd4b0 is pointing into the stack for thread: 0x000001c0ccade4c0
RBP=0x0000000000000036 is an unknown value
RSI=0x0000000faa0fd950 is pointing into the stack for thread: 0x000001c0ccade4c0
RDI=0xffffffffffffffff is an unknown value
R8 =0x0000000faa0fd510 is pointing into the stack for thread: 0x000001c0ccade4c0
R9 =0x00000000540b1840 quickjs_quickjs6688270348858591925.tmp
R10=0x000001c1527109e0 points into unknown readable memory: 0x00000005000002e4 | e4 02 00 00 05 00 00 00
R11=0x000001c0fdca468b points into unknown readable memory: 36 00 00 00 e8
R12=0x0000000faa0fd510 is pointing into the stack for thread: 0x000001c0ccade4c0
R13=0x0 is null
R14=0x000001c000000000 is an unknown value
R15=0x0000000003ffffff is an unknown value

Top of Stack: (sp=0x0000000faa0fd4b0)
0x0000000faa0fd4b0:   0000000000000000 0000000faa0fd5a0   ................
0x0000000faa0fd4c0:   000001c14ffa7950 000000005401d974   Py.O....t..T....
0x0000000faa0fd4d0:   0000000000000020 00007ffbb9a50139    .......9.......
0x0000000faa0fd4e0:   00007ffb00000002 000001c0cb19e940   ........@.......
0x0000000faa0fd4f0:   0000000faa0fd540 0000000faa0fd530   @.......0.......
0x0000000faa0fd500:   0000000000002701 00000000540396ec   .'.........T....
0x0000000faa0fd510:   000001c000000000 0000000000000002   ................
0x0000000faa0fd520:   d274304c061edb13 0000000000000000   ....L0t.........
0x0000000faa0fd530:   aaf34a145218175b 0000000000000000   [..R.J..........
0x0000000faa0fd540:   c4a6534c7882717f 0000000000000000   .q.xLS..........
0x0000000faa0fd550:   00000000b3dc1e33 0000000000000000   3...............
0x0000000faa0fd560:   000001c0cb12ecd0 000001c000000000   ................
0x0000000faa0fd570:   0000000000000002 00000000540b5bc0   .........[.T....
0x0000000faa0fd580:   0000000faa0fd670 0000000faa0fd950   p.......P.......
0x0000000faa0fd590:   000001c1527f70c8 000001c0fdca468b   .p.R.....F......
0x0000000faa0fd5a0:   000001c0fdca468f 000001c1527109e0   .F........qR....
0x0000000faa0fd5b0:   000001c1527109e0 00000000540268ea   ..qR.....h.T....
0x0000000faa0fd5c0:   000001c0fdca4688 0000000054024ff2   .F.......O.T....
0x0000000faa0fd5d0:   0000000faa0fd8e0 000001c000000000   ................
0x0000000faa0fd5e0:   0000000faa0fd9a0 0000000000000000   ................
0x0000000faa0fd5f0:   000001c1527109e0 0000000faa0fd720   ..qR.... .......
0x0000000faa0fd600:   0000000000000001 000000005405eb11   ...........T....
0x0000000faa0fd610:   0000000000000033 00008f9a25fae28c   3..........%....
0x0000000faa0fd620:   000001c0cb19e160 ffffffffffffffff   `...............
0x0000000faa0fd630:   000001c0cb19e160 0000000000000000   `...............
0x0000000faa0fd640:   000001c152fcf890 0000000000000000   ...R............
0x0000000faa0fd650:   aaf34a145218175b 0000000000000000   [..R.J..........
0x0000000faa0fd660:   c4a6534c7882717f 0000000000000000   .q.xLS..........
0x0000000faa0fd670:   000001c0d11a6d40 000001c0d11902c0   @m..............
0x0000000faa0fd680:   00000000ffffffff 0000000faa0fd740   ........@.......
0x0000000faa0fd690:   000001c1527109e0 0000000000000080   ..qR............
0x0000000faa0fd6a0:   0000000000000003 000001c0d1190d20   ........ .......

Instructions: (pc=0x0000000054018da2)
0x0000000054018ca2:   5c 41 5d 41 5e 41 5f c3 41 ff 45 00 48 c7 c5 ff
0x0000000054018cb2:   ff ff ff 48 8d 5c 24 30 4c 8d 74 24 40 4c 89 6c
0x0000000054018cc2:   24 40 48 89 6c 24 48 48 89 d9 48 89 f2 4d 89 f0
0x0000000054018cd2:   e8 2c 2d 02 00 48 8b 6c 24 38 83 fd 02 74 8d 83
0x0000000054018ce2:   fd 06 0f 84 52 ff ff ff 4c 8b 6c 24 30 4d 39 ef
0x0000000054018cf2:   74 26 8b 8e b8 01 00 00 8d 41 ff 89 86 b8 01 00
0x0000000054018d02:   00 31 c0 83 f9 01 7e 06 85 c0 74 b1 eb 23 48 89
0x0000000054018d12:   f1 e8 47 2d 02 00 eb f0 48 8d 54 24 30 4c 89 3a
0x0000000054018d22:   48 89 6a 08 48 89 f1 e8 7f 91 ff ff e9 28 ff ff
0x0000000054018d32:   ff 48 8d 54 24 30 4c 89 2a 48 89 6a 08 48 89 f1
0x0000000054018d42:   e8 66 91 ff ff e9 f0 fe ff ff 41 57 41 56 41 55
0x0000000054018d52:   41 54 56 57 55 53 48 81 ec c8 00 00 00 44 89 cb
0x0000000054018d62:   49 89 d2 48 89 ce 41 8b 40 08 83 f8 ff 0f 85 3a
0x0000000054018d72:   02 00 00 4d 8b 30 44 8b ac 24 38 01 00 00 48 8b
0x0000000054018d82:   94 24 30 01 00 00 89 dd 81 e5 ff ff ff 7f 48 c7
0x0000000054018d92:   c7 ff ff ff ff 4c 8d 64 24 60 41 bf ff ff ff 03
0x0000000054018da2:   49 8b 46 28 8b 48 28 21 d9 48 f7 d1 8b 0c 88 85
0x0000000054018db2:   c9 74 1b 48 83 c0 48 41 89 c9 4a 8d 0c c8 48 83
0x0000000054018dc2:   c1 f8 39 59 04 74 21 8b 09 44 21 f9 75 e9 41 8a
0x0000000054018dd2:   46 05 a8 04 75 6c 49 8b 46 28 4c 8b 70 40 4d 85
0x0000000054018de2:   f6 75 bd e9 ac 01 00 00 49 ff c9 49 c1 e1 04 8b
0x0000000054018df2:   01 4d 03 4e 30 c1 e8 1e 0f 84 6a 01 00 00 83 f8
0x0000000054018e02:   01 0f 84 d2 01 00 00 83 f8 02 0f 84 39 02 00 00
0x0000000054018e12:   48 89 4c 24 20 4c 89 d1 4c 89 f2 41 89 d8 4c 89
0x0000000054018e22:   54 24 38 e8 ca 05 00 00 48 8b 94 24 30 01 00 00
0x0000000054018e32:   4c 8b 54 24 38 85 c0 0f 84 63 ff ff ff e9 31 02
0x0000000054018e42:   00 00 4c 89 54 24 38 a8 08 0f 85 a7 00 00 00 4c
0x0000000054018e52:   8b 54 24 38 49 8b 42 20 48 8b 40 70 41 0f b7 4e
0x0000000054018e62:   06 48 8d 0c 89 48 8b 4c c8 20 48 85 c9 48 8b 94
0x0000000054018e72:   24 30 01 00 00 0f 84 5b ff ff ff 48 8b 41 28 48
0x0000000054018e82:   85 c0 0f 85 e5 02 00 00 48 8b 01 48 85 c0 4c 8b
0x0000000054018e92:   54 24 38 4c 8d 44 24 40 0f 84 38 ff ff ff 41 ff


Stack slot to memory mapping:

stack at sp + 0 slots: 0x0 is null
stack at sp + 1 slots: 0x0000000faa0fd5a0 is pointing into the stack for thread: 0x000001c0ccade4c0
stack at sp + 2 slots: 0x000001c14ffa7950 points into unknown readable memory: 0x00000000540396ba | ba 96 03 54 00 00 00 00
stack at sp + 3 slots: 0x000000005401d974 quickjs_quickjs6688270348858591925.tmp
stack at sp + 4 slots: 0x0000000000000020 is an unknown value
stack at sp + 5 slots: 0x00007ffbb9a50139 ucrtbase.dll
stack at sp + 6 slots: 0x00007ffb00000002 is an unknown value
stack at sp + 7 slots: 0x000001c0cb19e940 points into unknown readable memory: 0x0000000000000000 | 00 00 00 00 00 00 00 00


Compiled method (n/a) 20579 13453     n 0       com.dokar.quickjs.QuickJs::executePendingJob (native)
 total in heap  [0x000001c0e402a190,0x000001c0e402a560] = 976
 relocation     [0x000001c0e402a2f0,0x000001c0e402a320] = 48
 main code      [0x000001c0e402a320,0x000001c0e402a552] = 562
 stub code      [0x000001c0e402a552,0x000001c0e402a558] = 6
 oops           [0x000001c0e402a558,0x000001c0e402a560] = 8

[Constant Pool (empty)]

[MachCode]
[Entry Point]
  # {method} {0x000001c1577e8f30} 'executePendingJob' '(JJ)Z' in 'com/dokar/quickjs/QuickJs'
  # this:     rdx:rdx   = 'com/dokar/quickjs/QuickJs'
  # parm0:    r8:r8     = long
  # parm1:    r9:r9     = long
  #           [sp+0x70]  (sp of caller)
  0x000001c0e402a320: 448b 5208 | 49bb 0000 | 0080 c001 | 0000 4d03 | d349 3bc2 | 0f84 0600 

  0x000001c0e402a338: ;   {runtime_call ic_miss_stub}
  0x000001c0e402a338: 0000 e941 | 441d ff90 
[Verified Entry Point]
  0x000001c0e402a340: 8984 2400 | 80ff ff55 | 488b ec48 | 83ec 6090 | 4181 7f20 | 0f00 0000 

  0x000001c0e402a358: ;   {runtime_call StubRoutines (final stubs)}
  0x000001c0e402a358: 7405 e881 | c11b ff48 | 8954 2420 | 4883 fa00 | 488d 5424 | 2048 0f44 | 5424 20c5 

  0x000001c0e402a374: ;   {internal_word}
  0x000001c0e402a374: f877 49ba | 73a3 02e4 | c001 0000 | 4d89 97a8 | 0300 0049 | 89a7 a003 

  0x000001c0e402a38c: ;   {external_word}
  0x000001c0e402a38c: 0000 49ba | c66c 5bf6 | fa7f 0000 | 4180 3a00 | 0f84 4e00 | 0000 5241 

  0x000001c0e402a3a4: ;   {metadata({method} {0x000001c1577e8f30} 'executePendingJob' '(JJ)Z' in 'com/dokar/quickjs/QuickJs')}
  0x000001c0e402a3a4: 5041 5148 | ba28 8f7e | 57c1 0100 | 0049 8bcf | 4883 ec20 | 40f6 c40f | 0f84 1900 | 0000 4883 
  0x000001c0e402a3c4: ;   {runtime_call}
  0x000001c0e402a3c4: ec08 48b8 | 20e5 04f6 | fa7f 0000 | ffd0 4883 | c408 e90c 

  0x000001c0e402a3d8: ;   {runtime_call}
  0x000001c0e402a3d8: 0000 0048 | b820 e504 | f6fa 7f00 | 00ff d048 | 83c4 2041 | 5941 585a | 498d 8fc0 | 0300 0041 
  0x000001c0e402a3f8: c787 4c04 | 0000 0400 

  0x000001c0e402a400: ;   {runtime_call}
  0x000001c0e402a400: 0000 48b8 | e5f6 0954 | 0000 0000 | ffd0 c5f8 | 7725 ff00 | 0000 0f95 | c041 c787 | 4c04 0000 
  0x000001c0e402a420: 0500 0000 | f083 4424 | c000 493b | af50 0400 | 000f 870e | 0000 0041 | 83bf 4804 | 0000 000f 
  0x000001c0e402a440: 842b 0000 | 00c5 f877 | 4889 45f8 | 498b cf4c | 8be4 4883 | ec20 4883 

  0x000001c0e402a458: ;   {runtime_call}
  0x000001c0e402a458: e4f0 48b8 | e053 d0f5 | fa7f 0000 | ffd0 498b | e44d 33e4 | 488b 45f8 | 41c7 874c | 0400 0008 
  0x000001c0e402a478: 0000 0041 | 83bf c804 | 0000 020f | 849c 0000 

  0x000001c0e402a488: ;   {external_word}
  0x000001c0e402a488: 0049 bac6 | 6c5b f6fa | 7f00 0041 | 803a 000f | 844c 0000 | 0048 8945 

  0x000001c0e402a4a0: ;   {metadata({method} {0x000001c1577e8f30} 'executePendingJob' '(JJ)Z' in 'com/dokar/quickjs/QuickJs')}
  0x000001c0e402a4a0: f848 ba28 | 8f7e 57c1 | 0100 0049 | 8bcf 4883 | ec20 40f6 | c40f 0f84 | 1900 0000 | 4883 ec08 
  0x000001c0e402a4c0: ;   {runtime_call}
  0x000001c0e402a4c0: 48b8 20e5 | 04f6 fa7f | 0000 ffd0 | 4883 c408 | e90c 0000 

  0x000001c0e402a4d4: ;   {runtime_call}
  0x000001c0e402a4d4: 0048 b820 | e504 f6fa | 7f00 00ff | d048 83c4 | 2048 8b45 | f849 c787 | a003 0000 | 0000 0000 
  0x000001c0e402a4f4: 49c7 87a8 | 0300 0000 | 0000 00c5 | f877 498b | 8f30 0400 | 00c7 8100 | 0100 0000 | 0000 00c9 
  0x000001c0e402a514: 4983 7f08 | 000f 8501 | 0000 00c3 

  0x000001c0e402a520: ;   {runtime_call StubRoutines (initial stubs)}
  0x000001c0e402a520: e9db 6918 | ffc5 f877 | 4889 45f8 | 4c8b e448 | 83ec 2048 

  0x000001c0e402a534: ;   {runtime_call}
  0x000001c0e402a534: 83e4 f048 | b870 1c05 | f6fa 7f00 | 00ff d049 | 8be4 4d33 | e448 8b45 | f8e9 37ff | ffff f4f4 
  0x000001c0e402a554: f4f4 f4f4 
[/MachCode]


Compiled method (c1) 20587 7620   !   3       kotlinx.coroutines.intrinsics.UndispatchedKt::startUndspatched (267 bytes)
 total in heap  [0x000001c0dca26b90,0x000001c0dca28ce0] = 8528
 relocation     [0x000001c0dca26cf0,0x000001c0dca26eb0] = 448
 main code      [0x000001c0dca26ec0,0x000001c0dca28628] = 5992
 stub code      [0x000001c0dca28628,0x000001c0dca286d0] = 168
 oops           [0x000001c0dca286d0,0x000001c0dca286d8] = 8
 metadata       [0x000001c0dca286d8,0x000001c0dca28718] = 64
 scopes data    [0x000001c0dca28718,0x000001c0dca28958] = 576
 scopes pcs     [0x000001c0dca28958,0x000001c0dca28bc8] = 624
 dependencies   [0x000001c0dca28bc8,0x000001c0dca28bd0] = 8
 handler table  [0x000001c0dca28bd0,0x000001c0dca28c88] = 184
 nul chk table  [0x000001c0dca28c88,0x000001c0dca28ce0] = 88

[Constant Pool (empty)]

[MachCode]
[Verified Entry Point]
  # {method} {0x000001c0f980b978} 'startUndspatched' '(Lkotlinx/coroutines/internal/ScopeCoroutine;ZLjava/lang/Object;Lkotlin/jvm/functions/Function2;)Ljava/lang/Object;' in 'kotlinx/coroutines/intrinsics/UndispatchedKt'
  # parm0:    rdx:rdx   = 'kotlinx/coroutines/internal/ScopeCoroutine'
  # parm1:    r8        = boolean
  # parm2:    r9:r9     = 'java/lang/Object'
  # parm3:    rdi:rdi   = 'kotlin/jvm/functions/Function2'
  #           [sp+0xc0]  (sp of caller)
  0x000001c0dca26ec0: 8984 2400 | 80ff ff55 | 4881 ecb0 | 0000 0090 | 4181 7f20 | 0f00 0000 

  0x000001c0dca26ed8: ;   {runtime_call StubRoutines (final stubs)}
  0x000001c0dca26ed8: 7405 e801 | f67b 0648 | 8954 2478 

  0x000001c0dca26ee4: ;   {metadata(method data for {method} {0x000001c0f980b978} 'startUndspatched' '(Lkotlinx/coroutines/internal/ScopeCoroutine;ZLjava/lang/Object;Lkotlin/jvm/functions/Function2;)Ljava/lang/Object;' in 'kotlinx/coroutines/intrinsics/UndispatchedKt')}
  0x000001c0dca26ee4: 48be e01a | ccfc c001 | 0000 8b9e | cc00 0000 | 83c3 0289 | 9ecc 0000 | 0081 e3fe | 0700 0085 
  0x000001c0dca26f04: db0f 846e | 1400 0048 | 85ff 7516 

  0x000001c0dca26f10: ;   {metadata(method data for {method} {0x000001c0f980b978} 'startUndspatched' '(Lkotlinx/coroutines/internal/ScopeCoroutine;ZLjava/lang/Object;Lkotlin/jvm/functions/Function2;)Ljava/lang/Object;' in 'kotlinx/coroutines/intrinsics/UndispatchedKt')}
  0x000001c0dca26f10: 48b8 e01a | ccfc c001 | 0000 8088 | 0901 0000 | 01e9 cd00 

  0x000001c0dca26f24: ;   {metadata('kotlin/coroutines/jvm/internal/BaseContinuationImpl')}
  0x000001c0dca26f24: 0000 48b9 | 0082 0c81 | c001 0000 | 8b47 0849 | ba00 0000 | 80c0 0100 | 0049 03c2 | 483b 4838 
  0x000001c0dca26f44: 0f85 8d00 

  0x000001c0dca26f48: ;   {metadata(method data for {method} {0x000001c0f980b978} 'startUndspatched' '(Lkotlinx/coroutines/internal/ScopeCoroutine;ZLjava/lang/Object;Lkotlin/jvm/functions/Function2;)Ljava/lang/Object;' in 'kotlinx/coroutines/intrinsics/UndispatchedKt')}
  0x000001c0dca26f48: 0000 48b8 | e01a ccfc | c001 0000 | 8b4f 0849 | ba00 0000 | 80c0 0100 | 0049 03ca | 483b 8820 
  0x000001c0dca26f68: 0100 0075 | 0d48 8380 | 2801 0000 | 01e9 7e00 | 0000 483b | 8830 0100 | 0075 0d48 | 8380 3801 
  0x000001c0dca26f88: 0000 01e9 | 6800 0000 | 4883 b820 | 0100 0000 | 7517 4889 | 8820 0100 | 0048 c780 | 2801 0000 
  0x000001c0dca26fa8: 0100 0000 | e947 0000 | 0048 83b8 | 3001 0000 | 0075 1748 | 8988 3001 | 0000 48c7 | 8038 0100 
  0x000001c0dca26fc8: 0001 0000 | 00e9 2600 | 0000 e921 

  0x000001c0dca26fd4: ;   {metadata(method data for {method} {0x000001c0f980b978} 'startUndspatched' '(Lkotlinx/coroutines/internal/ScopeCoroutine;ZLjava/lang/Object;Lkotlin/jvm/functions/Function2;)Ljava/lang/Object;' in 'kotlinx/coroutines/intrinsics/UndispatchedKt')}
  0x000001c0dca26fd4: 0000 0048 | b8e0 1acc | fcc0 0100 | 0048 83a8 | 1001 0000 | 01e9 0500 | 0000 e905 | 0000 0048 
  0x000001c0dca26ff4: 33f6 eb07 | 48c7 c601 | 0000 0085 

  0x000001c0dca27000: ;   {metadata(method data for {method} {0x000001c0f980b978} 'startUndspatched' '(Lkotlinx/coroutines/internal/ScopeCoroutine;ZLjava/lang/Object;Lkotlin/jvm/functions/Function2;)Ljava/lang/Object;' in 'kotlinx/coroutines/intrinsics/UndispatchedKt')}
  0x000001c0dca27000: f648 bee0 | 1acc fcc0 | 0100 0048 | c7c3 4801 | 0000 7507 | 48c7 c358 | 0100 0048 | 8b04 1e48 
  0x000001c0dca27020: 8d40 0148 | 8904 1e0f | 854c 0000 | 0044 8984 | 2480 0000 

  0x000001c0dca27034: ;   {metadata(method data for {method} {0x000001c0f980b978} 'startUndspatched' '(Lkotlinx/coroutines/internal/ScopeCoroutine;ZLjava/lang/Object;Lkotlin/jvm/functions/Function2;)Ljava/lang/Object;' in 'kotlinx/coroutines/intrinsics/UndispatchedKt')}
  0x000001c0dca27034: 0048 bee0 | 1acc fcc0 | 0100 0048 | 8386 a001 | 0000 0148 | 8bf2 488b | d74d 8bc1 | 4c8b ce0f 
  0x000001c0dca27054: ;   {static_call}
  0x000001c0dca27054: 1f40 00e8 

  0x000001c0dca27058: ; ImmutableOopMap {[120]=Oop }
                      ;*invokestatic wrapWithContinuationImpl {reexecute=0 rethrow=0 return_oop=0}
                      ; - kotlinx.coroutines.intrinsics.UndispatchedKt::startUndspatched@19 (line 66)
  0x000001c0dca27058: 2480 7d06 

  0x000001c0dca2705c: ;   {other}
  0x000001c0dca2705c: 0f1f 8400 | cc04 0000 

  0x000001c0dca27064: ;   {metadata(method data for {method} {0x000001c0f980b978} 'startUndspatched' '(Lkotlinx/coroutines/internal/ScopeCoroutine;ZLjava/lang/Object;Lkotlin/jvm/functions/Function2;)Ljava/lang/Object;' in 'kotlinx/coroutines/intrinsics/UndispatchedKt')}
  0x000001c0dca27064: 48ba e01a | ccfc c001 | 0000 ff82 | b001 0000 | e903 0200 | 004c 898c | 2488 0000 | 0044 8984 
  0x000001c0dca27084: 2480 0000 

  0x000001c0dca27088: ;   {metadata(method data for {method} {0x000001c0f980b978} 'startUndspatched' '(Lkotlinx/coroutines/internal/ScopeCoroutine;ZLjava/lang/Object;Lkotlin/jvm/functions/Function2;)Ljava/lang/Object;' in 'kotlinx/coroutines/intrinsics/UndispatchedKt')}
  0x000001c0dca27088: 0048 bae0 | 1acc fcc0 | 0100 0048 | 8382 c801 | 0000 0148 | 8bd7 41b8 | 0200 0000 

  0x000001c0dca270a4: ;   {static_call}
  0x000001c0dca270a4: 6666 90e8 

  0x000001c0dca270a8: ; ImmutableOopMap {[120]=Oop [136]=Oop }
                      ;*invokestatic beforeCheckcastToFunctionOfArity {reexecute=0 rethrow=0 return_oop=0}
                      ; - kotlinx.coroutines.intrinsics.UndispatchedKt::startUndspatched@28 (line 66)
  0x000001c0dca270a8: 9436 5707 

  0x000001c0dca270ac: ;   {other}
  0x000001c0dca270ac: 0f1f 8400 | 1c05 0001 | 4885 c075 

  0x000001c0dca270b8: ;   {metadata(method data for {method} {0x000001c0f980b978} 'startUndspatched' '(Lkotlinx/coroutines/internal/ScopeCoroutine;ZLjava/lang/Object;Lkotlin/jvm/functions/Function2;)Ljava/lang/Object;' in 'kotlinx/coroutines/intrinsics/UndispatchedKt')}
  0x000001c0dca270b8: 1749 b9e0 | 1acc fcc0 | 0100 0041 | 8089 d101 | 0000 01e9 | ec00 0000 

  0x000001c0dca270d0: ;   {metadata('kotlin/jvm/functions/Function2')}
  0x000001c0dca270d0: 48be 70d7 | 0181 c001 | 0000 448b | 4808 49ba | 0000 0080 | c001 0000 | 4d03 ca49 | 3b71 200f 
  0x000001c0dca270f0: 841e 0000 | 004c 3bce | 0f84 1500 | 0000 4151 

  0x000001c0dca27100: ;   {runtime_call slow_subtype_check Runtime1 stub}
  0x000001c0dca27100: 56e8 fa86 | 8906 4159 | 4159 4585 | c90f 848d 

  0x000001c0dca27110: ;   {metadata(method data for {method} {0x000001c0f980b978} 'startUndspatched' '(Lkotlinx/coroutines/internal/ScopeCoroutine;ZLjava/lang/Object;Lkotlin/jvm/functions/Function2;)Ljava/lang/Object;' in 'kotlinx/coroutines/intrinsics/UndispatchedKt')}
  0x000001c0dca27110: 0000 0049 | b9e0 1acc | fcc0 0100 | 008b 7008 | 49ba 0000 | 0080 c001 | 0000 4903 | f249 3bb1 
  0x000001c0dca27130: e801 0000 | 750d 4983 | 81f0 0100 | 0001 e979 | 0000 0049 | 3bb1 f801 | 0000 750d | 4983 8100 
  0x000001c0dca27150: 0200 0001 | e963 0000 | 0049 83b9 | e801 0000 | 0075 1749 | 89b1 e801 | 0000 49c7 | 81f0 0100 
  0x000001c0dca27170: 0001 0000 | 00e9 4200 | 0000 4983 | b9f8 0100 | 0000 7517 | 4989 b1f8 | 0100 0049 | c781 0002 
  0x000001c0dca27190: 0000 0100 | 0000 e921 | 0000 00e9 | 1c00 0000 

  0x000001c0dca271a0: ;   {metadata(method data for {method} {0x000001c0f980b978} 'startUndspatched' '(Lkotlinx/coroutines/internal/ScopeCoroutine;ZLjava/lang/Object;Lkotlin/jvm/functions/Function2;)Ljava/lang/Object;' in 'kotlinx/coroutines/intrinsics/UndispatchedKt')}
  0x000001c0dca271a0: 49b9 e01a | ccfc c001 | 0000 4983 | a9d8 0100 | 0001 e9e3 | 1100 00e9 | 0000 0000 | 488b d048 
  0x000001c0dca271c0: 3b02 4c8b 

  0x000001c0dca271c4: ;   {metadata(method data for {method} {0x000001c0f980b978} 'startUndspatched' '(Lkotlinx/coroutines/internal/ScopeCoroutine;ZLjava/lang/Object;Lkotlin/jvm/functions/Function2;)Ljava/lang/Object;' in 'kotlinx/coroutines/intrinsics/UndispatchedKt')}
  0x000001c0dca271c4: c249 b9e0 | 1acc fcc0 | 0100 0045 | 8b40 0849 | ba00 0000 | 80c0 0100 | 004d 03c2 | 4d3b 8158 
  0x000001c0dca271e4: 0200 0075 | 0d49 8381 | 6002 0000 | 01e9 6000 | 0000 4d3b | 8168 0200 | 0075 0d49 | 8381 7002 
  0x000001c0dca27204: 0000 01e9 | 4a00 0000 | 4983 b958 | 0200 0000 | 7517 4d89 | 8158 0200 | 0049 c781 | 6002 0000 
  0x000001c0dca27224: 0100 0000 | e929 0000 | 0049 83b9 | 6802 0000 | 0075 174d | 8981 6802 | 0000 49c7 | 8170 0200 
  0x000001c0dca27244: 0001 0000 | 00e9 0800 | 0000 4983 | 8148 0200 | 0001 4c8b | 8424 8800 | 0000 4c8b | 4c24 7866 
  0x000001c0dca27264: 9048 b8e0 | 2a6d cdc0 

  0x000001c0dca2726c: ;   {virtual_call}
  0x000001c0dca2726c: 0100 00e8 

  0x000001c0dca27270: ; ImmutableOopMap {[120]=Oop }
                      ;*invokeinterface invoke {reexecute=0 rethrow=0 return_oop=0}
                      ; - kotlinx.coroutines.intrinsics.UndispatchedKt::startUndspatched@39 (line 66)
  0x000001c0dca27270: ccdb 8906 

  0x000001c0dca27274: ;   {other}
  0x000001c0dca27274: 0f1f 8400 | e406 0002 

  0x000001c0dca2727c: ;   {metadata(method data for {method} {0x000001c0f980b978} 'startUndspatched' '(Lkotlinx/coroutines/internal/ScopeCoroutine;ZLjava/lang/Object;Lkotlin/jvm/functions/Function2;)Ljava/lang/Object;' in 'kotlinx/coroutines/intrinsics/UndispatchedKt')}
  0x000001c0dca2727c: 48ba e01a | ccfc c001 | 0000 ff82 | 8002 0000 | e97f 0100 | 0049 8b87 | 0005 0000 | 4d33 d24d 
  0x000001c0dca2729c: 8997 0005 | 0000 4d33 | d24d 8997 | 0805 0000 

  0x000001c0dca272ac: ;   {metadata('kotlinx/coroutines/CompletedExceptionally')}
  0x000001c0dca272ac: 4c8b c048 | ba00 580d | 81c0 0100 | 0049 8b87 | b801 0000 | 488d 7818 | 493b bfc8 | 0100 000f 
  0x000001c0dca272cc: 87d7 1000 | 0049 89bf | b801 0000 | 48c7 0001 | 0000 0048 | 8bca 49ba | 0000 0080 | c001 0000 
  0x000001c0dca272ec: 492b ca89 | 4808 4833 | c989 480c | 4833 c948 | 8948 1048 

  0x000001c0dca27300: ;   {metadata(method data for {method} {0x000001c0f980b978} 'startUndspatched' '(Lkotlinx/coroutines/internal/ScopeCoroutine;ZLjava/lang/Object;Lkotlin/jvm/functions/Function2;)Ljava/lang/Object;' in 'kotlinx/coroutines/intrinsics/UndispatchedKt')}
  0x000001c0dca27300: 8bd0 48be | e01a ccfc | c001 0000 | 4883 86b8 | 0200 0001 

  0x000001c0dca27314: ;   {metadata(method data for {method} {0x000001c0f966bac0} '<init>' '(Ljava/lang/Throwable;ZILkotlin/jvm/internal/DefaultConstructorMarker;)V' in 'kotlinx/coroutines/CompletedExceptionally')}
  0x000001c0dca27314: 48ba 68c7 | 9afb c001 | 0000 8bb2 | cc00 0000 | 83c6 0289 | b2cc 0000 | 0081 e6fe | ff1f 0085 
  0x000001c0dca27334: f60f 847a 

  0x000001c0dca27338: ;   {metadata(method data for {method} {0x000001c0f966bac0} '<init>' '(Ljava/lang/Throwable;ZILkotlin/jvm/internal/DefaultConstructorMarker;)V' in 'kotlinx/coroutines/CompletedExceptionally')}
  0x000001c0dca27338: 1000 0048 | ba68 c79a | fbc0 0100 | 00ff 8220 | 0100 0048 

  0x000001c0dca2734c: ;   {metadata(method data for {method} {0x000001c0f966bac0} '<init>' '(Ljava/lang/Throwable;ZILkotlin/jvm/internal/DefaultConstructorMarker;)V' in 'kotlinx/coroutines/CompletedExceptionally')}
  0x000001c0dca2734c: 8bd0 48be | 68c7 9afb | c001 0000 | 4883 8630 | 0100 0001 

  0x000001c0dca27360: ;   {metadata(method data for {method} {0x000001c0f966b9e8} '<init>' '(Ljava/lang/Throwable;Z)V' in 'kotlinx/coroutines/CompletedExceptionally')}
  0x000001c0dca27360: 48ba e8c8 | 9afb c001 | 0000 8bb2 | cc00 0000 | 83c6 0289 | b2cc 0000 | 0081 e6fe | ff1f 0085 
  0x000001c0dca27380: f60f 844f | 1000 0048 

  0x000001c0dca27388: ;   {metadata(method data for {method} {0x000001c0f966b9e8} '<init>' '(Ljava/lang/Throwable;Z)V' in 'kotlinx/coroutines/CompletedExceptionally')}
  0x000001c0dca27388: 8bd0 48be | e8c8 9afb | c001 0000 | 4883 8610 | 0100 0001 

  0x000001c0dca2739c: ;   {metadata(method data for {method} {0x000001c080474990} '<init>' '()V' in 'java/lang/Object')}
  0x000001c0dca2739c: 48ba 9067 | 00f9 c001 | 0000 8bb2 | cc00 0000 | 83c6 0289 | b2cc 0000 | 0081 e6fe | ff1f 0085 
  0x000001c0dca273bc: f60f 8434 | 1000 0041 | 0fbe 5740 | 85d2 0f85 | 4810 0000 | 4d8b d049 | c1ea 0344 | 8950 1048 
  0x000001c0dca273dc: 8bd0 4933 | d048 c1ea | 1648 83fa | 000f 8548 

  0x000001c0dca273ec: ;   {metadata(method data for {method} {0x000001c0f966b9e8} '<init>' '(Ljava/lang/Throwable;Z)V' in 'kotlinx/coroutines/CompletedExceptionally')}
  0x000001c0dca273ec: 1000 0049 | b8e8 c89a | fbc0 0100 | 0041 ff80 | 2001 0000 | 41b8 0000 | 0000 4489 | 400c f083 
  0x000001c0dca2740c: 4424 c000 

  0x000001c0dca27410: ;   {metadata(method data for {method} {0x000001c0f980b978} 'startUndspatched' '(Lkotlinx/coroutines/internal/ScopeCoroutine;ZLjava/lang/Object;Lkotlin/jvm/functions/Function2;)Ljava/lang/Object;' in 'kotlinx/coroutines/intrinsics/UndispatchedKt')}
  0x000001c0dca27410: 49b8 e01a | ccfc c001 | 0000 4983 | 80c8 0200 

  0x000001c0dca27420: ;   {metadata(method data for {method} {0x000001c0f964e550} 'getCOROUTINE_SUSPENDED' '()Ljava/lang/Object;' in 'kotlin/coroutines/intrinsics/IntrinsicsKt__IntrinsicsKt')}
  0x000001c0dca27420: 0001 49b8 | 9883 51fa | c001 0000 | 418b 90cc | 0000 0083 | c202 4189 | 90cc 0000 | 0081 e2fe 
  0x000001c0dca27440: ff1f 0085 | d20f 8404 

  0x000001c0dca27448: ;   {oop(a 'kotlin/coroutines/intrinsics/CoroutineSingletons'{0x0000000604c02968})}
  0x000001c0dca27448: 1000 0049 | b868 29c0 | 0406 0000 | 0049 3bc0 

  0x000001c0dca27458: ;   {metadata(method data for {method} {0x000001c0f980b978} 'startUndspatched' '(Lkotlinx/coroutines/internal/ScopeCoroutine;ZLjava/lang/Object;Lkotlin/jvm/functions/Function2;)Ljava/lang/Object;' in 'kotlinx/coroutines/intrinsics/UndispatchedKt')}
  0x000001c0dca27458: 49b8 e01a | ccfc c001 | 0000 48c7 | c2e8 0200 | 0074 0748 | c7c2 d802 | 0000 498b | 3410 488d 
  0x000001c0dca27478: 7601 4989 | 3410 0f84 | 790d 0000 | 488b 5424 | 7848 3b02 

  0x000001c0dca2748c: ;   {metadata(method data for {method} {0x000001c0f980b978} 'startUndspatched' '(Lkotlinx/coroutines/internal/ScopeCoroutine;ZLjava/lang/Object;Lkotlin/jvm/functions/Function2;)Ljava/lang/Object;' in 'kotlinx/coroutines/intrinsics/UndispatchedKt')}
  0x000001c0dca2748c: 4c8b c248 | bee0 1acc | fcc0 0100 | 0048 8386 | 0803 0000 | 014c 8bc0 | 488b f248 | 8bd6 4889 
  0x000001c0dca274ac: 8424 9000 | 0000 0f1f 

  0x000001c0dca274b4: ;   {optimized virtual_call}
  0x000001c0dca274b4: 4400 00e8 

  0x000001c0dca274b8: ; ImmutableOopMap {[120]=Oop [144]=Oop }
                      ;*invokevirtual makeCompletingOnce$kotlinx_coroutines_core {reexecute=0 rethrow=0 return_oop=0}
                      ; - kotlinx.coroutines.intrinsics.UndispatchedKt::startUndspatched@101 (line 83)
  0x000001c0dca274b8: 24c1 5b07 

  0x000001c0dca274bc: ;   {other}
  0x000001c0dca274bc: 0f1f 8400 | 2c09 0003 

  0x000001c0dca274c4: ;   {oop(a 'kotlinx/coroutines/internal/Symbol'{0x0000000604dd5898})}
  0x000001c0dca274c4: 49ba 9858 | dd04 0600 | 0000 493b 

  0x000001c0dca274d0: ;   {metadata(method data for {method} {0x000001c0f980b978} 'startUndspatched' '(Lkotlinx/coroutines/internal/ScopeCoroutine;ZLjava/lang/Object;Lkotlin/jvm/functions/Function2;)Ljava/lang/Object;' in 'kotlinx/coroutines/intrinsics/UndispatchedKt')}
  0x000001c0dca274d0: c248 bae0 | 1acc fcc0 | 0100 0048 | c7c6 5003 | 0000 7407 | 48c7 c640 | 0300 0048 | 8b3c 3248 
  0x000001c0dca274f0: 8d7f 0148 | 893c 320f | 84a7 0c00 | 0048 8984 | 2498 0000 | 0048 8b54 

  0x000001c0dca27508: ;   {metadata(method data for {method} {0x000001c0f980b978} 'startUndspatched' '(Lkotlinx/coroutines/internal/ScopeCoroutine;ZLjava/lang/Object;Lkotlin/jvm/functions/Function2;)Ljava/lang/Object;' in 'kotlinx/coroutines/intrinsics/UndispatchedKt')}
  0x000001c0dca27508: 2478 48be | e01a ccfc | c001 0000 | 8b52 0849 | ba00 0000 | 80c0 0100 | 0049 03d2 | 483b 9680 
  0x000001c0dca27528: 0300 0075 | 0d48 8386 | 8803 0000 | 01e9 6000 | 0000 483b | 9690 0300 | 0075 0d48 | 8386 9803 
  0x000001c0dca27548: 0000 01e9 | 4a00 0000 | 4883 be80 | 0300 0000 | 7517 4889 | 9680 0300 | 0048 c786 | 8803 0000 
  0x000001c0dca27568: 0100 0000 | e929 0000 | 0048 83be | 9003 0000 | 0075 1748 | 8996 9003 | 0000 48c7 | 8698 0300 
  0x000001c0dca27588: 0001 0000 | 00e9 0800 | 0000 4883 | 8670 0300 | 0001 488b | 5424 7866 | 0f1f 4400 | 0048 b8ff 
  0x000001c0dca275a8: ffff ffff 

  0x000001c0dca275ac: ;   {virtual_call}
  0x000001c0dca275ac: ffff ffe8 

  0x000001c0dca275b0: ; ImmutableOopMap {[120]=Oop [144]=Oop [152]=Oop }
                      ;*invokevirtual afterCompletionUndispatched {reexecute=0 rethrow=0 return_oop=0}
                      ; - kotlinx.coroutines.intrinsics.UndispatchedKt::startUndspatched@119 (line 85)
  0x000001c0dca275b0: fc83 b506 

  0x000001c0dca275b4: ;   {other}
  0x000001c0dca275b4: 0f1f 8400 | 240a 0004 | 488b 8424 | 9800 0000 | 4885 c075 

  0x000001c0dca275c8: ;   {metadata(method data for {method} {0x000001c0f980b978} 'startUndspatched' '(Lkotlinx/coroutines/internal/ScopeCoroutine;ZLjava/lang/Object;Lkotlin/jvm/functions/Function2;)Ljava/lang/Object;' in 'kotlinx/coroutines/intrinsics/UndispatchedKt')}
  0x000001c0dca275c8: 1648 bee0 | 1acc fcc0 | 0100 0080 | 8ea1 0300 | 0001 e9cd 

  0x000001c0dca275dc: ;   {metadata('kotlinx/coroutines/CompletedExceptionally')}
  0x000001c0dca275dc: 0000 0048 | bf00 580d | 81c0 0100 | 008b 7008 | 49ba 0000 | 0080 c001 | 0000 4903 | f248 3b7e 
  0x000001c0dca275fc: 380f 858d 

  0x000001c0dca27600: ;   {metadata(method data for {method} {0x000001c0f980b978} 'startUndspatched' '(Lkotlinx/coroutines/internal/ScopeCoroutine;ZLjava/lang/Object;Lkotlin/jvm/functions/Function2;)Ljava/lang/Object;' in 'kotlinx/coroutines/intrinsics/UndispatchedKt')}
  0x000001c0dca27600: 0000 0048 | bee0 1acc | fcc0 0100 | 008b 7808 | 49ba 0000 | 0080 c001 | 0000 4903 | fa48 3bbe 
  0x000001c0dca27620: b803 0000 | 750d 4883 | 86c0 0300 | 0001 e97e | 0000 0048 | 3bbe c803 | 0000 750d | 4883 86d0 
  0x000001c0dca27640: 0300 0001 | e968 0000 | 0048 83be | b803 0000 | 0075 1748 | 89be b803 | 0000 48c7 | 86c0 0300 
  0x000001c0dca27660: 0001 0000 | 00e9 4700 | 0000 4883 | bec8 0300 | 0000 7517 | 4889 bec8 | 0300 0048 | c786 d003 
  0x000001c0dca27680: 0000 0100 | 0000 e926 | 0000 00e9 | 2100 0000 

  0x000001c0dca27690: ;   {metadata(method data for {method} {0x000001c0f980b978} 'startUndspatched' '(Lkotlinx/coroutines/internal/ScopeCoroutine;ZLjava/lang/Object;Lkotlin/jvm/functions/Function2;)Ljava/lang/Object;' in 'kotlinx/coroutines/intrinsics/UndispatchedKt')}
  0x000001c0dca27690: 48be e01a | ccfc c001 | 0000 4883 | aea8 0300 | 0001 e905 | 0000 00e9 | 0500 0000 | 4833 d2eb 
  0x000001c0dca276b0: 0748 c7c2 | 0100 0000 

  0x000001c0dca276b8: ;   {metadata(method data for {method} {0x000001c0f980b978} 'startUndspatched' '(Lkotlinx/coroutines/internal/ScopeCoroutine;ZLjava/lang/Object;Lkotlin/jvm/functions/Function2;)Ljava/lang/Object;' in 'kotlinx/coroutines/intrinsics/UndispatchedKt')}
  0x000001c0dca276b8: 85d2 48ba | e01a ccfc | c001 0000 | 49c7 c0e0 | 0300 0074 | 0749 c7c0 | f003 0000 | 4a8b 3402 
  0x000001c0dca276d8: 488d 7601 | 4a89 3402 | 0f84 ba07 | 0000 448b | 8424 8000 | 0000 4585 

  0x000001c0dca276f0: ;   {metadata(method data for {method} {0x000001c0f980b978} 'startUndspatched' '(Lkotlinx/coroutines/internal/ScopeCoroutine;ZLjava/lang/Object;Lkotlin/jvm/functions/Function2;)Ljava/lang/Object;' in 'kotlinx/coroutines/intrinsics/UndispatchedKt')}
  0x000001c0dca276f0: c048 bae0 | 1acc fcc0 | 0100 0049 | c7c0 1004 | 0000 7407 | 49c7 c000 | 0400 004a | 8b34 0248 
  0x000001c0dca27710: 8d76 014a | 8934 020f | 840a 0000 | 004c 8b44 | 2478 e9c1 | 0300 0048 | 85c0 7516 

  0x000001c0dca2772c: ;   {metadata(method data for {method} {0x000001c0f980b978} 'startUndspatched' '(Lkotlinx/coroutines/internal/ScopeCoroutine;ZLjava/lang/Object;Lkotlin/jvm/functions/Function2;)Ljava/lang/Object;' in 'kotlinx/coroutines/intrinsics/UndispatchedKt')}
  0x000001c0dca2772c: 48be e01a | ccfc c001 | 0000 808e | 1904 0000 | 01e9 cd00 

  0x000001c0dca27740: ;   {metadata('kotlinx/coroutines/CompletedExceptionally')}
  0x000001c0dca27740: 0000 48bf | 0058 0d81 | c001 0000 | 8b70 0849 | ba00 0000 | 80c0 0100 | 0049 03f2 | 483b 7e38 
  0x000001c0dca27760: 0f85 8d00 

  0x000001c0dca27764: ;   {metadata(method data for {method} {0x000001c0f980b978} 'startUndspatched' '(Lkotlinx/coroutines/internal/ScopeCoroutine;ZLjava/lang/Object;Lkotlin/jvm/functions/Function2;)Ljava/lang/Object;' in 'kotlinx/coroutines/intrinsics/UndispatchedKt')}
  0x000001c0dca27764: 0000 48be | e01a ccfc | c001 0000 | 8b78 0849 | ba00 0000 | 80c0 0100 | 0049 03fa | 483b be30 
  0x000001c0dca27784: 0400 0075 | 0d48 8386 | 3804 0000 | 01e9 7900 | 0000 483b | be40 0400 | 0075 0d48 | 8386 4804 
  0x000001c0dca277a4: 0000 01e9 | 6300 0000 | 4883 be30 | 0400 0000 | 7517 4889 | be30 0400 | 0048 c786 | 3804 0000 
  0x000001c0dca277c4: 0100 0000 | e942 0000 | 0048 83be | 4004 0000 | 0075 1748 | 89be 4004 | 0000 48c7 | 8648 0400 
  0x000001c0dca277e4: 0001 0000 | 00e9 2100 | 0000 e91c 

  0x000001c0dca277f0: ;   {metadata(method data for {method} {0x000001c0f980b978} 'startUndspatched' '(Lkotlinx/coroutines/internal/ScopeCoroutine;ZLjava/lang/Object;Lkotlin/jvm/functions/Function2;)Ljava/lang/Object;' in 'kotlinx/coroutines/intrinsics/UndispatchedKt')}
  0x000001c0dca277f0: 0000 0048 | bee0 1acc | fcc0 0100 | 0048 83ae | 2004 0000 | 01e9 6b0c | 0000 e900 | 0000 0048 
  0x000001c0dca27810: 8bd0 8b52 | 1048 c1e2 

  0x000001c0dca27818: ;   {metadata(method data for {method} {0x000001c0f980b978} 'startUndspatched' '(Lkotlinx/coroutines/internal/ScopeCoroutine;ZLjava/lang/Object;Lkotlin/jvm/functions/Function2;)Ljava/lang/Object;' in 'kotlinx/coroutines/intrinsics/UndispatchedKt')}
  0x000001c0dca27818: 0349 b8e0 | 1acc fcc0 | 0100 0049 | 8380 5804 

  0x000001c0dca27828: ;   {metadata(method data for {method} {0x000001c0f980bac0} 'notOwnTimeout' '(Lkotlinx/coroutines/internal/ScopeCoroutine;Ljava/lang/Throwable;)Z' in 'kotlinx/coroutines/intrinsics/UndispatchedKt')}
  0x000001c0dca27828: 0000 0149 | b898 27cc | fcc0 0100 | 0041 8bb0 | cc00 0000 | 83c6 0241 | 89b0 cc00 | 0000 81e6 
  0x000001c0dca27848: feff 1f00 | 85f6 0f84 | 2f0c 0000 | 4885 d275 

  0x000001c0dca27858: ;   {metadata(method data for {method} {0x000001c0f980bac0} 'notOwnTimeout' '(Lkotlinx/coroutines/internal/ScopeCoroutine;Ljava/lang/Throwable;)Z' in 'kotlinx/coroutines/intrinsics/UndispatchedKt')}
  0x000001c0dca27858: 1648 bf98 | 27cc fcc0 | 0100 0080 | 8f09 0100 | 0001 e9cc 

  0x000001c0dca2786c: ;   {metadata('kotlinx/coroutines/TimeoutCancellationException')}
  0x000001c0dca2786c: 0000 0048 | bbd0 5e2d | 81c0 0100 | 008b 7208 | 49ba 0000 | 0080 c001 | 0000 4903 | f248 3bde 
  0x000001c0dca2788c: 0f85 8d00 

  0x000001c0dca27890: ;   {metadata(method data for {method} {0x000001c0f980bac0} 'notOwnTimeout' '(Lkotlinx/coroutines/internal/ScopeCoroutine;Ljava/lang/Throwable;)Z' in 'kotlinx/coroutines/intrinsics/UndispatchedKt')}
  0x000001c0dca27890: 0000 48bf | 9827 ccfc | c001 0000 | 8b5a 0849 | ba00 0000 | 80c0 0100 | 0049 03da | 483b 9f20 
  0x000001c0dca278b0: 0100 0075 | 0d48 8387 | 2801 0000 | 01e9 7e00 | 0000 483b | 9f30 0100 | 0075 0d48 | 8387 3801 
  0x000001c0dca278d0: 0000 01e9 | 6800 0000 | 4883 bf20 | 0100 0000 | 7517 4889 | 9f20 0100 | 0048 c787 | 2801 0000 
  0x000001c0dca278f0: 0100 0000 | e947 0000 | 0048 83bf | 3001 0000 | 0075 1748 | 899f 3001 | 0000 48c7 | 8738 0100 
  0x000001c0dca27910: 0001 0000 | 00e9 2600 | 0000 e921 

  0x000001c0dca2791c: ;   {metadata(method data for {method} {0x000001c0f980bac0} 'notOwnTimeout' '(Lkotlinx/coroutines/internal/ScopeCoroutine;Ljava/lang/Throwable;)Z' in 'kotlinx/coroutines/intrinsics/UndispatchedKt')}
  0x000001c0dca2791c: 0000 0048 | bf98 27cc | fcc0 0100 | 0048 83af | 1001 0000 | 01e9 0500 | 0000 e905 | 0000 004d 
  0x000001c0dca2793c: 33c0 eb07 | 49c7 c001 | 0000 0045 

  0x000001c0dca27948: ;   {metadata(method data for {method} {0x000001c0f980bac0} 'notOwnTimeout' '(Lkotlinx/coroutines/internal/ScopeCoroutine;Ljava/lang/Throwable;)Z' in 'kotlinx/coroutines/intrinsics/UndispatchedKt')}
  0x000001c0dca27948: 85c0 49b8 | 9827 ccfc | c001 0000 | 48c7 c648 | 0100 0074 | 0748 c7c6 | 5801 0000 | 498b 3c30 
  0x000001c0dca27968: 488d 7f01 | 4989 3c30 | 4c8b 4424 | 780f 841d | 0100 0048 | 85d2 7516 

  0x000001c0dca27980: ;   {metadata(method data for {method} {0x000001c0f980bac0} 'notOwnTimeout' '(Lkotlinx/coroutines/internal/ScopeCoroutine;Ljava/lang/Throwable;)Z' in 'kotlinx/coroutines/intrinsics/UndispatchedKt')}
  0x000001c0dca27980: 48bf 9827 | ccfc c001 | 0000 808f | 6101 0000 | 01e9 cc00 

  0x000001c0dca27994: ;   {metadata('kotlinx/coroutines/TimeoutCancellationException')}
  0x000001c0dca27994: 0000 48bb | d05e 2d81 | c001 0000 | 8b72 0849 | ba00 0000 | 80c0 0100 | 0049 03f2 | 483b de0f 
  0x000001c0dca279b4: 858d 0000 

  0x000001c0dca279b8: ;   {metadata(method data for {method} {0x000001c0f980bac0} 'notOwnTimeout' '(Lkotlinx/coroutines/internal/ScopeCoroutine;Ljava/lang/Throwable;)Z' in 'kotlinx/coroutines/intrinsics/UndispatchedKt')}
  0x000001c0dca279b8: 0048 bf98 | 27cc fcc0 | 0100 008b | 5a08 49ba | 0000 0080 | c001 0000 | 4903 da48 | 3b9f 7801 
  0x000001c0dca279d8: 0000 750d | 4883 8780 | 0100 0001 | e979 0000 | 0048 3b9f | 8801 0000 | 750d 4883 | 8790 0100 
  0x000001c0dca279f8: 0001 e963 | 0000 0048 | 83bf 7801 | 0000 0075 | 1748 899f | 7801 0000 | 48c7 8780 | 0100 0001 
  0x000001c0dca27a18: 0000 00e9 | 4200 0000 | 4883 bf88 | 0100 0000 | 7517 4889 | 9f88 0100 | 0048 c787 | 9001 0000 
  0x000001c0dca27a38: 0100 0000 | e921 0000 | 00e9 1c00 

  0x000001c0dca27a44: ;   {metadata(method data for {method} {0x000001c0f980bac0} 'notOwnTimeout' '(Lkotlinx/coroutines/internal/ScopeCoroutine;Ljava/lang/Throwable;)Z' in 'kotlinx/coroutines/intrinsics/UndispatchedKt')}
  0x000001c0dca27a44: 0000 48bf | 9827 ccfc | c001 0000 | 4883 af68 | 0100 0001 | e947 0a00 | 00e9 0000 | 0000 8b52 
  0x000001c0dca27a64: 2448 c1e2 | 0349 3bd0 

  0x000001c0dca27a6c: ;   {metadata(method data for {method} {0x000001c0f980bac0} 'notOwnTimeout' '(Lkotlinx/coroutines/internal/ScopeCoroutine;Ljava/lang/Throwable;)Z' in 'kotlinx/coroutines/intrinsics/UndispatchedKt')}
  0x000001c0dca27a6c: 48ba 9827 | ccfc c001 | 0000 48c7 | c6a0 0100 | 0074 0748 | c7c6 b001 | 0000 488b | 3c32 488d 
  0x000001c0dca27a8c: 7f01 4889 | 3c32 0f84 | 1a00 0000 

  0x000001c0dca27a98: ;   {metadata(method data for {method} {0x000001c0f980bac0} 'notOwnTimeout' '(Lkotlinx/coroutines/internal/ScopeCoroutine;Ljava/lang/Throwable;)Z' in 'kotlinx/coroutines/intrinsics/UndispatchedKt')}
  0x000001c0dca27a98: 48ba 9827 | ccfc c001 | 0000 ff82 | c001 0000 | ba01 0000 | 00e9 0500 | 0000 ba00 | 0000 0083 
  0x000001c0dca27ab8: e201 85d2 

  0x000001c0dca27abc: ;   {metadata(method data for {method} {0x000001c0f980b978} 'startUndspatched' '(Lkotlinx/coroutines/internal/ScopeCoroutine;ZLjava/lang/Object;Lkotlin/jvm/functions/Function2;)Ljava/lang/Object;' in 'kotlinx/coroutines/intrinsics/UndispatchedKt')}
  0x000001c0dca27abc: 48ba e01a | ccfc c001 | 0000 48c7 | c668 0400 | 0074 0748 | c7c6 7804 | 0000 488b | 3c32 488d 
  0x000001c0dca27adc: 7f01 4889 | 3c32 0f84 | 4701 0000 | 4885 c075 

  0x000001c0dca27aec: ;   {metadata(method data for {method} {0x000001c0f980b978} 'startUndspatched' '(Lkotlinx/coroutines/internal/ScopeCoroutine;ZLjava/lang/Object;Lkotlin/jvm/functions/Function2;)Ljava/lang/Object;' in 'kotlinx/coroutines/intrinsics/UndispatchedKt')}
  0x000001c0dca27aec: 1648 bee0 | 1acc fcc0 | 0100 0080 | 8e81 0400 | 0001 e9cd 

  0x000001c0dca27b00: ;   {metadata('kotlinx/coroutines/CompletedExceptionally')}
  0x000001c0dca27b00: 0000 0048 | bf00 580d | 81c0 0100 | 008b 7008 | 49ba 0000 | 0080 c001 | 0000 4903 | f248 3b7e 
  0x000001c0dca27b20: 380f 858d 

  0x000001c0dca27b24: ;   {metadata(method data for {method} {0x000001c0f980b978} 'startUndspatched' '(Lkotlinx/coroutines/internal/ScopeCoroutine;ZLjava/lang/Object;Lkotlin/jvm/functions/Function2;)Ljava/lang/Object;' in 'kotlinx/coroutines/intrinsics/UndispatchedKt')}
  0x000001c0dca27b24: 0000 0048 | bee0 1acc | fcc0 0100 | 008b 7808 | 49ba 0000 | 0080 c001 | 0000 4903 | fa48 3bbe 
  0x000001c0dca27b44: 9804 0000 | 750d 4883 | 86a0 0400 | 0001 e979 | 0000 0048 | 3bbe a804 | 0000 750d | 4883 86b0 
  0x000001c0dca27b64: 0400 0001 | e963 0000 | 0048 83be | 9804 0000 | 0075 1748 | 89be 9804 | 0000 48c7 | 86a0 0400 
  0x000001c0dca27b84: 0001 0000 | 00e9 4200 | 0000 4883 | bea8 0400 | 0000 7517 | 4889 bea8 | 0400 0048 | c786 b004 
  0x000001c0dca27ba4: 0000 0100 | 0000 e921 | 0000 00e9 | 1c00 0000 

  0x000001c0dca27bb4: ;   {metadata(method data for {method} {0x000001c0f980b978} 'startUndspatched' '(Lkotlinx/coroutines/internal/ScopeCoroutine;ZLjava/lang/Object;Lkotlin/jvm/functions/Function2;)Ljava/lang/Object;' in 'kotlinx/coroutines/intrinsics/UndispatchedKt')}
  0x000001c0dca27bb4: 48be e01a | ccfc c001 | 0000 4883 | ae88 0400 | 0001 e9e7 | 0800 00e9 | 0000 0000 

  0x000001c0dca27bd0: ; implicit exception: dispatches to 0x000001c0dca284bb
  0x000001c0dca27bd0: 8b50 1048 | c1e2 0341 | 8b40 1848 

  0x000001c0dca27bdc: ;   {metadata(method data for {method} {0x000001c0f980b978} 'startUndspatched' '(Lkotlinx/coroutines/internal/ScopeCoroutine;ZLjava/lang/Object;Lkotlin/jvm/functions/Function2;)Ljava/lang/Object;' in 'kotlinx/coroutines/intrinsics/UndispatchedKt')}
  0x000001c0dca27bdc: c1e0 0349 | b8e0 1acc | fcc0 0100 | 0049 8380 | c004 0000 

  0x000001c0dca27bf0: ;   {metadata(method data for {method} {0x000001c0f9635f18} 'getRECOVER_STACK_TRACES' '()Z' in 'kotlinx/coroutines/DebugKt')}
  0x000001c0dca27bf0: 0149 b820 | fdcb fbc0 | 0100 0041 | 8bb0 cc00 | 0000 83c6 | 0241 89b0 | cc00 0000 | 81e6 feff 
  0x000001c0dca27c10: 1f00 85f6 | 0f84 a608 

  0x000001c0dca27c18: ;   {metadata(method data for {method} {0x000001c0f980b978} 'startUndspatched' '(Lkotlinx/coroutines/internal/ScopeCoroutine;ZLjava/lang/Object;Lkotlin/jvm/functions/Function2;)Ljava/lang/Object;' in 'kotlinx/coroutines/intrinsics/UndispatchedKt')}
  0x000001c0dca27c18: 0000 48b8 | e01a ccfc | c001 0000 | ff80 d004 | 0000 e942 | 0600 0048 | 8b84 2490 | 0000 0048 
  0x000001c0dca27c38: 85c0 7516 

  0x000001c0dca27c3c: ;   {metadata(method data for {method} {0x000001c0f980b978} 'startUndspatched' '(Lkotlinx/coroutines/internal/ScopeCoroutine;ZLjava/lang/Object;Lkotlin/jvm/functions/Function2;)Ljava/lang/Object;' in 'kotlinx/coroutines/intrinsics/UndispatchedKt')}
  0x000001c0dca27c3c: 48bf e01a | ccfc c001 | 0000 808f | a105 0000 | 01e9 cd00 

  0x000001c0dca27c50: ;   {metadata('kotlinx/coroutines/CompletedExceptionally')}
  0x000001c0dca27c50: 0000 48bb | 0058 0d81 | c001 0000 | 8b78 0849 | ba00 0000 | 80c0 0100 | 0049 03fa | 483b 5f38 
  0x000001c0dca27c70: 0f85 8d00 

  0x000001c0dca27c74: ;   {metadata(method data for {method} {0x000001c0f980b978} 'startUndspatched' '(Lkotlinx/coroutines/internal/ScopeCoroutine;ZLjava/lang/Object;Lkotlin/jvm/functions/Function2;)Ljava/lang/Object;' in 'kotlinx/coroutines/intrinsics/UndispatchedKt')}
  0x000001c0dca27c74: 0000 48bf | e01a ccfc | c001 0000 | 8b58 0849 | ba00 0000 | 80c0 0100 | 0049 03da | 483b 9fb8 
  0x000001c0dca27c94: 0500 0075 | 0d48 8387 | c005 0000 | 01e9 7e00 | 0000 483b | 9fc8 0500 | 0075 0d48 | 8387 d005 
  0x000001c0dca27cb4: 0000 01e9 | 6800 0000 | 4883 bfb8 | 0500 0000 | 7517 4889 | 9fb8 0500 | 0048 c787 | c005 0000 
  0x000001c0dca27cd4: 0100 0000 | e947 0000 | 0048 83bf | c805 0000 | 0075 1748 | 899f c805 | 0000 48c7 | 87d0 0500 
  0x000001c0dca27cf4: 0001 0000 | 00e9 2600 | 0000 e921 

  0x000001c0dca27d00: ;   {metadata(method data for {method} {0x000001c0f980b978} 'startUndspatched' '(Lkotlinx/coroutines/internal/ScopeCoroutine;ZLjava/lang/Object;Lkotlin/jvm/functions/Function2;)Ljava/lang/Object;' in 'kotlinx/coroutines/intrinsics/UndispatchedKt')}
  0x000001c0dca27d00: 0000 0048 | bfe0 1acc | fcc0 0100 | 0048 83af | a805 0000 | 01e9 0500 | 0000 e905 | 0000 0048 
  0x000001c0dca27d20: 33d2 eb07 | 48c7 c201 | 0000 0085 

  0x000001c0dca27d2c: ;   {metadata(method data for {method} {0x000001c0f980b978} 'startUndspatched' '(Lkotlinx/coroutines/internal/ScopeCoroutine;ZLjava/lang/Object;Lkotlin/jvm/functions/Function2;)Ljava/lang/Object;' in 'kotlinx/coroutines/intrinsics/UndispatchedKt')}
  0x000001c0dca27d2c: d248 bae0 | 1acc fcc0 | 0100 0048 | c7c6 e005 | 0000 7407 | 48c7 c6f0 | 0500 0048 | 8b3c 3248 
  0x000001c0dca27d4c: 8d7f 0148 | 893c 320f | 841f 0400 | 0048 85c0 

  0x000001c0dca27d5c: ;   {metadata(method data for {method} {0x000001c0f980b978} 'startUndspatched' '(Lkotlinx/coroutines/internal/ScopeCoroutine;ZLjava/lang/Object;Lkotlin/jvm/functions/Function2;)Ljava/lang/Object;' in 'kotlinx/coroutines/intrinsics/UndispatchedKt')}
  0x000001c0dca27d5c: 7516 48be | e01a ccfc | c001 0000 | 808e f905 | 0000 01e9 | cd00 0000 

  0x000001c0dca27d74: ;   {metadata('kotlinx/coroutines/CompletedExceptionally')}
  0x000001c0dca27d74: 48bf 0058 | 0d81 c001 | 0000 8b70 | 0849 ba00 | 0000 80c0 | 0100 0049 | 03f2 483b | 7e38 0f85 
  0x000001c0dca27d94: 8d00 0000 

  0x000001c0dca27d98: ;   {metadata(method data for {method} {0x000001c0f980b978} 'startUndspatched' '(Lkotlinx/coroutines/internal/ScopeCoroutine;ZLjava/lang/Object;Lkotlin/jvm/functions/Function2;)Ljava/lang/Object;' in 'kotlinx/coroutines/intrinsics/UndispatchedKt')}
  0x000001c0dca27d98: 48be e01a | ccfc c001 | 0000 8b78 | 0849 ba00 | 0000 80c0 | 0100 0049 | 03fa 483b | be10 0600 
  0x000001c0dca27db8: 0075 0d48 | 8386 1806 | 0000 01e9 | 7900 0000 | 483b be20 | 0600 0075 | 0d48 8386 | 2806 0000 
  0x000001c0dca27dd8: 01e9 6300 | 0000 4883 | be10 0600 | 0000 7517 | 4889 be10 | 0600 0048 | c786 1806 | 0000 0100 
  0x000001c0dca27df8: 0000 e942 | 0000 0048 | 83be 2006 | 0000 0075 | 1748 89be | 2006 0000 | 48c7 8628 | 0600 0001 
  0x000001c0dca27e18: 0000 00e9 | 2100 0000 | e91c 0000 

  0x000001c0dca27e24: ;   {metadata(method data for {method} {0x000001c0f980b978} 'startUndspatched' '(Lkotlinx/coroutines/internal/ScopeCoroutine;ZLjava/lang/Object;Lkotlin/jvm/functions/Function2;)Ljava/lang/Object;' in 'kotlinx/coroutines/intrinsics/UndispatchedKt')}
  0x000001c0dca27e24: 0048 bee0 | 1acc fcc0 | 0100 0048 | 83ae 0006 | 0000 01e9 | a506 0000 | e900 0000 | 008b 5010 
  0x000001c0dca27e44: 48c1 e203 | 418b 4018 | 48c1 e003 

  0x000001c0dca27e50: ;   {metadata(method data for {method} {0x000001c0f980b978} 'startUndspatched' '(Lkotlinx/coroutines/internal/ScopeCoroutine;ZLjava/lang/Object;Lkotlin/jvm/functions/Function2;)Ljava/lang/Object;' in 'kotlinx/coroutines/intrinsics/UndispatchedKt')}
  0x000001c0dca27e50: 49b8 e01a | ccfc c001 | 0000 4983 | 8038 0600 

  0x000001c0dca27e60: ;   {metadata(method data for {method} {0x000001c0f9635f18} 'getRECOVER_STACK_TRACES' '()Z' in 'kotlinx/coroutines/DebugKt')}
  0x000001c0dca27e60: 0001 49b8 | 20fd cbfb | c001 0000 | 418b b0cc | 0000 0083 | c602 4189 | b0cc 0000 | 0081 e6fe 
  0x000001c0dca27e80: ff1f 0085 | f60f 8464 

  0x000001c0dca27e88: ;   {metadata(method data for {method} {0x000001c0f980b978} 'startUndspatched' '(Lkotlinx/coroutines/internal/ScopeCoroutine;ZLjava/lang/Object;Lkotlin/jvm/functions/Function2;)Ljava/lang/Object;' in 'kotlinx/coroutines/intrinsics/UndispatchedKt')}
  0x000001c0dca27e88: 0600 0048 | b8e0 1acc | fcc0 0100 | 00ff 8048 | 0600 00e9 | b603 0000 

  0x000001c0dca27ea0: ;   {metadata(method data for {method} {0x000001c0f980b978} 'startUndspatched' '(Lkotlinx/coroutines/internal/ScopeCoroutine;ZLjava/lang/Object;Lkotlin/jvm/functions/Function2;)Ljava/lang/Object;' in 'kotlinx/coroutines/intrinsics/UndispatchedKt')}
  0x000001c0dca27ea0: 48ba e01a | ccfc c001 | 0000 4883 | 8238 0700 

  0x000001c0dca27eb0: ;   {metadata(method data for {method} {0x000001c0f96462f8} 'unboxState' '(Ljava/lang/Object;)Ljava/lang/Object;' in 'kotlinx/coroutines/JobSupportKt')}
  0x000001c0dca27eb0: 0001 48ba | 3834 80fc | c001 0000 | 448b 82cc | 0000 0041 | 83c0 0244 | 8982 cc00 | 0000 4181 
  0x000001c0dca27ed0: e0fe ff1f | 0045 85c0 | 0f84 3206 | 0000 4885 

  0x000001c0dca27ee0: ;   {metadata(method data for {method} {0x000001c0f96462f8} 'unboxState' '(Ljava/lang/Object;)Ljava/lang/Object;' in 'kotlinx/coroutines/JobSupportKt')}
  0x000001c0dca27ee0: c075 1648 | be38 3480 | fcc0 0100 | 0080 8e09 | 0100 0001 | e9cd 0000 

  0x000001c0dca27ef8: ;   {metadata('kotlinx/coroutines/IncompleteStateBox')}
  0x000001c0dca27ef8: 0048 bf90 | 4e15 81c0 | 0100 0044 | 8b40 0849 | ba00 0000 | 80c0 0100 | 004d 03c2 | 493b f80f 
  0x000001c0dca27f18: 858d 0000 

  0x000001c0dca27f1c: ;   {metadata(method data for {method} {0x000001c0f96462f8} 'unboxState' '(Ljava/lang/Object;)Ljava/lang/Object;' in 'kotlinx/coroutines/JobSupportKt')}
  0x000001c0dca27f1c: 0048 be38 | 3480 fcc0 | 0100 008b | 7808 49ba | 0000 0080 | c001 0000 | 4903 fa48 | 3bbe 2001 
  0x000001c0dca27f3c: 0000 750d | 4883 8628 | 0100 0001 | e97e 0000 | 0048 3bbe | 3001 0000 | 750d 4883 | 8638 0100 
  0x000001c0dca27f5c: 0001 e968 | 0000 0048 | 83be 2001 | 0000 0075 | 1748 89be | 2001 0000 | 48c7 8628 | 0100 0001 
  0x000001c0dca27f7c: 0000 00e9 | 4700 0000 | 4883 be30 | 0100 0000 | 7517 4889 | be30 0100 | 0048 c786 | 3801 0000 
  0x000001c0dca27f9c: 0100 0000 | e926 0000 | 00e9 2100 

  0x000001c0dca27fa8: ;   {metadata(method data for {method} {0x000001c0f96462f8} 'unboxState' '(Ljava/lang/Object;)Ljava/lang/Object;' in 'kotlinx/coroutines/JobSupportKt')}
  0x000001c0dca27fa8: 0000 48be | 3834 80fc | c001 0000 | 4883 ae10 | 0100 0001 | e905 0000 | 00e9 0500 | 0000 4833 
  0x000001c0dca27fc8: d2eb 0748 | c7c2 0100 | 0000 85d2 

  0x000001c0dca27fd4: ;   {metadata(method data for {method} {0x000001c0f96462f8} 'unboxState' '(Ljava/lang/Object;)Ljava/lang/Object;' in 'kotlinx/coroutines/JobSupportKt')}
  0x000001c0dca27fd4: 48ba 3834 | 80fc c001 | 0000 49c7 | c048 0100 | 0074 0749 | c7c0 5801 | 0000 4a8b | 3402 488d 
  0x000001c0dca27ff4: 7601 4a89 | 3402 0f84 | 0101 0000 | 4885 c075 

  0x000001c0dca28004: ;   {metadata(method data for {method} {0x000001c0f96462f8} 'unboxState' '(Ljava/lang/Object;)Ljava/lang/Object;' in 'kotlinx/coroutines/JobSupportKt')}
  0x000001c0dca28004: 1648 be38 | 3480 fcc0 | 0100 0080 | 8e61 0100 | 0001 e9cd 

  0x000001c0dca28018: ;   {metadata('kotlinx/coroutines/IncompleteStateBox')}
  0x000001c0dca28018: 0000 0048 | bf90 4e15 | 81c0 0100 | 0044 8b40 | 0849 ba00 | 0000 80c0 | 0100 004d | 03c2 493b 
  0x000001c0dca28038: f80f 858d 

  0x000001c0dca2803c: ;   {metadata(method data for {method} {0x000001c0f96462f8} 'unboxState' '(Ljava/lang/Object;)Ljava/lang/Object;' in 'kotlinx/coroutines/JobSupportKt')}
  0x000001c0dca2803c: 0000 0048 | be38 3480 | fcc0 0100 | 008b 7808 | 49ba 0000 | 0080 c001 | 0000 4903 | fa48 3bbe 
  0x000001c0dca2805c: 7801 0000 | 750d 4883 | 8680 0100 | 0001 e979 | 0000 0048 | 3bbe 8801 | 0000 750d | 4883 8690 
  0x000001c0dca2807c: 0100 0001 | e963 0000 | 0048 83be | 7801 0000 | 0075 1748 | 89be 7801 | 0000 48c7 | 8680 0100 
  0x000001c0dca2809c: 0001 0000 | 00e9 4200 | 0000 4883 | be88 0100 | 0000 7517 | 4889 be88 | 0100 0048 | c786 9001 
  0x000001c0dca280bc: 0000 0100 | 0000 e921 | 0000 00e9 | 1c00 0000 

  0x000001c0dca280cc: ;   {metadata(method data for {method} {0x000001c0f96462f8} 'unboxState' '(Ljava/lang/Object;)Ljava/lang/Object;' in 'kotlinx/coroutines/JobSupportKt')}
  0x000001c0dca280cc: 48be 3834 | 80fc c001 | 0000 4883 | ae68 0100 | 0001 e94e | 0400 00e9 | 0000 0000 

  0x000001c0dca280e8: ;   {metadata(method data for {method} {0x000001c0f96462f8} 'unboxState' '(Ljava/lang/Object;)Ljava/lang/Object;' in 'kotlinx/coroutines/JobSupportKt')}
  0x000001c0dca280e8: 488b d049 | b838 3480 | fcc0 0100 | 0041 ff80 | a001 0000 | e90a 0000 

  0x000001c0dca28100: ;   {oop(nullptr)}
  0x000001c0dca28100: 0048 ba00 | 0000 0000 | 0000 0048 

  0x000001c0dca2810c: ;   {metadata(method data for {method} {0x000001c0f96462f8} 'unboxState' '(Ljava/lang/Object;)Ljava/lang/Object;' in 'kotlinx/coroutines/JobSupportKt')}
  0x000001c0dca2810c: 85d2 49b8 | 3834 80fc | c001 0000 | 48c7 c6b8 | 0100 0074 | 0748 c7c6 | c801 0000 | 498b 3c30 
  0x000001c0dca2812c: 488d 7f01 | 4989 3c30 | 0f84 3600 | 0000 8b52 | 0c48 c1e2 | 0348 85d2 

  0x000001c0dca28144: ;   {metadata(method data for {method} {0x000001c0f96462f8} 'unboxState' '(Ljava/lang/Object;)Ljava/lang/Object;' in 'kotlinx/coroutines/JobSupportKt')}
  0x000001c0dca28144: 49b8 3834 | 80fc c001 | 0000 48c7 | c6d8 0100 | 0075 0748 | c7c6 e801 | 0000 498b | 3c30 488d 
  0x000001c0dca28164: 7f01 4989 | 3c30 0f85 | 1b00 0000 | 488b d0e9 | 1300 0000 

  0x000001c0dca28178: ;   {metadata(method data for {method} {0x000001c0f980b978} 'startUndspatched' '(Lkotlinx/coroutines/internal/ScopeCoroutine;ZLjava/lang/Object;Lkotlin/jvm/functions/Function2;)Ljava/lang/Object;' in 'kotlinx/coroutines/intrinsics/UndispatchedKt')}
  0x000001c0dca28178: 48ba e01a | ccfc c001 | 0000 ff82 | 2007 0000 | 488b d048 | 8bc2 4881 | c4b0 0000 

  0x000001c0dca28194: ;   {poll_return}
  0x000001c0dca28194: 005d 493b | a750 0400 | 000f 879c | 0300 00c3 

  0x000001c0dca281a4: ;   {metadata(method data for {method} {0x000001c0f980b978} 'startUndspatched' '(Lkotlinx/coroutines/internal/ScopeCoroutine;ZLjava/lang/Object;Lkotlin/jvm/functions/Function2;)Ljava/lang/Object;' in 'kotlinx/coroutines/intrinsics/UndispatchedKt')}
  0x000001c0dca281a4: 48b8 e01a | ccfc c001 | 0000 4883 | 8060 0300 

  0x000001c0dca281b4: ;   {metadata(method data for {method} {0x000001c0f964e550} 'getCOROUTINE_SUSPENDED' '()Ljava/lang/Object;' in 'kotlin/coroutines/intrinsics/IntrinsicsKt__IntrinsicsKt')}
  0x000001c0dca281b4: 0001 48b8 | 9883 51fa | c001 0000 | 8b90 cc00 | 0000 83c2 | 0289 90cc | 0000 0081 | e2fe ff1f 
  0x000001c0dca281d4: 0085 d20f | 8478 0300 

  0x000001c0dca281dc: ;   {oop(a 'kotlin/coroutines/intrinsics/CoroutineSingletons'{0x0000000604c02968})}
  0x000001c0dca281dc: 0048 b868 | 29c0 0406 | 0000 0048 | 81c4 b000 

  0x000001c0dca281ec: ;   {poll_return}
  0x000001c0dca281ec: 0000 5d49 | 3ba7 5004 | 0000 0f87 | 7a03 0000 

  0x000001c0dca281fc: ;   {metadata(method data for {method} {0x000001c0f980b978} 'startUndspatched' '(Lkotlinx/coroutines/internal/ScopeCoroutine;ZLjava/lang/Object;Lkotlin/jvm/functions/Function2;)Ljava/lang/Object;' in 'kotlinx/coroutines/intrinsics/UndispatchedKt')}
  0x000001c0dca281fc: c348 b8e0 | 1acc fcc0 | 0100 0048 | 8380 f802 

  0x000001c0dca2820c: ;   {metadata(method data for {method} {0x000001c0f964e550} 'getCOROUTINE_SUSPENDED' '()Ljava/lang/Object;' in 'kotlin/coroutines/intrinsics/IntrinsicsKt__IntrinsicsKt')}
  0x000001c0dca2820c: 0000 0148 | b898 8351 | fac0 0100 | 008b 90cc | 0000 0083 | c202 8990 | cc00 0000 | 81e2 feff 
  0x000001c0dca2822c: 1f00 85d2 | 0f84 5603 

  0x000001c0dca28234: ;   {oop(a 'kotlin/coroutines/intrinsics/CoroutineSingletons'{0x0000000604c02968})}
  0x000001c0dca28234: 0000 48b8 | 6829 c004 | 0600 0000 | 4881 c4b0 | 0000 005d 

  0x000001c0dca28248: ;   {poll_return}
  0x000001c0dca28248: 493b a750 | 0400 000f | 8758 0300 

  0x000001c0dca28254: ;   {metadata(method data for {method} {0x000001c0f980b978} 'startUndspatched' '(Lkotlinx/coroutines/internal/ScopeCoroutine;ZLjava/lang/Object;Lkotlin/jvm/functions/Function2;)Ljava/lang/Object;' in 'kotlinx/coroutines/intrinsics/UndispatchedKt')}
  0x000001c0dca28254: 00c3 48b8 | e01a ccfc | c001 0000 | ff80 c006 | 0000 483b | 0248 8bc2 | e9a4 0300 

  0x000001c0dca28270: ;   {metadata(method data for {method} {0x000001c0f980b978} 'startUndspatched' '(Lkotlinx/coroutines/internal/ScopeCoroutine;ZLjava/lang/Object;Lkotlin/jvm/functions/Function2;)Ljava/lang/Object;' in 'kotlinx/coroutines/intrinsics/UndispatchedKt')}
  0x000001c0dca28270: 0048 b8e0 | 1acc fcc0 | 0100 00ff | 8048 0500 | 0048 3b02 | 488b c2e9 | 8903 0000 | 4c8b 4424 
  0x000001c0dca28290: 7849 8b87 | 0005 0000 | 4d33 d24d | 8997 0005 | 0000 4d33 | d24d 8997 | 0805 0000 

  0x000001c0dca282ac: ;   {metadata(method data for {method} {0x000001c0f980b978} 'startUndspatched' '(Lkotlinx/coroutines/internal/ScopeCoroutine;ZLjava/lang/Object;Lkotlin/jvm/functions/Function2;)Ljava/lang/Object;' in 'kotlinx/coroutines/intrinsics/UndispatchedKt')}
  0x000001c0dca282ac: 48ba e01a | ccfc c001 | 0000 4883 | 8298 0200 | 0001 498b | d04c 8bc0 

  0x000001c0dca282c4: ;   {static_call}
  0x000001c0dca282c4: 6666 90e8 

  0x000001c0dca282c8: ; ImmutableOopMap {}
                      ;*invokestatic dispatchExceptionAndMakeCompleting {reexecute=0 rethrow=0 return_oop=0}
                      ; - kotlinx.coroutines.intrinsics.UndispatchedKt::startUndspatched@54 (line 70)
  0x000001c0dca282c8: b46d 7d06 

  0x000001c0dca282cc: ;   {other}
  0x000001c0dca282cc: 0f1f 8400 | 3c17 0005 | 0f1f 4000 

  0x000001c0dca282d8: ;   {no_reloc}
  0x000001c0dca282d8: e9ff 0200 | 0000 0000 | 0000 80ba | 3101 0000 | 040f 85fc | 0200 0049 | 8b87 b801 | 0000 488d 
  0x000001c0dca282f8: 7828 493b | bfc8 0100 | 000f 87e4 | 0200 0049 | 89bf b801 | 0000 48c7 | 0001 0000 | 0048 8bca 
  0x000001c0dca28318: 49ba 0000 | 0080 c001 | 0000 492b | ca89 4808 | 4833 c989 | 480c 4833 | c948 8948 | 1048 8948 
  0x000001c0dca28338: 1848 8948 | 2048 8bd0 

  0x000001c0dca28340: ;   {metadata(method data for {method} {0x000001c0f980b978} 'startUndspatched' '(Lkotlinx/coroutines/internal/ScopeCoroutine;ZLjava/lang/Object;Lkotlin/jvm/functions/Function2;)Ljava/lang/Object;' in 'kotlinx/coroutines/intrinsics/UndispatchedKt')}
  0x000001c0dca28340: 48be e01a | ccfc c001 | 0000 4883 | 86a8 0200 | 0001 488b | d048 8984 | 24a0 0000 

  0x000001c0dca2835c: ;   {optimized virtual_call}
  0x000001c0dca2835c: 0066 90e8 

  0x000001c0dca28360: ; ImmutableOopMap {[160]=Oop }
                      ;*invokespecial <init> {reexecute=0 rethrow=0 return_oop=0}
                      ; - kotlinx.coroutines.intrinsics.UndispatchedKt::startUndspatched@62 (line 70)
  0x000001c0dca28360: 1c67 7d06 

  0x000001c0dca28364: ;   {other}
  0x000001c0dca28364: 0f1f 8400 | d417 0006 | 488b 8424 | a000 0000 | e99c 0200 

  0x000001c0dca28378: ;   {metadata({method} {0x000001c0f980b978} 'startUndspatched' '(Lkotlinx/coroutines/internal/ScopeCoroutine;ZLjava/lang/Object;Lkotlin/jvm/functions/Function2;)Ljava/lang/Object;' in 'kotlinx/coroutines/intrinsics/UndispatchedKt')}
  0x000001c0dca28378: 0049 ba70 | b980 f9c0 | 0100 004c | 8954 2408 | 48c7 0424 | ffff ffff 

  0x000001c0dca28390: ;   {runtime_call counter_overflow Runtime1 stub}
  0x000001c0dca28390: e86b ab89 

  0x000001c0dca28394: ; ImmutableOopMap {rdx=Oop r9=Oop rdi=Oop [120]=Oop }
                      ;*synchronization entry
                      ; - kotlinx.coroutines.intrinsics.UndispatchedKt::startUndspatched@-1 (line 65)
  0x000001c0dca28394: 06e9 71eb | ffff 4889 

  0x000001c0dca2839c: ;   {runtime_call throw_class_cast_exception Runtime1 stub}
  0x000001c0dca2839c: 0424 e85d 

  0x000001c0dca283a0: ; ImmutableOopMap {[120]=Oop [136]=Oop }
                      ;*checkcast {reexecute=0 rethrow=0 return_oop=0}
                      ; - kotlinx.coroutines.intrinsics.UndispatchedKt::startUndspatched@31 (line 66)
                      ;   {runtime_call throw_null_pointer_exception Runtime1 stub}
  0x000001c0dca283a0: 6e89 06e8 

  0x000001c0dca283a4: ; ImmutableOopMap {rdx=Oop [120]=Oop [136]=Oop }
                      ;*invokeinterface invoke {reexecute=0 rethrow=0 return_oop=0}
                      ; - kotlinx.coroutines.intrinsics.UndispatchedKt::startUndspatched@39 (line 66)
  0x000001c0dca283a4: 584a 8906 

  0x000001c0dca283a8: ;   {runtime_call fast_new_instance Runtime1 stub}
  0x000001c0dca283a8: 488b d2e8 

  0x000001c0dca283ac: ; ImmutableOopMap {r8=Oop [120]=Oop }
                      ;*new {reexecute=0 rethrow=0 return_oop=0}
                      ; - kotlinx.coroutines.intrinsics.UndispatchedKt::startUndspatched@68 (line 72)
  0x000001c0dca283ac: 5053 8906 | e94a efff 

  0x000001c0dca283b4: ;   {metadata({method} {0x000001c0f966bac0} '<init>' '(Ljava/lang/Throwable;ZILkotlin/jvm/internal/DefaultConstructorMarker;)V' in 'kotlinx/coroutines/CompletedExceptionally')}
  0x000001c0dca283b4: ff49 bab8 | ba66 f9c0 | 0100 004c | 8954 2408 | 48c7 0424 | ffff ffff 

  0x000001c0dca283cc: ;   {runtime_call counter_overflow Runtime1 stub}
  0x000001c0dca283cc: e82f ab89 

  0x000001c0dca283d0: ; ImmutableOopMap {r8=Oop rax=Oop [120]=Oop }
                      ;*synchronization entry
                      ; - kotlinx.coroutines.CompletedExceptionally::<init>@-1 (line 26)
                      ; - kotlinx.coroutines.intrinsics.UndispatchedKt::startUndspatched@77 (line 72)
  0x000001c0dca283d0: 06e9 65ef 

  0x000001c0dca283d4: ;   {metadata({method} {0x000001c0f966b9e8} '<init>' '(Ljava/lang/Throwable;Z)V' in 'kotlinx/coroutines/CompletedExceptionally')}
  0x000001c0dca283d4: ffff 49ba | e0b9 66f9 | c001 0000 | 4c89 5424 | 0848 c704 | 24ff ffff 

  0x000001c0dca283ec: ;   {runtime_call counter_overflow Runtime1 stub}
  0x000001c0dca283ec: ffe8 0eab 

  0x000001c0dca283f0: ; ImmutableOopMap {r8=Oop rax=Oop [120]=Oop }
                      ;*synchronization entry
                      ; - kotlinx.coroutines.CompletedExceptionally::<init>@-1 (line 26)
                      ; - kotlinx.coroutines.CompletedExceptionally::<init>@11 (line 26)
                      ; - kotlinx.coroutines.intrinsics.UndispatchedKt::startUndspatched@77 (line 72)
  0x000001c0dca283f0: 8906 e990 

  0x000001c0dca283f4: ;   {metadata({method} {0x000001c080474990} '<init>' '()V' in 'java/lang/Object')}
  0x000001c0dca283f4: efff ff49 | ba88 4947 | 80c0 0100 | 004c 8954 | 2408 48c7 | 0424 ffff 

  0x000001c0dca2840c: ;   {runtime_call counter_overflow Runtime1 stub}
  0x000001c0dca2840c: ffff e8ed 

  0x000001c0dca28410: ; ImmutableOopMap {r8=Oop rax=Oop [120]=Oop }
                      ;*synchronization entry
                      ; - java.lang.Object::<init>@-1 (line 45)
                      ; - kotlinx.coroutines.CompletedExceptionally::<init>@1 (line 26)
                      ; - kotlinx.coroutines.CompletedExceptionally::<init>@11 (line 26)
                      ; - kotlinx.coroutines.intrinsics.UndispatchedKt::startUndspatched@77 (line 72)
  0x000001c0dca28410: aa89 06e9 | abef ffff | 8b50 1048 | c1e2 0348 | 83fa 000f | 84a7 efff | ff48 8914 

  0x000001c0dca2842c: ;   {runtime_call g1_pre_barrier_slow}
  0x000001c0dca2842c: 24e8 ceb0 | 8906 e999 | efff ff49 | 83f8 000f | 84ae efff | ff48 8904 

  0x000001c0dca28444: ;   {runtime_call g1_post_barrier_slow}
  0x000001c0dca28444: 24e8 b6b3 | 8906 e9a0 

  0x000001c0dca2844c: ;   {metadata({method} {0x000001c0f964e550} 'getCOROUTINE_SUSPENDED' '()Ljava/lang/Object;' in 'kotlin/coroutines/intrinsics/IntrinsicsKt__IntrinsicsKt')}
  0x000001c0dca2844c: efff ff49 | ba48 e564 | f9c0 0100 | 004c 8954 | 2408 48c7 | 0424 ffff 

  0x000001c0dca28464: ;   {runtime_call counter_overflow Runtime1 stub}
  0x000001c0dca28464: ffff e895 

  0x000001c0dca28468: ; ImmutableOopMap {rax=Oop [120]=Oop }
                      ;*synchronization entry
                      ; - kotlin.coroutines.intrinsics.IntrinsicsKt__IntrinsicsKt::getCOROUTINE_SUSPENDED@-1 (line 57)
                      ; - kotlinx.coroutines.intrinsics.UndispatchedKt::startUndspatched@88 (line 82)
  0x000001c0dca28468: aa89 06e9 | dbef ffff 

  0x000001c0dca28470: ;   {runtime_call throw_null_pointer_exception Runtime1 stub}
  0x000001c0dca28470: e88b 4989 

  0x000001c0dca28474: ; ImmutableOopMap {rax=Oop rdx=Oop [120]=Oop }
                      ;*invokevirtual makeCompletingOnce$kotlinx_coroutines_core {reexecute=0 rethrow=0 return_oop=0}
                      ; - kotlinx.coroutines.intrinsics.UndispatchedKt::startUndspatched@101 (line 83)
  0x000001c0dca28474: 0648 8904 

  0x000001c0dca28478: ;   {runtime_call throw_class_cast_exception Runtime1 stub}
  0x000001c0dca28478: 24e8 826d 

  0x000001c0dca2847c: ; ImmutableOopMap {rax=Oop [120]=Oop [144]=Oop }
                      ;*checkcast {reexecute=0 rethrow=0 return_oop=0}
                      ; - kotlinx.coroutines.intrinsics.UndispatchedKt::startUndspatched@138 (line 88)
                      ;   {runtime_call throw_null_pointer_exception Runtime1 stub}
  0x000001c0dca2847c: 8906 e87d 

  0x000001c0dca28480: ; ImmutableOopMap {rax=Oop [120]=Oop [144]=Oop }
                      ;*getfield cause {reexecute=1 rethrow=0 return_oop=0}
                      ; - (reexecute) kotlinx.coroutines.intrinsics.UndispatchedKt::startUndspatched@141 (line 88)
                      ;   {metadata({method} {0x000001c0f980bac0} 'notOwnTimeout' '(Lkotlinx/coroutines/internal/ScopeCoroutine;Ljava/lang/Throwable;)Z' in 'kotlinx/coroutines/intrinsics/UndispatchedKt')}
  0x000001c0dca28480: 4989 0649 | bab8 ba80 | f9c0 0100 | 004c 8954 | 2408 48c7 | 0424 ffff 

  0x000001c0dca28498: ;   {runtime_call counter_overflow Runtime1 stub}
  0x000001c0dca28498: ffff e861 

  0x000001c0dca2849c: ; ImmutableOopMap {rax=Oop rdx=Oop [120]=Oop [144]=Oop }
                      ;*synchronization entry
                      ; - kotlinx.coroutines.intrinsics.UndispatchedKt::notOwnTimeout@-1 (line 98)
                      ; - kotlinx.coroutines.intrinsics.UndispatchedKt::startUndspatched@144 (line 88)
  0x000001c0dca2849c: aa89 06e9 | b0f3 ffff | 4889 1424 

  0x000001c0dca284a8: ;   {runtime_call throw_class_cast_exception Runtime1 stub}
  0x000001c0dca284a8: e853 6d89 

  0x000001c0dca284ac: ; ImmutableOopMap {rax=Oop r8=Oop [120]=Oop [144]=Oop }
                      ;*checkcast {reexecute=0 rethrow=0 return_oop=0}
                      ; - kotlinx.coroutines.intrinsics.UndispatchedKt::notOwnTimeout@8 (line 98)
                      ; - kotlinx.coroutines.intrinsics.UndispatchedKt::startUndspatched@144 (line 88)
                      ;   {runtime_call throw_null_pointer_exception Runtime1 stub}
  0x000001c0dca284ac: 06e8 4e49 

  0x000001c0dca284b0: ; ImmutableOopMap {rax=Oop r8=Oop [120]=Oop [144]=Oop }
                      ;*getfield coroutine {reexecute=1 rethrow=0 return_oop=0}
                      ; - (reexecute) kotlinx.coroutines.intrinsics.UndispatchedKt::notOwnTimeout@11 (line 98)
                      ; - kotlinx.coroutines.intrinsics.UndispatchedKt::startUndspatched@144 (line 88)
  0x000001c0dca284b0: 8906 4889 

  0x000001c0dca284b4: ;   {runtime_call throw_class_cast_exception Runtime1 stub}
  0x000001c0dca284b4: 0424 e845 

  0x000001c0dca284b8: ; ImmutableOopMap {r8=Oop [120]=Oop }
                      ;*checkcast {reexecute=0 rethrow=0 return_oop=0}
                      ; - kotlinx.coroutines.intrinsics.UndispatchedKt::startUndspatched@152 (line 88)
                      ;   {runtime_call throw_null_pointer_exception Runtime1 stub}
  0x000001c0dca284b8: 6d89 06e8 

  0x000001c0dca284bc: ; ImmutableOopMap {r8=Oop [120]=Oop }
                      ;*getfield cause {reexecute=1 rethrow=0 return_oop=0}
                      ; - (reexecute) kotlinx.coroutines.intrinsics.UndispatchedKt::startUndspatched@155 (line 88)
  0x000001c0dca284bc: 4049 8906 

  0x000001c0dca284c0: ;   {metadata({method} {0x000001c0f9635f18} 'getRECOVER_STACK_TRACES' '()Z' in 'kotlinx/coroutines/DebugKt')}
  0x000001c0dca284c0: 49ba 105f | 63f9 c001 | 0000 4c89 | 5424 0848 | c704 24ff 

  0x000001c0dca284d4: ;   {runtime_call counter_overflow Runtime1 stub}
  0x000001c0dca284d4: ffff ffe8 

  0x000001c0dca284d8: ; ImmutableOopMap {rdx=Oop rax=Oop }
                      ;*synchronization entry
                      ; - kotlinx.coroutines.DebugKt::getRECOVER_STACK_TRACES@-1 (line 77)
                      ; - kotlinx.coroutines.intrinsics.UndispatchedKt::startUndspatched@169 (line 113)
  0x000001c0dca284d8: 24aa 8906 | e939 f7ff | ff48 8904 

  0x000001c0dca284e4: ;   {runtime_call throw_class_cast_exception Runtime1 stub}
  0x000001c0dca284e4: 24e8 166d 

  0x000001c0dca284e8: ; ImmutableOopMap {r8=Oop [120]=Oop }
                      ;*checkcast {reexecute=0 rethrow=0 return_oop=0}
                      ; - kotlinx.coroutines.intrinsics.UndispatchedKt::startUndspatched@209 (line 89)
                      ;   {runtime_call throw_null_pointer_exception Runtime1 stub}
  0x000001c0dca284e8: 8906 e811 

  0x000001c0dca284ec: ; ImmutableOopMap {r8=Oop [120]=Oop }
                      ;*getfield cause {reexecute=1 rethrow=0 return_oop=0}
                      ; - (reexecute) kotlinx.coroutines.intrinsics.UndispatchedKt::startUndspatched@212 (line 89)
                      ;   {metadata({method} {0x000001c0f9635f18} 'getRECOVER_STACK_TRACES' '()Z' in 'kotlinx/coroutines/DebugKt')}
  0x000001c0dca284ec: 4989 0649 | ba10 5f63 | f9c0 0100 | 004c 8954 | 2408 48c7 | 0424 ffff 

  0x000001c0dca28504: ;   {runtime_call counter_overflow Runtime1 stub}
  0x000001c0dca28504: ffff e8f5 

  0x000001c0dca28508: ; ImmutableOopMap {rdx=Oop rax=Oop }
                      ;*synchronization entry
                      ; - kotlinx.coroutines.DebugKt::getRECOVER_STACK_TRACES@-1 (line 77)
                      ; - kotlinx.coroutines.intrinsics.UndispatchedKt::startUndspatched@226 (line 115)
  0x000001c0dca28508: a989 06e9 | 7bf9 ffff 

  0x000001c0dca28510: ;   {metadata({method} {0x000001c0f96462f8} 'unboxState' '(Ljava/lang/Object;)Ljava/lang/Object;' in 'kotlinx/coroutines/JobSupportKt')}
  0x000001c0dca28510: 49ba f062 | 64f9 c001 | 0000 4c89 | 5424 0848 | c704 24ff 

  0x000001c0dca28524: ;   {runtime_call counter_overflow Runtime1 stub}
  0x000001c0dca28524: ffff ffe8 

  0x000001c0dca28528: ; ImmutableOopMap {rax=Oop }
                      ;*synchronization entry
                      ; - kotlinx.coroutines.JobSupportKt::unboxState@-1 (line 1395)
                      ; - kotlinx.coroutines.intrinsics.UndispatchedKt::startUndspatched@263 (line 93)
  0x000001c0dca28528: d4a9 8906 | e9ad f9ff | ff48 8904 

  0x000001c0dca28534: ;   {runtime_call throw_class_cast_exception Runtime1 stub}
  0x000001c0dca28534: 24e8 c66c 

  0x000001c0dca28538: ; ImmutableOopMap {rax=Oop }
                      ;*checkcast {reexecute=0 rethrow=0 return_oop=0}
                      ; - kotlinx.coroutines.JobSupportKt::unboxState@8 (line 1395)
                      ; - kotlinx.coroutines.intrinsics.UndispatchedKt::startUndspatched@263 (line 93)
                      ;   {runtime_call throw_null_pointer_exception Runtime1 stub}
  0x000001c0dca28538: 8906 e8c1 

  0x000001c0dca2853c: ; ImmutableOopMap {rax=Oop }
                      ;*getfield state {reexecute=1 rethrow=0 return_oop=0}
                      ; - (reexecute) kotlinx.coroutines.JobSupportKt::unboxState@19 (line 1395)
                      ; - kotlinx.coroutines.intrinsics.UndispatchedKt::startUndspatched@263 (line 93)
                      ;   {internal_word}
  0x000001c0dca2853c: 4889 0649 | ba96 81a2 | dcc0 0100 | 004d 8997 | 6804 0000 

  0x000001c0dca28550: ;   {runtime_call SafepointBlob}
  0x000001c0dca28550: e92b cf7d 

  0x000001c0dca28554: ;   {metadata({method} {0x000001c0f964e550} 'getCOROUTINE_SUSPENDED' '()Ljava/lang/Object;' in 'kotlin/coroutines/intrinsics/IntrinsicsKt__IntrinsicsKt')}
  0x000001c0dca28554: 0649 ba48 | e564 f9c0 | 0100 004c | 8954 2408 | 48c7 0424 | ffff ffff 

  0x000001c0dca2856c: ;   {runtime_call counter_overflow Runtime1 stub}
  0x000001c0dca2856c: e88f a989 

  0x000001c0dca28570: ; ImmutableOopMap {}
                      ;*synchronization entry
                      ; - kotlin.coroutines.intrinsics.IntrinsicsKt__IntrinsicsKt::getCOROUTINE_SUSPENDED@-1 (line 57)
                      ; - kotlinx.coroutines.intrinsics.UndispatchedKt::startUndspatched@114 (line 84)
  0x000001c0dca28570: 06e9 67fc 

  0x000001c0dca28574: ;   {internal_word}
  0x000001c0dca28574: ffff 49ba | ef81 a2dc | c001 0000 | 4d89 9768 

  0x000001c0dca28584: ;   {runtime_call SafepointBlob}
  0x000001c0dca28584: 0400 00e9 | f4ce 7d06 

  0x000001c0dca2858c: ;   {metadata({method} {0x000001c0f964e550} 'getCOROUTINE_SUSPENDED' '()Ljava/lang/Object;' in 'kotlin/coroutines/intrinsics/IntrinsicsKt__IntrinsicsKt')}
  0x000001c0dca2858c: 49ba 48e5 | 64f9 c001 | 0000 4c89 | 5424 0848 | c704 24ff 

  0x000001c0dca285a0: ;   {runtime_call counter_overflow Runtime1 stub}
  0x000001c0dca285a0: ffff ffe8 

  0x000001c0dca285a4: ; ImmutableOopMap {}
                      ;*synchronization entry
                      ; - kotlin.coroutines.intrinsics.IntrinsicsKt__IntrinsicsKt::getCOROUTINE_SUSPENDED@-1 (line 57)
                      ; - kotlinx.coroutines.intrinsics.UndispatchedKt::startUndspatched@94 (line 82)
  0x000001c0dca285a4: 58a9 8906 | e989 fcff 

  0x000001c0dca285ac: ;   {internal_word}
  0x000001c0dca285ac: ff49 ba48 | 82a2 dcc0 | 0100 004d | 8997 6804 

  0x000001c0dca285bc: ;   {runtime_call SafepointBlob}
  0x000001c0dca285bc: 0000 e9bd 

  0x000001c0dca285c0: ;   {runtime_call throw_null_pointer_exception Runtime1 stub}
  0x000001c0dca285c0: ce7d 06e8 

  0x000001c0dca285c4: ; ImmutableOopMap {rdx=Oop }
                      ;*athrow {reexecute=1 rethrow=0 return_oop=0}
                      ; - (reexecute) kotlinx.coroutines.intrinsics.UndispatchedKt::startUndspatched@255 (line 116)
  0x000001c0dca285c4: 3848 8906 

  0x000001c0dca285c8: ;   {runtime_call throw_null_pointer_exception Runtime1 stub}
  0x000001c0dca285c8: e833 4889 

  0x000001c0dca285cc: ; ImmutableOopMap {rdx=Oop }
                      ;*athrow {reexecute=1 rethrow=0 return_oop=0}
                      ; - (reexecute) kotlinx.coroutines.intrinsics.UndispatchedKt::startUndspatched@198 (line 114)
                      ;   {metadata(nullptr)}
  0x000001c0dca285cc: 0648 ba00 | 0000 0000 | 0000 00b8 | 000f 050a 

  0x000001c0dca285dc: ;   {runtime_call load_klass_patching Runtime1 stub}
  0x000001c0dca285dc: e89f 9889 

  0x000001c0dca285e0: ; ImmutableOopMap {}
                      ;*new {reexecute=1 rethrow=0 return_oop=0}
                      ; - (reexecute) kotlinx.coroutines.intrinsics.UndispatchedKt::startUndspatched@58 (line 70)
  0x000001c0dca285e0: 06e9 f2fc 

  0x000001c0dca285e4: ;   {runtime_call throw_null_pointer_exception Runtime1 stub}
  0x000001c0dca285e4: ffff e815 

  0x000001c0dca285e8: ; ImmutableOopMap {}
                      ;*new {reexecute=0 rethrow=0 return_oop=0}
                      ; - kotlinx.coroutines.intrinsics.UndispatchedKt::startUndspatched@58 (line 70)
  0x000001c0dca285e8: 4889 0648 

  0x000001c0dca285ec: ;   {runtime_call fast_new_instance_init_check Runtime1 stub}
  0x000001c0dca285ec: 8bd2 e80d 

  0x000001c0dca285f0: ; ImmutableOopMap {}
                      ;*new {reexecute=0 rethrow=0 return_oop=0}
                      ; - kotlinx.coroutines.intrinsics.UndispatchedKt::startUndspatched@58 (line 70)
  0x000001c0dca285f0: 5489 06e9 | 45fd ffff | 498b 8700 | 0500 0049 | c787 0005 | 0000 0000 | 0000 49c7 | 8708 0500 
  0x000001c0dca28610: 0000 0000 | 0048 81c4 | b000 0000 

  0x000001c0dca2861c: ;   {runtime_call unwind_exception Runtime1 stub}
  0x000001c0dca2861c: 5de9 de2f | 8906 f4f4 | f4f4 f4f4 
[Stub Code]
  0x000001c0dca28628: ;   {no_reloc}
  0x000001c0dca28628: 0f1f 4400 

  0x000001c0dca2862c: ;   {static_stub}
  0x000001c0dca2862c: 0048 bb00 | 0000 0000 

  0x000001c0dca28634: ;   {runtime_call nmethod}
  0x000001c0dca28634: 0000 00e9 | fbff ffff 

  0x000001c0dca2863c: ;   {static_stub}
  0x000001c0dca2863c: 9048 bb00 | 0000 0000 

  0x000001c0dca28644: ;   {runtime_call nmethod}
  0x000001c0dca28644: 0000 00e9 | fbff ffff 

  0x000001c0dca2864c: ;   {static_stub}
  0x000001c0dca2864c: 9048 bb00 | 0000 0000 

  0x000001c0dca28654: ;   {runtime_call nmethod}
  0x000001c0dca28654: 0000 00e9 | fbff ffff 

  0x000001c0dca2865c: ;   {static_stub}
  0x000001c0dca2865c: 48bb 0000 | 0000 0000 

  0x000001c0dca28664: ;   {runtime_call nmethod}
  0x000001c0dca28664: 0000 e9fb 

  0x000001c0dca28668: ;   {static_stub}
  0x000001c0dca28668: ffff ff48 | bb00 0000 | 0000 0000 

  0x000001c0dca28674: ;   {runtime_call nmethod}
  0x000001c0dca28674: 00e9 fbff 

  0x000001c0dca28678: ;   {static_stub}
  0x000001c0dca28678: ffff 48bb | 0000 0000 | 0000 0000 

  0x000001c0dca28684: ;   {runtime_call nmethod}
  0x000001c0dca28684: e9fb ffff 

  0x000001c0dca28688: ;   {static_stub}
  0x000001c0dca28688: ff48 bb00 | 0000 0000 

  0x000001c0dca28690: ;   {runtime_call nmethod}
  0x000001c0dca28690: 0000 00e9 | fbff ffff 
[Exception Handler]
  0x000001c0dca28698: ;   {runtime_call handle_exception_from_callee Runtime1 stub}
  0x000001c0dca28698: e863 6589 

  0x000001c0dca2869c: ;   {external_word}
  0x000001c0dca2869c: 0648 b940 | 6331 f6fa | 7f00 0048 

  0x000001c0dca286a8: ;   {runtime_call}
  0x000001c0dca286a8: 83e4 f048 | b8d0 c4f3 | f5fa 7f00 | 00ff d0f4 
[Deopt Handler Code]
  0x000001c0dca286b8: ;   {section_word}
  0x000001c0dca286b8: 49ba b886 | a2dc c001 | 0000 4152 

  0x000001c0dca286c4: ;   {runtime_call DeoptimizationBlob}
  0x000001c0dca286c4: e957 c07d | 06f4 f4f4 | f4f4 f4f4 
[/MachCode]


Compiled method (c1) 20617 9002   !   3       kotlinx.coroutines.BuildersKt__Builders_commonKt::withContext (203 bytes)
 total in heap  [0x000001c0dcd36b90,0x000001c0dcd399b8] = 11816
 relocation     [0x000001c0dcd36cf0,0x000001c0dcd36fe0] = 752
 main code      [0x000001c0dcd36fe0,0x000001c0dcd38c88] = 7336
 stub code      [0x000001c0dcd38c88,0x000001c0dcd38e08] = 384
 oops           [0x000001c0dcd38e08,0x000001c0dcd38e38] = 48
 metadata       [0x000001c0dcd38e38,0x000001c0dcd38ef8] = 192
 scopes data    [0x000001c0dcd38ef8,0x000001c0dcd394f0] = 1528
 scopes pcs     [0x000001c0dcd394f0,0x000001c0dcd39930] = 1088
 dependencies   [0x000001c0dcd39930,0x000001c0dcd39940] = 16
 handler table  [0x000001c0dcd39940,0x000001c0dcd39958] = 24
 nul chk table  [0x000001c0dcd39958,0x000001c0dcd399b8] = 96

[Constant Pool (empty)]

[MachCode]
[Verified Entry Point]
  # {method} {0x000001c0f962b428} 'withContext' '(Lkotlin/coroutines/CoroutineContext;Lkotlin/jvm/functions/Function2;Lkotlin/coroutines/Continuation;)Ljava/lang/Object;' in 'kotlinx/coroutines/BuildersKt__Builders_commonKt'
  # parm0:    rdx:rdx   = 'kotlin/coroutines/CoroutineContext'
  # parm1:    r8:r8     = 'kotlin/jvm/functions/Function2'
  # parm2:    r9:r9     = 'kotlin/coroutines/Continuation'
  #           [sp+0x140]  (sp of caller)
  0x000001c0dcd36fe0: 8984 2400 | 80ff ff55 | 4881 ec30 | 0100 0090 | 4181 7f20 | 0f00 0000 

  0x000001c0dcd36ff8: ;   {runtime_call StubRoutines (final stubs)}
  0x000001c0dcd36ff8: 7405 e8e1 | f44a 0648 | 8994 2498 | 0000 004c | 8984 24a8 | 0000 004c | 898c 24a0 

  0x000001c0dcd37014: ;   {metadata(method data for {method} {0x000001c0f962b428} 'withContext' '(Lkotlin/coroutines/CoroutineContext;Lkotlin/jvm/functions/Function2;Lkotlin/coroutines/Continuation;)Ljava/lang/Object;' in 'kotlinx/coroutines/BuildersKt__Builders_commonKt')}
  0x000001c0dcd37014: 0000 0048 | beb0 ece9 | fcc0 0100 | 008b becc | 0000 0083 | c702 89be | cc00 0000 | 81e7 fe07 
  0x000001c0dcd37034: 0000 85ff | 0f84 1b18 | 0000 493b | 0149 8bf1 

  0x000001c0dcd37044: ;   {metadata(method data for {method} {0x000001c0f962b428} 'withContext' '(Lkotlin/coroutines/CoroutineContext;Lkotlin/jvm/functions/Function2;Lkotlin/coroutines/Continuation;)Ljava/lang/Object;' in 'kotlinx/coroutines/BuildersKt__Builders_commonKt')}
  0x000001c0dcd37044: 48bf b0ec | e9fc c001 | 0000 8b76 | 0849 ba00 | 0000 80c0 | 0100 0049 | 03f2 483b | b720 0100 
  0x000001c0dcd37064: 0075 0d48 | 8387 2801 | 0000 01e9 | 6000 0000 | 483b b730 | 0100 0075 | 0d48 8387 | 3801 0000 
  0x000001c0dcd37084: 01e9 4a00 | 0000 4883 | bf20 0100 | 0000 7517 | 4889 b720 | 0100 0048 | c787 2801 | 0000 0100 
  0x000001c0dcd370a4: 0000 e929 | 0000 0048 | 83bf 3001 | 0000 0075 | 1748 89b7 | 3001 0000 | 48c7 8738 | 0100 0001 
  0x000001c0dcd370c4: 0000 00e9 | 0800 0000 | 4883 8710 | 0100 0001 | 498b d166 | 0f1f 4400 | 0048 b840 | 2c68 ccc0 
  0x000001c0dcd370e4: ;   {virtual_call}
  0x000001c0dcd370e4: 0100 00e8 

  0x000001c0dcd370e8: ; ImmutableOopMap {[152]=Oop [160]=Oop [168]=Oop }
                      ;*invokeinterface getContext {reexecute=0 rethrow=0 return_oop=0}
                      ; - kotlinx.coroutines.BuildersKt__Builders_commonKt::withContext@6 (line 149)
  0x000001c0dcd370e8: 54dd 5806 

  0x000001c0dcd370ec: ;   {other}
  0x000001c0dcd370ec: 0f1f 8400 | 5c05 0000 | 4889 8424 | b000 0000 

  0x000001c0dcd370fc: ;   {metadata(method data for {method} {0x000001c0f962b428} 'withContext' '(Lkotlin/coroutines/CoroutineContext;Lkotlin/jvm/functions/Function2;Lkotlin/coroutines/Continuation;)Ljava/lang/Object;' in 'kotlinx/coroutines/BuildersKt__Builders_commonKt')}
  0x000001c0dcd370fc: 49b8 b0ec | e9fc c001 | 0000 4983 | 8048 0100 

  0x000001c0dcd3710c: ;   {metadata(method data for {method} {0x000001c0f962dda0} 'newCoroutineContext' '(Lkotlin/coroutines/CoroutineContext;Lkotlin/coroutines/CoroutineContext;)Lkotlin/coroutines/CoroutineContext;' in 'kotlinx/coroutines/CoroutineContextKt')}
  0x000001c0dcd3710c: 0001 49b8 | e8fb e9fc | c001 0000 | 458b 88cc | 0000 0041 | 83c1 0245 | 8988 cc00 | 0000 4181 
  0x000001c0dcd3712c: e1fe ff1f | 0045 85c9 | 0f84 4517 

  0x000001c0dcd37138: ;   {metadata(method data for {method} {0x000001c0f962dda0} 'newCoroutineContext' '(Lkotlin/coroutines/CoroutineContext;Lkotlin/coroutines/CoroutineContext;)Lkotlin/coroutines/CoroutineContext;' in 'kotlinx/coroutines/CoroutineContextKt')}
  0x000001c0dcd37138: 0000 49b8 | e8fb e9fc | c001 0000 | 4983 8010 | 0100 0001 

  0x000001c0dcd3714c: ;   {metadata(method data for {method} {0x000001c0f962de68} 'hasCopyableElements' '(Lkotlin/coroutines/CoroutineContext;)Z' in 'kotlinx/coroutines/CoroutineContextKt')}
  0x000001c0dcd3714c: 49b8 88db | cbfb c001 | 0000 458b | 88cc 0000 | 0041 83c1 | 0245 8988 | cc00 0000 | 4181 e1fe 
  0x000001c0dcd3716c: ff1f 0045 | 85c9 0f84 | 2817 0000 

  0x000001c0dcd37178: ;   {metadata(method data for {method} {0x000001c0f962de68} 'hasCopyableElements' '(Lkotlin/coroutines/CoroutineContext;)Z' in 'kotlinx/coroutines/CoroutineContextKt')}
  0x000001c0dcd37178: 49b8 88db | cbfb c001 | 0000 4983 | 8010 0100 

  0x000001c0dcd37188: ;   {metadata(method data for {method} {0x000001c08046dc30} 'valueOf' '(Z)Ljava/lang/Boolean;' in 'java/lang/Boolean')}
  0x000001c0dcd37188: 0001 49b8 | 2050 b9f9 | c001 0000 | 458b 88cc | 0000 0041 | 83c1 0245 | 8988 cc00 | 0000 4181 
  0x000001c0dcd371a8: e1fe ff1f | 0045 85c9 | 0f84 0b17 

  0x000001c0dcd371b4: ;   {metadata(method data for {method} {0x000001c08046dc30} 'valueOf' '(Z)Ljava/lang/Boolean;' in 'java/lang/Boolean')}
  0x000001c0dcd371b4: 0000 49b8 | 2050 b9f9 | c001 0000 | 41ff 8010 | 0100 0048 | 8b94 2498 

  0x000001c0dcd371cc: ;   {metadata(method data for {method} {0x000001c0800ad9c0} 'linkToTargetMethod' '(Ljava/lang/Object;)Ljava/lang/Object;' in 'java/lang/invoke/Invokers$Holder')}
  0x000001c0dcd371cc: 0000 0049 | b858 9ad2 | f9c0 0100 | 004d 8d80 | e801 0000 

  0x000001c0dcd371e0: ;   {oop(a 'java/lang/invoke/BoundMethodHandle$Species_L'{0x0000000604f89d88})}
  0x000001c0dcd371e0: 49b9 889d | f804 0600 | 0000 4d85 | c975 0b41 | f600 0175 | 05f0 4983 

  0x000001c0dcd371f8: ;   {metadata(method data for {method} {0x000001c0f962de68} 'hasCopyableElements' '(Lkotlin/coroutines/CoroutineContext;)Z' in 'kotlinx/coroutines/CoroutineContextKt')}
  0x000001c0dcd371f8: 0801 49b8 | 88db cbfb | c001 0000 | 4983 8020 | 0100 0001 

  0x000001c0dcd3720c: ;   {metadata(method data for {method} {0x000001c0800ad9c0} 'linkToTargetMethod' '(Ljava/lang/Object;)Ljava/lang/Object;' in 'java/lang/invoke/Invokers$Holder')}
  0x000001c0dcd3720c: 49b8 589a | d2f9 c001 | 0000 418b | b0cc 0000 | 0083 c602 | 4189 b0cc | 0000 0081 | e6fe ff1f 
  0x000001c0dcd3722c: 0085 f60f | 84ad 1600 

  0x000001c0dcd37234: ;   {metadata(method data for {method} {0x000001c0f9400228} 'invoke' '(Ljava/lang/Object;)Ljava/lang/Object;' in 'java/lang/invoke/LambdaForm$MH+0x000001c081000400')}
  0x000001c0dcd37234: 0049 b848 | 0440 f9c0 | 0100 004d | 8d80 a001 | 0000 4d85 | c975 0b41 | f600 0175 | 05f0 4983 
  0x000001c0dcd37254: ;   {metadata(method data for {method} {0x000001c0800ad9c0} 'linkToTargetMethod' '(Ljava/lang/Object;)Ljava/lang/Object;' in 'java/lang/invoke/Invokers$Holder')}
  0x000001c0dcd37254: 0801 49b8 | 589a d2f9 | c001 0000 | 4983 8048 | 0100 0001 

  0x000001c0dcd37268: ;   {metadata(method data for {method} {0x000001c0f9400228} 'invoke' '(Ljava/lang/Object;)Ljava/lang/Object;' in 'java/lang/invoke/LambdaForm$MH+0x000001c081000400')}
  0x000001c0dcd37268: 49b8 4804 | 40f9 c001 | 0000 458b | 88cc 0000 | 0041 83c1 | 0245 8988 | cc00 0000 | 4181 e1fe 
  0x000001c0dcd37288: ff1f 0045 | 85c9 0f84 | 6f16 0000 

  0x000001c0dcd37294: ;   {metadata(method data for {method} {0x000001c0800ad9c0} 'linkToTargetMethod' '(Ljava/lang/Object;)Ljava/lang/Object;' in 'java/lang/invoke/Invokers$Holder')}
  0x000001c0dcd37294: 49b8 589a | d2f9 c001 | 0000 4d8d | 8080 0100 

  0x000001c0dcd372a4: ;   {oop(a 'kotlinx/coroutines/CoroutineContextKt$$Lambda+0x000001c0810c9908'{0x0000000604f89db0})}
  0x000001c0dcd372a4: 0049 b9b0 | 9df8 0406 | 0000 004d | 85c9 750b | 41f6 0001 | 7505 f049 

  0x000001c0dcd372bc: ;   {metadata(method data for {method} {0x000001c0f962de68} 'hasCopyableElements' '(Lkotlin/coroutines/CoroutineContext;)Z' in 'kotlinx/coroutines/CoroutineContextKt')}
  0x000001c0dcd372bc: 8308 0149 | b888 dbcb | fbc0 0100 | 004d 8d80 | 3001 0000 | 4d85 c975 | 0b41 f600 | 0175 05f0 
  0x000001c0dcd372dc: 4983 0801 

  0x000001c0dcd372e0: ; implicit exception: dispatches to 0x000001c0dcd38924
  0x000001c0dcd372e0: 483b 024c 

  0x000001c0dcd372e4: ;   {metadata(method data for {method} {0x000001c0f962de68} 'hasCopyableElements' '(Lkotlin/coroutines/CoroutineContext;)Z' in 'kotlinx/coroutines/CoroutineContextKt')}
  0x000001c0dcd372e4: 8bc2 48be | 88db cbfb | c001 0000 | 458b 4008 | 49ba 0000 | 0080 c001 | 0000 4d03 | c24c 3b86 
  0x000001c0dcd37304: 5001 0000 | 750d 4883 | 8658 0100 | 0001 e960 | 0000 004c | 3b86 6001 | 0000 750d | 4883 8668 
  0x000001c0dcd37324: 0100 0001 | e94a 0000 | 0048 83be | 5001 0000 | 0075 174c | 8986 5001 | 0000 48c7 | 8658 0100 
  0x000001c0dcd37344: 0001 0000 | 00e9 2900 | 0000 4883 | be60 0100 | 0000 7517 | 4c89 8660 | 0100 0048 | c786 6801 
  0x000001c0dcd37364: 0000 0100 | 0000 e908 | 0000 0048 | 8386 4001 

  0x000001c0dcd37374: ;   {oop(a 'java/lang/Boolean'{0x0000000604667a90} = false)}
  0x000001c0dcd37374: 0000 0149 | b890 7a66 | 0406 0000 | 0048 8bf2 | 488b d666 | 0f1f 4400 | 0048 b870 | 2c68 ccc0 
  0x000001c0dcd37394: ;   {virtual_call}
  0x000001c0dcd37394: 0100 00e8 

  0x000001c0dcd37398: ; ImmutableOopMap {[152]=Oop [160]=Oop [168]=Oop [176]=Oop }
                      ;*invokeinterface fold {reexecute=0 rethrow=0 return_oop=0}
                      ; - kotlinx.coroutines.CoroutineContextKt::hasCopyableElements@10 (line 36)
                      ; - kotlinx.coroutines.CoroutineContextKt::newCoroutineContext@1 (line 31)
                      ; - kotlinx.coroutines.BuildersKt__Builders_commonKt::withContext@16 (line 151)
  0x000001c0dcd37398: 44dc 5806 

  0x000001c0dcd3739c: ;   {other}
  0x000001c0dcd3739c: 0f1f 8400 | 0c08 0001 | 4885 c075 

  0x000001c0dcd373a8: ;   {metadata(method data for {method} {0x000001c0f962de68} 'hasCopyableElements' '(Lkotlin/coroutines/CoroutineContext;)Z' in 'kotlinx/coroutines/CoroutineContextKt')}
  0x000001c0dcd373a8: 1648 be88 | dbcb fbc0 | 0100 0080 | 8e71 0100 | 0001 e9cc 

  0x000001c0dcd373bc: ;   {metadata('java/lang/Boolean')}
  0x000001c0dcd373bc: 0000 0048 | bf78 6000 | 80c0 0100 | 008b 5008 | 49ba 0000 | 0080 c001 | 0000 4903 | d248 3bfa 
  0x000001c0dcd373dc: 0f85 8d00 

  0x000001c0dcd373e0: ;   {metadata(method data for {method} {0x000001c0f962de68} 'hasCopyableElements' '(Lkotlin/coroutines/CoroutineContext;)Z' in 'kotlinx/coroutines/CoroutineContextKt')}
  0x000001c0dcd373e0: 0000 48be | 88db cbfb | c001 0000 | 8b78 0849 | ba00 0000 | 80c0 0100 | 0049 03fa | 483b be88 
  0x000001c0dcd37400: 0100 0075 | 0d48 8386 | 9001 0000 | 01e9 7900 | 0000 483b | be98 0100 | 0075 0d48 | 8386 a001 
  0x000001c0dcd37420: 0000 01e9 | 6300 0000 | 4883 be88 | 0100 0000 | 7517 4889 | be88 0100 | 0048 c786 | 9001 0000 
  0x000001c0dcd37440: 0100 0000 | e942 0000 | 0048 83be | 9801 0000 | 0075 1748 | 89be 9801 | 0000 48c7 | 86a0 0100 
  0x000001c0dcd37460: 0001 0000 | 00e9 2100 | 0000 e91c 

  0x000001c0dcd3746c: ;   {metadata(method data for {method} {0x000001c0f962de68} 'hasCopyableElements' '(Lkotlin/coroutines/CoroutineContext;)Z' in 'kotlinx/coroutines/CoroutineContextKt')}
  0x000001c0dcd3746c: 0000 0048 | be88 dbcb | fbc0 0100 | 0048 83ae | 7801 0000 | 01e9 a314 | 0000 e900 | 0000 004c 
  0x000001c0dcd3748c: 8bc0 493b | 0049 8bd0 

  0x000001c0dcd37494: ;   {metadata(method data for {method} {0x000001c0f962de68} 'hasCopyableElements' '(Lkotlin/coroutines/CoroutineContext;)Z' in 'kotlinx/coroutines/CoroutineContextKt')}
  0x000001c0dcd37494: 48be 88db | cbfb c001 | 0000 4883 | 86b0 0100 | 0001 450f | be40 0c41 | 83e0 0141 | 83e0 0145 
  0x000001c0dcd374b4: ;   {metadata(method data for {method} {0x000001c0f962dda0} 'newCoroutineContext' '(Lkotlin/coroutines/CoroutineContext;Lkotlin/coroutines/CoroutineContext;)Lkotlin/coroutines/CoroutineContext;' in 'kotlinx/coroutines/CoroutineContextKt')}
  0x000001c0dcd374b4: 85c0 49b8 | e8fb e9fc | c001 0000 | 48c7 c220 | 0100 0075 | 0748 c7c2 | 3001 0000 | 498b 3410 
  0x000001c0dcd374d4: 488d 7601 | 4989 3410 | 0f85 c700 | 0000 488b | 8424 b000 | 0000 483b | 004c 8bc0 

  0x000001c0dcd374f0: ;   {metadata(method data for {method} {0x000001c0f962dda0} 'newCoroutineContext' '(Lkotlin/coroutines/CoroutineContext;Lkotlin/coroutines/CoroutineContext;)Lkotlin/coroutines/CoroutineContext;' in 'kotlinx/coroutines/CoroutineContextKt')}
  0x000001c0dcd374f0: 48ba e8fb | e9fc c001 | 0000 458b | 4008 49ba | 0000 0080 | c001 0000 | 4d03 c24c | 3b82 5001 
  0x000001c0dcd37510: 0000 750d | 4883 8258 | 0100 0001 | e960 0000 | 004c 3b82 | 6001 0000 | 750d 4883 | 8268 0100 
  0x000001c0dcd37530: 0001 e94a | 0000 0048 | 83ba 5001 | 0000 0075 | 174c 8982 | 5001 0000 | 48c7 8258 | 0100 0001 
  0x000001c0dcd37550: 0000 00e9 | 2900 0000 | 4883 ba60 | 0100 0000 | 7517 4c89 | 8260 0100 | 0048 c782 | 6801 0000 
  0x000001c0dcd37570: 0100 0000 | e908 0000 | 0048 8382 | 4001 0000 | 014c 8b84 | 2498 0000 | 0048 8bd0 | 9048 b850 
  0x000001c0dcd37590: 0396 cbc0 

  0x000001c0dcd37594: ;   {virtual_call}
  0x000001c0dcd37594: 0100 00e8 

  0x000001c0dcd37598: ; ImmutableOopMap {[160]=Oop [168]=Oop [176]=Oop }
                      ;*invokeinterface plus {reexecute=0 rethrow=0 return_oop=0}
                      ; - kotlinx.coroutines.CoroutineContextKt::newCoroutineContext@9 (line 31)
                      ; - kotlinx.coroutines.BuildersKt__Builders_commonKt::withContext@16 (line 151)
  0x000001c0dcd37598: d4dc 5806 

  0x000001c0dcd3759c: ;   {other}
  0x000001c0dcd3759c: 0f1f 8400 | 0c0a 0002 | e93b 0000 | 004c 8b84 | 2498 0000 

  0x000001c0dcd375b0: ;   {metadata(method data for {method} {0x000001c0f962dda0} 'newCoroutineContext' '(Lkotlin/coroutines/CoroutineContext;Lkotlin/coroutines/CoroutineContext;)Lkotlin/coroutines/CoroutineContext;' in 'kotlinx/coroutines/CoroutineContextKt')}
  0x000001c0dcd375b0: 0048 bae8 | fbe9 fcc0 | 0100 0048 | 8382 7801 | 0000 0148 | 8b94 24b0 | 0000 0041 | b900 0000 
  0x000001c0dcd375d0: 0066 0f1f 

  0x000001c0dcd375d4: ;   {static_call}
  0x000001c0dcd375d4: 4400 00e8 

  0x000001c0dcd375d8: ; ImmutableOopMap {[160]=Oop [168]=Oop [176]=Oop }
                      ;*invokestatic foldCopies {reexecute=0 rethrow=0 return_oop=0}
                      ; - kotlinx.coroutines.CoroutineContextKt::newCoroutineContext@18 (line 32)
                      ; - kotlinx.coroutines.BuildersKt__Builders_commonKt::withContext@16 (line 151)
  0x000001c0dcd375d8: a47a 4c06 

  0x000001c0dcd375dc: ;   {other}
  0x000001c0dcd375dc: 0f1f 8400 | 4c0a 0003 

  0x000001c0dcd375e4: ;   {metadata(method data for {method} {0x000001c0f962b428} 'withContext' '(Lkotlin/coroutines/CoroutineContext;Lkotlin/jvm/functions/Function2;Lkotlin/coroutines/Continuation;)Ljava/lang/Object;' in 'kotlinx/coroutines/BuildersKt__Builders_commonKt')}
  0x000001c0dcd375e4: 49b8 b0ec | e9fc c001 | 0000 4983 | 8058 0100 

  0x000001c0dcd375f4: ;   {metadata(method data for {method} {0x000001c0f968fe50} 'ensureActive' '(Lkotlin/coroutines/CoroutineContext;)V' in 'kotlinx/coroutines/JobKt')}
  0x000001c0dcd375f4: 0001 49b8 | 7087 fffb | c001 0000 | 418b 90cc | 0000 0083 | c202 4189 | 90cc 0000 | 0081 e2fe 
  0x000001c0dcd37614: ff1f 0085 | d20f 841d 

  0x000001c0dcd3761c: ;   {metadata(method data for {method} {0x000001c0f968fe50} 'ensureActive' '(Lkotlin/coroutines/CoroutineContext;)V' in 'kotlinx/coroutines/JobKt')}
  0x000001c0dcd3761c: 1300 0049 | b870 87ff | fbc0 0100 | 0049 8380 | 1001 0000 

  0x000001c0dcd37630: ;   {metadata(method data for {method} {0x000001c0f9692748} 'ensureActive' '(Lkotlin/coroutines/CoroutineContext;)V' in 'kotlinx/coroutines/JobKt__JobKt')}
  0x000001c0dcd37630: 0149 b8d0 | 88ff fbc0 | 0100 0041 | 8b90 cc00 | 0000 83c2 | 0241 8990 | cc00 0000 | 81e2 feff 
  0x000001c0dcd37650: 1f00 85d2 | 0f84 0313 | 0000 483b | 004c 8bc0 

  0x000001c0dcd37660: ;   {metadata(method data for {method} {0x000001c0f9692748} 'ensureActive' '(Lkotlin/coroutines/CoroutineContext;)V' in 'kotlinx/coroutines/JobKt__JobKt')}
  0x000001c0dcd37660: 48ba d088 | fffb c001 | 0000 458b | 4008 49ba | 0000 0080 | c001 0000 | 4d03 c24c | 3b82 5801 
  0x000001c0dcd37680: 0000 750d | 4883 8260 | 0100 0001 | e960 0000 | 004c 3b82 | 6801 0000 | 750d 4883 | 8270 0100 
  0x000001c0dcd376a0: 0001 e94a | 0000 0048 | 83ba 5801 | 0000 0075 | 174c 8982 | 5801 0000 | 48c7 8260 | 0100 0001 
  0x000001c0dcd376c0: 0000 00e9 | 2900 0000 | 4883 ba68 | 0100 0000 | 7517 4c89 | 8268 0100 | 0048 c782 | 7001 0000 
  0x000001c0dcd376e0: 0100 0000 | e908 0000 | 0048 8382 | 4801 0000 

  0x000001c0dcd376f0: ;   {oop(a 'kotlinx/coroutines/Job$Key'{0x0000000604dd5568})}
  0x000001c0dcd376f0: 0149 b868 | 55dd 0406 | 0000 0048 | 8bd0 4889 | 8424 b800 | 0000 0f1f | 8000 0000 | 0048 b890 
  0x000001c0dcd37710: 0596 cbc0 

  0x000001c0dcd37714: ;   {virtual_call}
  0x000001c0dcd37714: 0100 00e8 

  0x000001c0dcd37718: ; ImmutableOopMap {[160]=Oop [168]=Oop [176]=Oop [184]=Oop }
                      ;*invokeinterface get {reexecute=0 rethrow=0 return_oop=0}
                      ; - kotlinx.coroutines.JobKt__JobKt::ensureActive@7 (line 603)
                      ; - kotlinx.coroutines.JobKt::ensureActive@1 (line 1)
                      ; - kotlinx.coroutines.BuildersKt__Builders_commonKt::withContext@23 (line 153)
  0x000001c0dcd37718: 24d7 5806 

  0x000001c0dcd3771c: ;   {other}
  0x000001c0dcd3771c: 0f1f 8400 | 8c0b 0004 | 4885 c075 

  0x000001c0dcd37728: ;   {metadata(method data for {method} {0x000001c0f9692748} 'ensureActive' '(Lkotlin/coroutines/CoroutineContext;)V' in 'kotlinx/coroutines/JobKt__JobKt')}
  0x000001c0dcd37728: 1648 bfd0 | 88ff fbc0 | 0100 0080 | 8f79 0100 | 0001 e9e7 

  0x000001c0dcd3773c: ;   {metadata('kotlinx/coroutines/Job')}
  0x000001c0dcd3773c: 0000 0048 | bbf8 a70c | 81c0 0100 | 008b 7808 | 49ba 0000 | 0080 c001 | 0000 4903 | fa48 3b5f 
  0x000001c0dcd3775c: 200f 841a | 0000 0048 | 3bfb 0f84 | 1100 0000 

  0x000001c0dcd3776c: ;   {runtime_call slow_subtype_check Runtime1 stub}
  0x000001c0dcd3776c: 5753 e88d | 8058 065f | 5f85 ff0f | 848d 0000 

  0x000001c0dcd3777c: ;   {metadata(method data for {method} {0x000001c0f9692748} 'ensureActive' '(Lkotlin/coroutines/CoroutineContext;)V' in 'kotlinx/coroutines/JobKt__JobKt')}
  0x000001c0dcd3777c: 0048 bfd0 | 88ff fbc0 | 0100 008b | 5808 49ba | 0000 0080 | c001 0000 | 4903 da48 | 3b9f 9001 
  0x000001c0dcd3779c: 0000 750d | 4883 8798 | 0100 0001 | e979 0000 | 0048 3b9f | a001 0000 | 750d 4883 | 87a8 0100 
  0x000001c0dcd377bc: 0001 e963 | 0000 0048 | 83bf 9001 | 0000 0075 | 1748 899f | 9001 0000 | 48c7 8798 | 0100 0001 
  0x000001c0dcd377dc: 0000 00e9 | 4200 0000 | 4883 bfa0 | 0100 0000 | 7517 4889 | 9fa0 0100 | 0048 c787 | a801 0000 
  0x000001c0dcd377fc: 0100 0000 | e921 0000 | 00e9 1c00 

  0x000001c0dcd37808: ;   {metadata(method data for {method} {0x000001c0f9692748} 'ensureActive' '(Lkotlin/coroutines/CoroutineContext;)V' in 'kotlinx/coroutines/JobKt__JobKt')}
  0x000001c0dcd37808: 0000 48bf | d088 fffb | c001 0000 | 4883 af80 | 0100 0001 | e962 1100 | 00e9 0000 | 0000 488b 
  0x000001c0dcd37828: f048 85f6 

  0x000001c0dcd3782c: ;   {metadata(method data for {method} {0x000001c0f9692748} 'ensureActive' '(Lkotlin/coroutines/CoroutineContext;)V' in 'kotlinx/coroutines/JobKt__JobKt')}
  0x000001c0dcd3782c: 48ba d088 | fffb c001 | 0000 48c7 | c7b8 0100 | 0074 0748 | c7c7 c801 | 0000 488b | 1c3a 488d 
  0x000001c0dcd3784c: 5b01 4889 | 1c3a 0f84 | 6a01 0000 

  0x000001c0dcd37858: ;   {metadata(method data for {method} {0x000001c0f9692748} 'ensureActive' '(Lkotlin/coroutines/CoroutineContext;)V' in 'kotlinx/coroutines/JobKt__JobKt')}
  0x000001c0dcd37858: 48ba d088 | fffb c001 | 0000 4883 | 82d8 0100 

  0x000001c0dcd37868: ;   {metadata(method data for {method} {0x000001c0f968fda8} 'ensureActive' '(Lkotlinx/coroutines/Job;)V' in 'kotlinx/coroutines/JobKt')}
  0x000001c0dcd37868: 0001 48ba | b078 fefb | c001 0000 | 8bba cc00 | 0000 83c7 | 0289 bacc | 0000 0081 | e7fe ff1f 
  0x000001c0dcd37888: 0085 ff0f | 84fb 1000 

  0x000001c0dcd37890: ;   {metadata(method data for {method} {0x000001c0f968fda8} 'ensureActive' '(Lkotlinx/coroutines/Job;)V' in 'kotlinx/coroutines/JobKt')}
  0x000001c0dcd37890: 0048 bab0 | 78fe fbc0 | 0100 0048 | 8382 1001 

  0x000001c0dcd378a0: ;   {metadata(method data for {method} {0x000001c0f9692678} 'ensureActive' '(Lkotlinx/coroutines/Job;)V' in 'kotlinx/coroutines/JobKt__JobKt')}
  0x000001c0dcd378a0: 0000 0148 | ba10 7afe | fbc0 0100 | 008b bacc | 0000 0083 | c702 89ba | cc00 0000 | 81e7 feff 
  0x000001c0dcd378c0: 1f00 85ff | 0f84 e310 | 0000 483b | 0648 8bd6 

  0x000001c0dcd378d0: ;   {metadata(method data for {method} {0x000001c0f9692678} 'ensureActive' '(Lkotlinx/coroutines/Job;)V' in 'kotlinx/coroutines/JobKt__JobKt')}
  0x000001c0dcd378d0: 48bf 107a | fefb c001 | 0000 8b52 | 0849 ba00 | 0000 80c0 | 0100 0049 | 03d2 483b | 9720 0100 
  0x000001c0dcd378f0: 0075 0d48 | 8387 2801 | 0000 01e9 | 6000 0000 | 483b 9730 | 0100 0075 | 0d48 8387 | 3801 0000 
  0x000001c0dcd37910: 01e9 4a00 | 0000 4883 | bf20 0100 | 0000 7517 | 4889 9720 | 0100 0048 | c787 2801 | 0000 0100 
  0x000001c0dcd37930: 0000 e929 | 0000 0048 | 83bf 3001 | 0000 0075 | 1748 8997 | 3001 0000 | 48c7 8738 | 0100 0001 
  0x000001c0dcd37950: 0000 00e9 | 0800 0000 | 4883 8710 | 0100 0001 | 488b d648 | 89b4 24c0 | 0000 0066 | 9048 b8a0 
  0x000001c0dcd37970: 2c68 ccc0 

  0x000001c0dcd37974: ;   {virtual_call}
  0x000001c0dcd37974: 0100 00e8 

  0x000001c0dcd37978: ; ImmutableOopMap {[160]=Oop [168]=Oop [176]=Oop [184]=Oop [192]=Oop }
                      ;*invokeinterface isActive {reexecute=0 rethrow=0 return_oop=0}
                      ; - kotlinx.coroutines.JobKt__JobKt::ensureActive@1 (line 585)
                      ; - kotlinx.coroutines.JobKt::ensureActive@1 (line 1)
                      ; - kotlinx.coroutines.JobKt__JobKt::ensureActive@19 (line 603)
                      ; - kotlinx.coroutines.JobKt::ensureActive@1 (line 1)
                      ; - kotlinx.coroutines.BuildersKt__Builders_commonKt::withContext@23 (line 153)
  0x000001c0dcd37978: 8478 8406 

  0x000001c0dcd3797c: ;   {other}
  0x000001c0dcd3797c: 0f1f 8400 | ec0d 0005 

  0x000001c0dcd37984: ;   {metadata(method data for {method} {0x000001c0f9692678} 'ensureActive' '(Lkotlinx/coroutines/Job;)V' in 'kotlinx/coroutines/JobKt__JobKt')}
  0x000001c0dcd37984: 85c0 48ba | 107a fefb | c001 0000 | 48c7 c658 | 0100 0074 | 0748 c7c6 | 4801 0000 | 488b 3c32 
  0x000001c0dcd379a4: 488d 7f01 | 4889 3c32 | 0f84 5a0d 

  0x000001c0dcd379b0: ;   {metadata(method data for {method} {0x000001c0f9692748} 'ensureActive' '(Lkotlin/coroutines/CoroutineContext;)V' in 'kotlinx/coroutines/JobKt__JobKt')}
  0x000001c0dcd379b0: 0000 48ba | d088 fffb | c001 0000 | ff82 e801 | 0000 488b | 8424 b800 | 0000 488b | b424 b000 
  0x000001c0dcd379d0: 0000 483b 

  0x000001c0dcd379d4: ;   {metadata(method data for {method} {0x000001c0f962b428} 'withContext' '(Lkotlin/coroutines/CoroutineContext;Lkotlin/jvm/functions/Function2;Lkotlin/coroutines/Continuation;)Ljava/lang/Object;' in 'kotlinx/coroutines/BuildersKt__Builders_commonKt')}
  0x000001c0dcd379d4: c648 bab0 | ece9 fcc0 | 0100 0048 | c7c7 6801 | 0000 7507 | 48c7 c778 | 0100 0048 | 8b0c 3a48 
  0x000001c0dcd379f4: 8d49 0148 | 890c 3a0f | 8599 0100 

  0x000001c0dcd37a00: ;   {metadata('kotlinx/coroutines/internal/ScopeCoroutine')}
  0x000001c0dcd37a00: 0048 bac0 | 370e 81c0 | 0100 0048 | 8bd8 498b | 87b8 0100 | 0048 8d78 | 2049 3bbf | c801 0000 
  0x000001c0dcd37a20: 0f87 ad0f | 0000 4989 | bfb8 0100 | 0048 c700 | 0100 0000 | 488b ca49 | ba00 0000 | 80c0 0100 
  0x000001c0dcd37a40: 0049 2bca | 8948 0848 | 33c9 8948 | 0c48 33c9 | 4889 4810 | 4889 4818 

  0x000001c0dcd37a58: ;   {metadata(method data for {method} {0x000001c0f962b428} 'withContext' '(Lkotlin/coroutines/CoroutineContext;Lkotlin/jvm/functions/Function2;Lkotlin/coroutines/Continuation;)Ljava/lang/Object;' in 'kotlinx/coroutines/BuildersKt__Builders_commonKt')}
  0x000001c0dcd37a58: 4c8b c048 | bfb0 ece9 | fcc0 0100 | 0048 8387 | 8801 0000 

  0x000001c0dcd37a6c: ;   {metadata(method data for {method} {0x000001c0f9806478} '<init>' '(Lkotlin/coroutines/CoroutineContext;Lkotlin/coroutines/Continuation;)V' in 'kotlinx/coroutines/internal/ScopeCoroutine')}
  0x000001c0dcd37a6c: 0149 b808 | cbcb fcc0 | 0100 0041 | 8bb8 cc00 | 0000 83c7 | 0241 89b8 | cc00 0000 | 81e7 feff 
  0x000001c0dcd37a8c: 1f00 85ff | 0f84 4a0f | 0000 4c8b 

  0x000001c0dcd37a98: ;   {metadata(method data for {method} {0x000001c0f9806478} '<init>' '(Lkotlin/coroutines/CoroutineContext;Lkotlin/coroutines/Continuation;)V' in 'kotlinx/coroutines/internal/ScopeCoroutine')}
  0x000001c0dcd37a98: c048 bf08 | cbcb fcc0 | 0100 0048 | 8387 1001 | 0000 014c | 8bc3 41b9 | 0100 0000 | bf01 0000 
  0x000001c0dcd37ab8: 0048 8bd0 | 4889 8424 | c800 0000 

  0x000001c0dcd37ac4: ;   {optimized virtual_call}
  0x000001c0dcd37ac4: 6666 90e8 

  0x000001c0dcd37ac8: ; ImmutableOopMap {[160]=Oop [168]=Oop [200]=Oop }
                      ;*invokespecial <init> {reexecute=0 rethrow=0 return_oop=0}
                      ; - kotlinx.coroutines.internal.ScopeCoroutine::<init>@4 (line 14)
                      ; - kotlinx.coroutines.BuildersKt__Builders_commonKt::withContext@40 (line 156)
  0x000001c0dcd37ac8: b46f 4c06 

  0x000001c0dcd37acc: ;   {other}
  0x000001c0dcd37acc: 0f1f 8400 | 3c0f 0006 | 410f be57 | 4085 d248 | 8b84 24c8 | 0000 000f | 8518 0f00 | 004c 8b8c 
  0x000001c0dcd37aec: 24a0 0000 | 004d 8bd1 | 49c1 ea03 | 4489 5018 | 488b d049 | 33d1 48c1 | ea16 4883 | fa00 0f85 
  0x000001c0dcd37b0c: 100f 0000 

  0x000001c0dcd37b10: ;   {metadata(method data for {method} {0x000001c0f962b428} 'withContext' '(Lkotlin/coroutines/CoroutineContext;Lkotlin/jvm/functions/Function2;Lkotlin/coroutines/Continuation;)Ljava/lang/Object;' in 'kotlinx/coroutines/BuildersKt__Builders_commonKt')}
  0x000001c0dcd37b10: 48ba b0ec | e9fc c001 | 0000 4883 | 8298 0100 

  0x000001c0dcd37b20: ;   {metadata(method data for {method} {0x000001c0f980b628} 'startUndispatchedOrReturn' '(Lkotlinx/coroutines/internal/ScopeCoroutine;Ljava/lang/Object;Lkotlin/jvm/functions/Function2;)Ljava/lang/Object;' in 'kotlinx/coroutines/intrinsics/UndispatchedKt')}
  0x000001c0dcd37b20: 0001 48ba | 002c ccfc | c001 0000 | 448b 82cc | 0000 0041 | 83c0 0244 | 8982 cc00 | 0000 4181 
  0x000001c0dcd37b40: e0fe ff1f | 0045 85c0 | 0f84 ea0e 

  0x000001c0dcd37b4c: ;   {metadata(method data for {method} {0x000001c0f980b628} 'startUndispatchedOrReturn' '(Lkotlinx/coroutines/internal/ScopeCoroutine;Ljava/lang/Object;Lkotlin/jvm/functions/Function2;)Ljava/lang/Object;' in 'kotlinx/coroutines/intrinsics/UndispatchedKt')}
  0x000001c0dcd37b4c: 0000 48ba | 002c ccfc | c001 0000 | 4883 8210 | 0100 0001 | 488b d041 | b801 0000 | 004c 8bc8 
  0x000001c0dcd37b6c: 488b bc24 | a800 0000 

  0x000001c0dcd37b74: ;   {static_call}
  0x000001c0dcd37b74: 6666 90e8 

  0x000001c0dcd37b78: ; ImmutableOopMap {[160]=Oop }
                      ;*invokestatic startUndspatched {reexecute=0 rethrow=0 return_oop=0}
                      ; - kotlinx.coroutines.intrinsics.UndispatchedKt::startUndispatchedOrReturn@4 (line 43)
                      ; - kotlinx.coroutines.BuildersKt__Builders_commonKt::withContext@50 (line 157)
  0x000001c0dcd37b78: 0475 4c06 

  0x000001c0dcd37b7c: ;   {other}
  0x000001c0dcd37b7c: 0f1f 8400 | ec0f 0007 

  0x000001c0dcd37b84: ;   {metadata(method data for {method} {0x000001c0f962b428} 'withContext' '(Lkotlin/coroutines/CoroutineContext;Lkotlin/jvm/functions/Function2;Lkotlin/coroutines/Continuation;)Ljava/lang/Object;' in 'kotlinx/coroutines/BuildersKt__Builders_commonKt')}
  0x000001c0dcd37b84: 49b8 b0ec | e9fc c001 | 0000 41ff | 80a8 0100 | 00e9 ea06 | 0000 488b | d84c 8bc3 

  0x000001c0dcd37ba0: ;   {metadata(method data for {method} {0x000001c0f962b428} 'withContext' '(Lkotlin/coroutines/CoroutineContext;Lkotlin/jvm/functions/Function2;Lkotlin/coroutines/Continuation;)Ljava/lang/Object;' in 'kotlinx/coroutines/BuildersKt__Builders_commonKt')}
  0x000001c0dcd37ba0: 48ba b0ec | e9fc c001 | 0000 458b | 4008 49ba | 0000 0080 | c001 0000 | 4d03 c24c | 3b82 0802 
  0x000001c0dcd37bc0: 0000 750d | 4883 8210 | 0200 0001 | e960 0000 | 004c 3b82 | 1802 0000 | 750d 4883 | 8220 0200 
  0x000001c0dcd37be0: 0001 e94a | 0000 0048 | 83ba 0802 | 0000 0075 | 174c 8982 | 0802 0000 | 48c7 8210 | 0200 0001 
  0x000001c0dcd37c00: 0000 00e9 | 2900 0000 | 4883 ba18 | 0200 0000 | 7517 4c89 | 8218 0200 | 0048 c782 | 2002 0000 
  0x000001c0dcd37c20: 0100 0000 | e908 0000 | 0048 8382 | f801 0000 

  0x000001c0dcd37c30: ;   {oop(a 'kotlin/coroutines/ContinuationInterceptor$Key'{0x00000006046a9b00})}
  0x000001c0dcd37c30: 0148 be00 | 9b6a 0406 | 0000 004c | 8bc6 488b | d348 899c | 24b8 0000 | 0048 89b4 | 24d0 0000 
  0x000001c0dcd37c50: 000f 1f40 | 0048 b870 | fe95 cbc0 

  0x000001c0dcd37c5c: ;   {virtual_call}
  0x000001c0dcd37c5c: 0100 00e8 

  0x000001c0dcd37c60: ; ImmutableOopMap {[160]=Oop [168]=Oop [176]=Oop [184]=Oop [208]=Oop }
                      ;*invokeinterface get {reexecute=0 rethrow=0 return_oop=0}
                      ; - kotlinx.coroutines.BuildersKt__Builders_commonKt::withContext@64 (line 161)
  0x000001c0dcd37c60: dcd1 5806 

  0x000001c0dcd37c64: ;   {other}
  0x000001c0dcd37c64: 0f1f 8400 | d410 0008 | 488b b424 | b000 0000 

  0x000001c0dcd37c74: ; implicit exception: dispatches to 0x000001c0dcd38a59
  0x000001c0dcd37c74: 483b 064c 

  0x000001c0dcd37c78: ;   {metadata(method data for {method} {0x000001c0f962b428} 'withContext' '(Lkotlin/coroutines/CoroutineContext;Lkotlin/jvm/functions/Function2;Lkotlin/coroutines/Continuation;)Ljava/lang/Object;' in 'kotlinx/coroutines/BuildersKt__Builders_commonKt')}
  0x000001c0dcd37c78: 8bc6 48ba | b0ec e9fc | c001 0000 | 458b 4008 | 49ba 0000 | 0080 c001 | 0000 4d03 | c24c 3b82 
  0x000001c0dcd37c98: 7802 0000 | 750d 4883 | 8280 0200 | 0001 e960 | 0000 004c | 3b82 8802 | 0000 750d | 4883 8290 
  0x000001c0dcd37cb8: 0200 0001 | e94a 0000 | 0048 83ba | 7802 0000 | 0075 174c | 8982 7802 | 0000 48c7 | 8280 0200 
  0x000001c0dcd37cd8: 0001 0000 | 00e9 2900 | 0000 4883 | ba88 0200 | 0000 7517 | 4c89 8288 | 0200 0048 | c782 9002 
  0x000001c0dcd37cf8: 0000 0100 | 0000 e908 | 0000 0048 | 8382 6802 | 0000 014c | 8b84 24d0 | 0000 0048 | 8bd6 4889 
  0x000001c0dcd37d18: 8424 d800 | 0000 0f1f | 8000 0000 | 0048 b890 | ff95 cbc0 

  0x000001c0dcd37d2c: ;   {virtual_call}
  0x000001c0dcd37d2c: 0100 00e8 

  0x000001c0dcd37d30: ; ImmutableOopMap {[160]=Oop [168]=Oop [184]=Oop [216]=Oop }
                      ;*invokeinterface get {reexecute=0 rethrow=0 return_oop=0}
                      ; - kotlinx.coroutines.BuildersKt__Builders_commonKt::withContext@77 (line 161)
  0x000001c0dcd37d30: 0cd1 5806 

  0x000001c0dcd37d34: ;   {other}
  0x000001c0dcd37d34: 0f1f 8400 | a411 0009 

  0x000001c0dcd37d3c: ;   {metadata(method data for {method} {0x000001c0f962b428} 'withContext' '(Lkotlin/coroutines/CoroutineContext;Lkotlin/jvm/functions/Function2;Lkotlin/coroutines/Continuation;)Ljava/lang/Object;' in 'kotlinx/coroutines/BuildersKt__Builders_commonKt')}
  0x000001c0dcd37d3c: 49b8 b0ec | e9fc c001 | 0000 4983 | 80a0 0200 

  0x000001c0dcd37d4c: ;   {metadata(method data for {method} {0x000001c0f94185a0} 'areEqual' '(Ljava/lang/Object;Ljava/lang/Object;)Z' in 'kotlin/jvm/internal/Intrinsics')}
  0x000001c0dcd37d4c: 0001 49b8 | 90fb e4f9 | c001 0000 | 418b 90cc | 0000 0083 | c202 4189 | 90cc 0000 | 0081 e2fe 
  0x000001c0dcd37d6c: ff1f 0085 | d20f 84e7 | 0c00 0048 | 8b94 24d8 | 0000 0048 

  0x000001c0dcd37d80: ;   {metadata(method data for {method} {0x000001c0f94185a0} 'areEqual' '(Ljava/lang/Object;Ljava/lang/Object;)Z' in 'kotlin/jvm/internal/Intrinsics')}
  0x000001c0dcd37d80: 85d2 49b8 | 90fb e4f9 | c001 0000 | 48c7 c610 | 0100 0075 | 0748 c7c6 | 2001 0000 | 498b 3c30 
  0x000001c0dcd37da0: 488d 7f01 | 4989 3c30 | 0f85 6500 | 0000 4885 

  0x000001c0dcd37db0: ;   {metadata(method data for {method} {0x000001c0f94185a0} 'areEqual' '(Ljava/lang/Object;Ljava/lang/Object;)Z' in 'kotlin/jvm/internal/Intrinsics')}
  0x000001c0dcd37db0: c049 b890 | fbe4 f9c0 | 0100 0048 | c7c2 3001 | 0000 7507 | 48c7 c240 | 0100 0049 | 8b34 1048 
  0x000001c0dcd37dd0: 8d76 0149 | 8934 100f | 851b 0000 

  0x000001c0dcd37ddc: ;   {metadata(method data for {method} {0x000001c0f94185a0} 'areEqual' '(Ljava/lang/Object;Ljava/lang/Object;)Z' in 'kotlin/jvm/internal/Intrinsics')}
  0x000001c0dcd37ddc: 0049 b890 | fbe4 f9c0 | 0100 0041 | ff80 5001 | 0000 be01 | 0000 00e9 | cf00 0000 

  0x000001c0dcd37df8: ;   {metadata(method data for {method} {0x000001c0f94185a0} 'areEqual' '(Ljava/lang/Object;Ljava/lang/Object;)Z' in 'kotlin/jvm/internal/Intrinsics')}
  0x000001c0dcd37df8: 49b8 90fb | e4f9 c001 | 0000 41ff | 8068 0100 | 00be 0000 | 0000 e9b4 | 0000 0048 | 3b02 4c8b 
  0x000001c0dcd37e18: ;   {metadata(method data for {method} {0x000001c0f94185a0} 'areEqual' '(Ljava/lang/Object;Ljava/lang/Object;)Z' in 'kotlin/jvm/internal/Intrinsics')}
  0x000001c0dcd37e18: c248 be90 | fbe4 f9c0 | 0100 0045 | 8b40 0849 | ba00 0000 | 80c0 0100 | 004d 03c2 | 4c3b 8690 
  0x000001c0dcd37e38: 0100 0075 | 0d48 8386 | 9801 0000 | 01e9 6000 | 0000 4c3b | 86a0 0100 | 0075 0d48 | 8386 a801 
  0x000001c0dcd37e58: 0000 01e9 | 4a00 0000 | 4883 be90 | 0100 0000 | 7517 4c89 | 8690 0100 | 0048 c786 | 9801 0000 
  0x000001c0dcd37e78: 0100 0000 | e929 0000 | 0048 83be | a001 0000 | 0075 174c | 8986 a001 | 0000 48c7 | 86a8 0100 
  0x000001c0dcd37e98: 0001 0000 | 00e9 0800 | 0000 4883 | 8680 0100 | 0001 4c8b | c048 b8ff | ffff ffff 

  0x000001c0dcd37eb4: ;   {virtual_call}
  0x000001c0dcd37eb4: ffff ffe8 

  0x000001c0dcd37eb8: ; ImmutableOopMap {[160]=Oop [168]=Oop [184]=Oop }
                      ;*invokevirtual equals {reexecute=0 rethrow=0 return_oop=0}
                      ; - kotlin.jvm.internal.Intrinsics::areEqual@18 (line 169)
                      ; - kotlinx.coroutines.BuildersKt__Builders_commonKt::withContext@82 (line 161)
  0x000001c0dcd37eb8: 24cd 5806 

  0x000001c0dcd37ebc: ;   {other}
  0x000001c0dcd37ebc: 0f1f 8400 | 2c13 000a | 488b f083 | e601 85f6 

  0x000001c0dcd37ecc: ;   {metadata(method data for {method} {0x000001c0f962b428} 'withContext' '(Lkotlin/coroutines/CoroutineContext;Lkotlin/jvm/functions/Function2;Lkotlin/coroutines/Continuation;)Ljava/lang/Object;' in 'kotlinx/coroutines/BuildersKt__Builders_commonKt')}
  0x000001c0dcd37ecc: 48ba b0ec | e9fc c001 | 0000 48c7 | c6b0 0200 | 0074 0748 | c7c6 c002 | 0000 488b | 3c32 488d 
  0x000001c0dcd37eec: 7f01 4889 | 3c32 0f84 | d901 0000 

  0x000001c0dcd37ef8: ;   {metadata('kotlinx/coroutines/UndispatchedCoroutine')}
  0x000001c0dcd37ef8: 48ba f86f | 0e81 c001 | 0000 498b | 87b8 0100 | 0048 8d78 | 2849 3bbf | c801 0000 | 0f87 6a0b 
  0x000001c0dcd37f18: 0000 4989 | bfb8 0100 | 0048 c700 | 0100 0000 | 488b ca49 | ba00 0000 | 80c0 0100 | 0049 2bca 
  0x000001c0dcd37f38: 8948 0848 | 33c9 8948 | 0c48 33c9 | 4889 4810 | 4889 4818 | 4889 4820 | 4889 8424 | e000 0000 
  0x000001c0dcd37f58: ;   {metadata(method data for {method} {0x000001c0f962b428} 'withContext' '(Lkotlin/coroutines/CoroutineContext;Lkotlin/jvm/functions/Function2;Lkotlin/coroutines/Continuation;)Ljava/lang/Object;' in 'kotlinx/coroutines/BuildersKt__Builders_commonKt')}
  0x000001c0dcd37f58: 4c8b c049 | b9b0 ece9 | fcc0 0100 | 0049 8381 | d002 0000 | 014c 8b84 | 24b8 0000 | 004c 8b8c 
  0x000001c0dcd37f78: 24a0 0000 | 0048 8bd0 | 0f1f 8000 

  0x000001c0dcd37f84: ;   {optimized virtual_call}
  0x000001c0dcd37f84: 0000 00e8 

  0x000001c0dcd37f88: ; ImmutableOopMap {[160]=Oop [168]=Oop [224]=Oop }
                      ;*invokespecial <init> {reexecute=0 rethrow=0 return_oop=0}
                      ; - kotlinx.coroutines.BuildersKt__Builders_commonKt::withContext@95 (line 162)
  0x000001c0dcd37f88: db0d 0000 

  0x000001c0dcd37f8c: ;   {other}
  0x000001c0dcd37f8c: 0f1f 8400 | fc13 000b | 488b 8424 | e000 0000 

  0x000001c0dcd37f9c: ;   {metadata(method data for {method} {0x000001c0f962b428} 'withContext' '(Lkotlin/coroutines/CoroutineContext;Lkotlin/jvm/functions/Function2;Lkotlin/coroutines/Continuation;)Ljava/lang/Object;' in 'kotlinx/coroutines/BuildersKt__Builders_commonKt')}
  0x000001c0dcd37f9c: 48ba b0ec | e9fc c001 | 0000 4883 | 82e0 0200 | 0001 488b | 8424 e000 | 0000 8b70 | 1448 c1e6 
  0x000001c0dcd37fbc: ;   {metadata(method data for {method} {0x000001c0f962b428} 'withContext' '(Lkotlin/coroutines/CoroutineContext;Lkotlin/jvm/functions/Function2;Lkotlin/coroutines/Continuation;)Ljava/lang/Object;' in 'kotlinx/coroutines/BuildersKt__Builders_commonKt')}
  0x000001c0dcd37fbc: 0348 bab0 | ece9 fcc0 | 0100 0048 | 8382 1803 | 0000 0148 

  0x000001c0dcd37fd0: ;   {oop(nullptr)}
  0x000001c0dcd37fd0: 8bd6 49b8 | 0000 0000 | 0000 0000 | 4889 b424 | e800 0000 

  0x000001c0dcd37fe4: ;   {static_call}
  0x000001c0dcd37fe4: 6666 90e8 

  0x000001c0dcd37fe8: ; ImmutableOopMap {[160]=Oop [168]=Oop [224]=Oop [232]=Oop }
                      ;*invokestatic updateThreadContext {reexecute=0 rethrow=0 return_oop=0}
                      ; - kotlinx.coroutines.BuildersKt__Builders_commonKt::withContext@117 (line 269)
  0x000001c0dcd37fe8: f45d 6cff 

  0x000001c0dcd37fec: ;   {other}
  0x000001c0dcd37fec: 0f1f 8400 | 5c14 000c | 4889 8424 | f000 0000 | 488b 8424 | e000 0000 

  0x000001c0dcd38004: ;   {metadata(method data for {method} {0x000001c0f962b428} 'withContext' '(Lkotlin/coroutines/CoroutineContext;Lkotlin/jvm/functions/Function2;Lkotlin/coroutines/Continuation;)Ljava/lang/Object;' in 'kotlinx/coroutines/BuildersKt__Builders_commonKt')}
  0x000001c0dcd38004: 48ba b0ec | e9fc c001 | 0000 4883 | 8260 0300 

  0x000001c0dcd38014: ;   {metadata(method data for {method} {0x000001c0f980b628} 'startUndispatchedOrReturn' '(Lkotlinx/coroutines/internal/ScopeCoroutine;Ljava/lang/Object;Lkotlin/jvm/functions/Function2;)Ljava/lang/Object;' in 'kotlinx/coroutines/intrinsics/UndispatchedKt')}
  0x000001c0dcd38014: 0001 48ba | 002c ccfc | c001 0000 | 448b 82cc | 0000 0041 | 83c0 0244 | 8982 cc00 | 0000 4181 
  0x000001c0dcd38034: e0fe ff1f | 0045 85c0 | 0f84 4f0a 

  0x000001c0dcd38040: ;   {metadata(method data for {method} {0x000001c0f980b628} 'startUndispatchedOrReturn' '(Lkotlinx/coroutines/internal/ScopeCoroutine;Ljava/lang/Object;Lkotlin/jvm/functions/Function2;)Ljava/lang/Object;' in 'kotlinx/coroutines/intrinsics/UndispatchedKt')}
  0x000001c0dcd38040: 0000 48ba | 002c ccfc | c001 0000 | 4883 8210 | 0100 0001 | 488b d041 | b801 0000 | 004c 8bc8 
  0x000001c0dcd38060: 488b bc24 | a800 0000 | 0f1f 8000 

  0x000001c0dcd3806c: ;   {static_call}
  0x000001c0dcd3806c: 0000 00e8 

  0x000001c0dcd38070: ; ImmutableOopMap {[160]=Oop [232]=Oop [240]=Oop }
                      ;*invokestatic startUndspatched {reexecute=0 rethrow=0 return_oop=0}
                      ; - kotlinx.coroutines.intrinsics.UndispatchedKt::startUndispatchedOrReturn@4 (line 43)
                      ; - kotlinx.coroutines.BuildersKt__Builders_commonKt::withContext@134 (line 165)
  0x000001c0dcd38070: 4cee ceff 

  0x000001c0dcd38074: ;   {other}
  0x000001c0dcd38074: 0f1f 8400 | e414 000d | 4889 8424 | f800 0000 

  0x000001c0dcd38084: ;   {metadata(method data for {method} {0x000001c0f962b428} 'withContext' '(Lkotlin/coroutines/CoroutineContext;Lkotlin/jvm/functions/Function2;Lkotlin/coroutines/Continuation;)Ljava/lang/Object;' in 'kotlinx/coroutines/BuildersKt__Builders_commonKt')}
  0x000001c0dcd38084: 48ba b0ec | e9fc c001 | 0000 4883 | 8270 0300 | 0001 488b | 9424 e800 | 0000 4c8b | 8424 f000 
  0x000001c0dcd380a4: ;   {static_call}
  0x000001c0dcd380a4: 0000 90e8 

  0x000001c0dcd380a8: ; ImmutableOopMap {[160]=Oop [248]=Oop }
                      ;*invokestatic restoreThreadContext {reexecute=0 rethrow=0 return_oop=0}
                      ; - kotlinx.coroutines.BuildersKt__Builders_commonKt::withContext@143 (line 273)
  0x000001c0dcd380a8: 743c 0b07 

  0x000001c0dcd380ac: ;   {other}
  0x000001c0dcd380ac: 0f1f 8400 | 1c15 000e 

  0x000001c0dcd380b4: ;   {metadata(method data for {method} {0x000001c0f962b428} 'withContext' '(Lkotlin/coroutines/CoroutineContext;Lkotlin/jvm/functions/Function2;Lkotlin/coroutines/Continuation;)Ljava/lang/Object;' in 'kotlinx/coroutines/BuildersKt__Builders_commonKt')}
  0x000001c0dcd380b4: 48ba b0ec | e9fc c001 | 0000 ff82 | 8003 0000 | 488b 8424 | f800 0000 | e9b3 0100 

  0x000001c0dcd380d0: ;   {metadata('kotlinx/coroutines/DispatchedCoroutine')}
  0x000001c0dcd380d0: 0048 ba00 | 600e 81c0 | 0100 0049 | 8b87 b801 | 0000 488d | 7820 493b | bfc8 0100 | 000f 87bf 
  0x000001c0dcd380f0: 0900 0049 | 89bf b801 | 0000 48c7 | 0001 0000 | 0048 8bca | 49ba 0000 | 0080 c001 | 0000 492b 
  0x000001c0dcd38110: ca89 4808 | 4833 c989 | 480c 4833 | c948 8948 | 1048 8948 | 1848 8984 | 2400 0100 | 004c 8bc0 
  0x000001c0dcd38130: ;   {metadata(method data for {method} {0x000001c0f962b428} 'withContext' '(Lkotlin/coroutines/CoroutineContext;Lkotlin/jvm/functions/Function2;Lkotlin/coroutines/Continuation;)Ljava/lang/Object;' in 'kotlinx/coroutines/BuildersKt__Builders_commonKt')}
  0x000001c0dcd38130: 48bf b0ec | e9fc c001 | 0000 4883 | 87a8 0300 

  0x000001c0dcd38140: ;   {metadata(method data for {method} {0x000001c0f9805660} '<init>' '(Lkotlin/coroutines/CoroutineContext;Lkotlin/coroutines/Continuation;)V' in 'kotlinx/coroutines/DispatchedCoroutine')}
  0x000001c0dcd38140: 0001 49b8 | 1023 eafc | c001 0000 | 418b b8cc | 0000 0083 | c702 4189 | b8cc 0000 | 0081 e7fe 
  0x000001c0dcd38160: ff1f 0085 | ff0f 8454 | 0900 004c 

  0x000001c0dcd3816c: ;   {metadata(method data for {method} {0x000001c0f9805660} '<init>' '(Lkotlin/coroutines/CoroutineContext;Lkotlin/coroutines/Continuation;)V' in 'kotlinx/coroutines/DispatchedCoroutine')}
  0x000001c0dcd3816c: 8bc0 48bf | 1023 eafc | c001 0000 | 4883 8710 | 0100 0001 

  0x000001c0dcd38180: ;   {metadata(method data for {method} {0x000001c0f9806478} '<init>' '(Lkotlin/coroutines/CoroutineContext;Lkotlin/coroutines/Continuation;)V' in 'kotlinx/coroutines/internal/ScopeCoroutine')}
  0x000001c0dcd38180: 49b8 08cb | cbfc c001 | 0000 418b | b8cc 0000 | 0083 c702 | 4189 b8cc | 0000 0081 | e7fe ff1f 
  0x000001c0dcd381a0: 0085 ff0f | 8437 0900 | 004c 8bc0 

  0x000001c0dcd381ac: ;   {metadata(method data for {method} {0x000001c0f9806478} '<init>' '(Lkotlin/coroutines/CoroutineContext;Lkotlin/coroutines/Continuation;)V' in 'kotlinx/coroutines/internal/ScopeCoroutine')}
  0x000001c0dcd381ac: 48bf 08cb | cbfc c001 | 0000 4883 | 8710 0100 | 0001 4c8b | 8424 b800 | 0000 41b9 | 0100 0000 
  0x000001c0dcd381cc: bf01 0000 | 0048 8bd0 

  0x000001c0dcd381d4: ;   {optimized virtual_call}
  0x000001c0dcd381d4: 6666 90e8 

  0x000001c0dcd381d8: ; ImmutableOopMap {[160]=Oop [168]=Oop [256]=Oop }
                      ;*invokespecial <init> {reexecute=0 rethrow=0 return_oop=0}
                      ; - kotlinx.coroutines.internal.ScopeCoroutine::<init>@4 (line 14)
                      ; - kotlinx.coroutines.DispatchedCoroutine::<init>@3 (line 222)
                      ; - kotlinx.coroutines.BuildersKt__Builders_commonKt::withContext@170 (line 169)
  0x000001c0dcd381d8: e4bb 1a07 

  0x000001c0dcd381dc: ;   {other}
  0x000001c0dcd381dc: 0f1f 8400 | 4c16 000f | 410f be57 | 4085 d248 | 8b84 2400 | 0100 000f | 8508 0900 | 004c 8b8c 
  0x000001c0dcd381fc: 24a0 0000 | 004d 8bd1 | 49c1 ea03 | 4489 5018 | 488b d049 | 33d1 48c1 | ea16 4883 | fa00 0f85 
  0x000001c0dcd3821c: 0009 0000 

  0x000001c0dcd38220: ;   {metadata(method data for {method} {0x000001c0f962b428} 'withContext' '(Lkotlin/coroutines/CoroutineContext;Lkotlin/jvm/functions/Function2;Lkotlin/coroutines/Continuation;)Ljava/lang/Object;' in 'kotlinx/coroutines/BuildersKt__Builders_commonKt')}
  0x000001c0dcd38220: 48ba b0ec | e9fc c001 | 0000 4883 | 82f0 0300 | 0001 488b | 9424 a800 | 0000 4c8b | c04c 8bc8 
  0x000001c0dcd38240: 0f1f 8000 

  0x000001c0dcd38244: ;   {static_call}
  0x000001c0dcd38244: 0000 00e8 

  0x000001c0dcd38248: ; ImmutableOopMap {[160]=Oop [256]=Oop }
                      ;*invokestatic startCoroutineCancellable {reexecute=0 rethrow=0 return_oop=0}
                      ; - kotlinx.coroutines.BuildersKt__Builders_commonKt::withContext@183 (line 170)
  0x000001c0dcd38248: 140f 2107 

  0x000001c0dcd3824c: ;   {other}
  0x000001c0dcd3824c: 0f1f 8400 | bc16 0010 | 488b 8424 | 0001 0000 

  0x000001c0dcd3825c: ;   {metadata(method data for {method} {0x000001c0f962b428} 'withContext' '(Lkotlin/coroutines/CoroutineContext;Lkotlin/jvm/functions/Function2;Lkotlin/coroutines/Continuation;)Ljava/lang/Object;' in 'kotlinx/coroutines/BuildersKt__Builders_commonKt')}
  0x000001c0dcd3825c: 48ba b0ec | e9fc c001 | 0000 4883 | 8200 0400 | 0001 488b | 9424 0001 

  0x000001c0dcd38274: ;   {optimized virtual_call}
  0x000001c0dcd38274: 0000 90e8 

  0x000001c0dcd38278: ; ImmutableOopMap {[160]=Oop }
                      ;*invokevirtual getResult$kotlinx_coroutines_core {reexecute=0 rethrow=0 return_oop=0}
                      ; - kotlinx.coroutines.BuildersKt__Builders_commonKt::withContext@188 (line 171)
  0x000001c0dcd38278: 6491 3400 

  0x000001c0dcd3827c: ;   {other}
  0x000001c0dcd3827c: 0f1f 8400 | ec16 0011 

  0x000001c0dcd38284: ;   {metadata(method data for {method} {0x000001c0f962b428} 'withContext' '(Lkotlin/coroutines/CoroutineContext;Lkotlin/jvm/functions/Function2;Lkotlin/coroutines/Continuation;)Ljava/lang/Object;' in 'kotlinx/coroutines/BuildersKt__Builders_commonKt')}
  0x000001c0dcd38284: 48ba b0ec | e9fc c001 | 0000 4883 | 8238 0400 

  0x000001c0dcd38294: ;   {metadata(method data for {method} {0x000001c0f964e550} 'getCOROUTINE_SUSPENDED' '()Ljava/lang/Object;' in 'kotlin/coroutines/intrinsics/IntrinsicsKt__IntrinsicsKt')}
  0x000001c0dcd38294: 0001 48ba | 9883 51fa | c001 0000 | 8bb2 cc00 | 0000 83c6 | 0289 b2cc | 0000 0081 | e6fe ff1f 
  0x000001c0dcd382b4: 0085 f60f | 847b 0800 

  0x000001c0dcd382bc: ;   {oop(a 'kotlin/coroutines/intrinsics/CoroutineSingletons'{0x0000000604c02968})}
  0x000001c0dcd382bc: 0049 ba68 | 29c0 0406 | 0000 0049 

  0x000001c0dcd382c8: ;   {metadata(method data for {method} {0x000001c0f962b428} 'withContext' '(Lkotlin/coroutines/CoroutineContext;Lkotlin/jvm/functions/Function2;Lkotlin/coroutines/Continuation;)Ljava/lang/Object;' in 'kotlinx/coroutines/BuildersKt__Builders_commonKt')}
  0x000001c0dcd382c8: 3bc2 48ba | b0ec e9fc | c001 0000 | 48c7 c658 | 0400 0074 | 0748 c7c6 | 4804 0000 | 488b 3c32 
  0x000001c0dcd382e8: 488d 7f01 | 4889 3c32 | 0f84 0d00 | 0000 4889 | 8424 1001 | 0000 e9c9 | 0200 004c | 8b8c 24a0 
  0x000001c0dcd38308: ;   {metadata(method data for {method} {0x000001c0f962b428} 'withContext' '(Lkotlin/coroutines/CoroutineContext;Lkotlin/jvm/functions/Function2;Lkotlin/coroutines/Continuation;)Ljava/lang/Object;' in 'kotlinx/coroutines/BuildersKt__Builders_commonKt')}
  0x000001c0dcd38308: 0000 0048 | bab0 ece9 | fcc0 0100 | 0048 8382 | 6804 0000 

  0x000001c0dcd3831c: ;   {metadata(method data for {method} {0x000001c0f9650578} 'probeCoroutineSuspended' '(Lkotlin/coroutines/Continuation;)V' in 'kotlin/coroutines/jvm/internal/DebugProbesKt')}
  0x000001c0dcd3831c: 0148 ba20 | e8f6 fbc0 | 0100 008b | b2cc 0000 | 0083 c602 | 89b2 cc00 | 0000 81e6 | feff 1f00 
  0x000001c0dcd3833c: 85f6 0f84 | 1508 0000 

  0x000001c0dcd38344: ;   {metadata(method data for {method} {0x000001c0f9650578} 'probeCoroutineSuspended' '(Lkotlin/coroutines/Continuation;)V' in 'kotlin/coroutines/jvm/internal/DebugProbesKt')}
  0x000001c0dcd38344: 48ba 20e8 | f6fb c001 | 0000 4883 | 8210 0100 

  0x000001c0dcd38354: ;   {metadata(method data for {method} {0x000001c0f9418070} 'checkNotNullParameter' '(Ljava/lang/Object;Ljava/lang/String;)V' in 'kotlin/jvm/internal/Intrinsics')}
  0x000001c0dcd38354: 0001 48ba | e0c0 56f9 | c001 0000 | 8bb2 cc00 | 0000 83c6 | 0289 b2cc | 0000 0081 | e6fe ff1f 
  0x000001c0dcd38374: 0085 f60f | 84fd 0700 | 004d 85c9 

  0x000001c0dcd38380: ;   {metadata(method data for {method} {0x000001c0f9418070} 'checkNotNullParameter' '(Ljava/lang/Object;Ljava/lang/String;)V' in 'kotlin/jvm/internal/Intrinsics')}
  0x000001c0dcd38380: 48ba e0c0 | 56f9 c001 | 0000 48c7 | c610 0100 | 0075 0748 | c7c6 2001 | 0000 488b | 3c32 488d 
  0x000001c0dcd383a0: 7f01 4889 | 3c32 4889 | 8424 1001 | 0000 0f85 | 1802 0000 

  0x000001c0dcd383b4: ;   {metadata(method data for {method} {0x000001c0f9418070} 'checkNotNullParameter' '(Ljava/lang/Object;Ljava/lang/String;)V' in 'kotlin/jvm/internal/Intrinsics')}
  0x000001c0dcd383b4: 48ba e0c0 | 56f9 c001 | 0000 4883 | 8230 0100 

  0x000001c0dcd383c4: ;   {metadata(method data for {method} {0x000001c0f94181e0} 'throwParameterIsNullNPE' '(Ljava/lang/String;)V' in 'kotlin/jvm/internal/Intrinsics')}
  0x000001c0dcd383c4: 0001 48ba | 68c2 56f9 | c001 0000 | 8bb2 cc00 | 0000 83c6 | 0289 b2cc | 0000 0081 | e6fe ff1f 
  0x000001c0dcd383e4: 0085 f60f | 84ae 0700 | 0066 6690 

  0x000001c0dcd383f0: ;   {no_reloc}
  0x000001c0dcd383f0: e9d6 0700 | 0000 0000 | 0000 498b | 87b8 0100 | 0048 8d78 | 3049 3bbf | c801 0000 | 0f87 c307 
  0x000001c0dcd38410: 0000 4989 | bfb8 0100 | 0048 c700 | 0100 0000 | 488b ca49 | ba00 0000 | 80c0 0100 | 0049 2bca 
  0x000001c0dcd38430: 8948 0848 | 33c9 8948 | 0c48 33c9 | 4889 4810 | 4889 4818 | 4889 4820 | 4889 4828 

  0x000001c0dcd3844c: ;   {metadata(method data for {method} {0x000001c0f94181e0} 'throwParameterIsNullNPE' '(Ljava/lang/String;)V' in 'kotlin/jvm/internal/Intrinsics')}
  0x000001c0dcd3844c: 48ba 68c2 | 56f9 c001 | 0000 4883 | 8210 0100 

  0x000001c0dcd3845c: ;   {oop("frame"{0x0000000604fe7518})}
  0x000001c0dcd3845c: 0001 48ba | 1875 fe04 | 0600 0000 | 4889 8424 | 0801 0000 | 0f1f 8000 

  0x000001c0dcd38474: ;   {static_call}
  0x000001c0dcd38474: 0000 00e8 

  0x000001c0dcd38478: ; ImmutableOopMap {[264]=Oop [272]=Oop }
                      ;*invokestatic createParameterIsNullExceptionMessage {reexecute=0 rethrow=0 return_oop=0}
                      ; - kotlin.jvm.internal.Intrinsics::throwParameterIsNullNPE@5 (line 140)
                      ; - kotlin.jvm.internal.Intrinsics::checkNotNullParameter@5 (line 131)
                      ; - kotlin.coroutines.jvm.internal.DebugProbesKt::probeCoroutineSuspended@3
                      ; - kotlinx.coroutines.BuildersKt__Builders_commonKt::withContext@199 (line 147)
  0x000001c0dcd38478: 046c 4c06 

  0x000001c0dcd3847c: ;   {other}
  0x000001c0dcd3847c: 0f1f 8400 | ec18 0012 | 4c8b 8424 | 0801 0000 

  0x000001c0dcd3848c: ;   {metadata(method data for {method} {0x000001c0f94181e0} 'throwParameterIsNullNPE' '(Ljava/lang/String;)V' in 'kotlin/jvm/internal/Intrinsics')}
  0x000001c0dcd3848c: 48ba 68c2 | 56f9 c001 | 0000 4883 | 8220 0100 | 0001 4c8b | c048 8b94 | 2408 0100 | 0066 0f1f 
  0x000001c0dcd384ac: ;   {optimized virtual_call}
  0x000001c0dcd384ac: 4400 00e8 

  0x000001c0dcd384b0: ; ImmutableOopMap {[264]=Oop [272]=Oop }
                      ;*invokespecial <init> {reexecute=0 rethrow=0 return_oop=0}
                      ; - kotlin.jvm.internal.Intrinsics::throwParameterIsNullNPE@8 (line 140)
                      ; - kotlin.jvm.internal.Intrinsics::checkNotNullParameter@5 (line 131)
                      ; - kotlin.coroutines.jvm.internal.DebugProbesKt::probeCoroutineSuspended@3
                      ; - kotlinx.coroutines.BuildersKt__Builders_commonKt::withContext@199 (line 147)
  0x000001c0dcd384b0: cc65 4c06 

  0x000001c0dcd384b4: ;   {other}
  0x000001c0dcd384b4: 0f1f 8400 | 2419 0013 

  0x000001c0dcd384bc: ;   {metadata(method data for {method} {0x000001c0f94181e0} 'throwParameterIsNullNPE' '(Ljava/lang/String;)V' in 'kotlin/jvm/internal/Intrinsics')}
  0x000001c0dcd384bc: 48ba 68c2 | 56f9 c001 | 0000 4883 | 8230 0100 

  0x000001c0dcd384cc: ;   {metadata(method data for {method} {0x000001c0f9419220} 'sanitizeStackTrace' '(Ljava/lang/Throwable;)Ljava/lang/Throwable;' in 'kotlin/jvm/internal/Intrinsics')}
  0x000001c0dcd384cc: 0001 48ba | 48c9 56f9 | c001 0000 | 8bb2 cc00 | 0000 83c6 | 0289 b2cc | 0000 0081 | e6fe ff1f 
  0x000001c0dcd384ec: 0085 f60f | 84ed 0600 

  0x000001c0dcd384f4: ;   {oop(a 'java/lang/Class'{0x0000000604d03618} = 'kotlin/jvm/internal/Intrinsics')}
  0x000001c0dcd384f4: 0048 ba18 | 36d0 0406 | 0000 0048 

  0x000001c0dcd38500: ;   {metadata(method data for {method} {0x000001c0f9419220} 'sanitizeStackTrace' '(Ljava/lang/Throwable;)Ljava/lang/Throwable;' in 'kotlin/jvm/internal/Intrinsics')}
  0x000001c0dcd38500: 8bf2 48bf | 48c9 56f9 | c001 0000 | 4883 8710 | 0100 0001 

  0x000001c0dcd38514: ;   {metadata(method data for {method} {0x000001c0804696a8} 'getName' '()Ljava/lang/String;' in 'java/lang/Class')}
  0x000001c0dcd38514: 48be 881f | 07f9 c001 | 0000 8bbe | cc00 0000 | 83c7 0289 | becc 0000 | 0081 e7fe | ff1f 0085 
  0x000001c0dcd38534: ff0f 84c8 | 0600 008b | 522c 48c1 | e203 4885 

  0x000001c0dcd38544: ;   {metadata(method data for {method} {0x000001c0804696a8} 'getName' '()Ljava/lang/String;' in 'java/lang/Class')}
  0x000001c0dcd38544: d248 be88 | 1f07 f9c0 | 0100 0048 | c7c7 1001 | 0000 7407 | 48c7 c720 | 0100 0048 | 8b1c 3e48 
  0x000001c0dcd38564: 8d5b 0148 | 891c 3e0f | 8418 0000 

  0x000001c0dcd38570: ;   {metadata(method data for {method} {0x000001c0804696a8} 'getName' '()Ljava/lang/String;' in 'java/lang/Class')}
  0x000001c0dcd38570: 0048 be88 | 1f07 f9c0 | 0100 00ff | 8630 0100 | 0048 8bf2 | e936 0000 

  0x000001c0dcd38588: ;   {oop(a 'java/lang/Class'{0x0000000604d03618} = 'kotlin/jvm/internal/Intrinsics')}
  0x000001c0dcd38588: 0048 ba18 | 36d0 0406 | 0000 0048 

  0x000001c0dcd38594: ;   {metadata(method data for {method} {0x000001c0804696a8} 'getName' '()Ljava/lang/String;' in 'java/lang/Class')}
  0x000001c0dcd38594: 8bf2 48bf | 881f 07f9 | c001 0000 | 4883 8748 | 0100 0001 | 0f1f 8000 

  0x000001c0dcd385ac: ;   {optimized virtual_call}
  0x000001c0dcd385ac: 0000 00e8 

  0x000001c0dcd385b0: ; ImmutableOopMap {[264]=Oop [272]=Oop }
                      ;*invokevirtual initClassName {reexecute=0 rethrow=0 return_oop=0}
                      ; - java.lang.Class::getName@14 (line 950)
                      ; - kotlin.jvm.internal.Intrinsics::sanitizeStackTrace@3 (line 253)
                      ; - kotlin.jvm.internal.Intrinsics::throwParameterIsNullNPE@11 (line 140)
                      ; - kotlin.jvm.internal.Intrinsics::checkNotNullParameter@5 (line 131)
                      ; - kotlin.coroutines.jvm.internal.DebugProbesKt::probeCoroutineSuspended@3
                      ; - kotlinx.coroutines.BuildersKt__Builders_commonKt::withContext@199 (line 147)
  0x000001c0dcd385b0: cc64 4c06 

  0x000001c0dcd385b4: ;   {other}
  0x000001c0dcd385b4: 0f1f 8400 | 241a 0014 | 488b f048 | 8b84 2408 | 0100 00e9 | 1e00 0000 | 488b 8424 | 1001 0000 
  0x000001c0dcd385d4: 4881 c430 | 0100 005d 

  0x000001c0dcd385dc: ;   {poll_return}
  0x000001c0dcd385dc: 493b a750 | 0400 000f | 8740 0600 

  0x000001c0dcd385e8: ;   {metadata(method data for {method} {0x000001c0f9419220} 'sanitizeStackTrace' '(Ljava/lang/Throwable;)Ljava/lang/Throwable;' in 'kotlin/jvm/internal/Intrinsics')}
  0x000001c0dcd385e8: 00c3 48ba | 48c9 56f9 | c001 0000 | 4883 8248 | 0100 0001 | 488b d04c | 8bc6 0f1f 

  0x000001c0dcd38604: ;   {static_call}
  0x000001c0dcd38604: 4400 00e8 

  0x000001c0dcd38608: ; ImmutableOopMap {[272]=Oop }
                      ;*invokestatic sanitizeStackTrace {reexecute=0 rethrow=0 return_oop=0}
                      ; - kotlin.jvm.internal.Intrinsics::sanitizeStackTrace@6 (line 253)
                      ; - kotlin.jvm.internal.Intrinsics::throwParameterIsNullNPE@11 (line 140)
                      ; - kotlin.jvm.internal.Intrinsics::checkNotNullParameter@5 (line 131)
                      ; - kotlin.coroutines.jvm.internal.DebugProbesKt::probeCoroutineSuspended@3
                      ; - kotlinx.coroutines.BuildersKt__Builders_commonKt::withContext@199 (line 147)
  0x000001c0dcd38608: 746a 4c06 

  0x000001c0dcd3860c: ;   {other}
  0x000001c0dcd3860c: 0f1f 8400 | 7c1a 0015 | 488b 9424 | 1001 0000 | 4885 c075 

  0x000001c0dcd38620: ;   {metadata(method data for {method} {0x000001c0f94181e0} 'throwParameterIsNullNPE' '(Ljava/lang/String;)V' in 'kotlin/jvm/internal/Intrinsics')}
  0x000001c0dcd38620: 1648 bf68 | c256 f9c0 | 0100 0080 | 8f39 0100 | 0001 e9cd 

  0x000001c0dcd38634: ;   {metadata('java/lang/NullPointerException')}
  0x000001c0dcd38634: 0000 0048 | bb70 b406 | 80c0 0100 | 008b 7808 | 49ba 0000 | 0080 c001 | 0000 4903 | fa48 3b5f 
  0x000001c0dcd38654: 500f 858d 

  0x000001c0dcd38658: ;   {metadata(method data for {method} {0x000001c0f94181e0} 'throwParameterIsNullNPE' '(Ljava/lang/String;)V' in 'kotlin/jvm/internal/Intrinsics')}
  0x000001c0dcd38658: 0000 0048 | bf68 c256 | f9c0 0100 | 008b 5808 | 49ba 0000 | 0080 c001 | 0000 4903 | da48 3b9f 
  0x000001c0dcd38678: 5001 0000 | 750d 4883 | 8758 0100 | 0001 e979 | 0000 0048 | 3b9f 6001 | 0000 750d | 4883 8768 
  0x000001c0dcd38698: 0100 0001 | e963 0000 | 0048 83bf | 5001 0000 | 0075 1748 | 899f 5001 | 0000 48c7 | 8758 0100 
  0x000001c0dcd386b8: 0001 0000 | 00e9 4200 | 0000 4883 | bf60 0100 | 0000 7517 | 4889 9f60 | 0100 0048 | c787 6801 
  0x000001c0dcd386d8: 0000 0100 | 0000 e921 | 0000 00e9 | 1c00 0000 

  0x000001c0dcd386e8: ;   {metadata(method data for {method} {0x000001c0f94181e0} 'throwParameterIsNullNPE' '(Ljava/lang/String;)V' in 'kotlin/jvm/internal/Intrinsics')}
  0x000001c0dcd386e8: 48bf 68c2 | 56f9 c001 | 0000 4883 | af40 0100 | 0001 e940 | 0500 00e9 | 0000 0000 

  0x000001c0dcd38704: ; implicit exception: dispatches to 0x000001c0dcd38c48
  0x000001c0dcd38704: 483b 00e9 | 6805 0000 | 488b b424 | c000 0000 | 4885 f60f | 8429 0000 

  0x000001c0dcd3871c: ;   {metadata('kotlinx/coroutines/JobSupport')}
  0x000001c0dcd3871c: 0049 bbf8 | ad0c 81c0 | 0100 008b | 4e08 49ba | 0000 0080 | c001 0000 | 4903 ca4c | 3b59 380f 
  0x000001c0dcd3873c: 850c 0500 | 00e9 0000 | 0000 488b | d648 8bd6 

  0x000001c0dcd3874c: ;   {metadata(method data for {method} {0x000001c0f9692678} 'ensureActive' '(Lkotlinx/coroutines/Job;)V' in 'kotlinx/coroutines/JobKt__JobKt')}
  0x000001c0dcd3874c: 48bb 107a | fefb c001 | 0000 8b52 | 0849 ba00 | 0000 80c0 | 0100 0049 | 03d2 483b | 9378 0100 
  0x000001c0dcd3876c: 0075 0d48 | 8383 8001 | 0000 01e9 | 6000 0000 | 483b 9388 | 0100 0075 | 0d48 8383 | 9001 0000 
  0x000001c0dcd3878c: 01e9 4a00 | 0000 4883 | bb78 0100 | 0000 7517 | 4889 9378 | 0100 0048 | c783 8001 | 0000 0100 
  0x000001c0dcd387ac: 0000 e929 | 0000 0048 | 83bb 8801 | 0000 0075 | 1748 8993 | 8801 0000 | 48c7 8390 | 0100 0001 
  0x000001c0dcd387cc: 0000 00e9 | 0800 0000 | 4883 8368 | 0100 0001 

  0x000001c0dcd387dc: ;   {optimized virtual_call}
  0x000001c0dcd387dc: 488b d6e8 

  0x000001c0dcd387e0: ; ImmutableOopMap {[160]=Oop [168]=Oop [176]=Oop [184]=Oop }
                      ;*invokeinterface getCancellationException {reexecute=0 rethrow=0 return_oop=0}
                      ; - kotlinx.coroutines.JobKt__JobKt::ensureActive@10 (line 585)
                      ; - kotlinx.coroutines.JobKt::ensureActive@1 (line 1)
                      ; - kotlinx.coroutines.JobKt__JobKt::ensureActive@19 (line 603)
                      ; - kotlinx.coroutines.JobKt::ensureActive@1 (line 1)
                      ; - kotlinx.coroutines.BuildersKt__Builders_commonKt::withContext@23 (line 153)
  0x000001c0dcd387e0: 9c62 4c06 

  0x000001c0dcd387e4: ;   {other}
  0x000001c0dcd387e4: 0f1f 8400 | 541c 0016 

  0x000001c0dcd387ec: ; implicit exception: dispatches to 0x000001c0dcd38c52
  0x000001c0dcd387ec: 483b 00e9 | 8004 0000 | 498b 8700 | 0500 004d | 33d2 4d89 | 9700 0500 | 004d 33d2 | 4d89 9708 
  0x000001c0dcd3880c: 0500 0048 | 8984 2418 | 0100 0048 | 8b84 24f0 | 0000 0048 | 8bb4 24e8 

  0x000001c0dcd38824: ;   {metadata(method data for {method} {0x000001c0f962b428} 'withContext' '(Lkotlin/coroutines/CoroutineContext;Lkotlin/jvm/functions/Function2;Lkotlin/coroutines/Continuation;)Ljava/lang/Object;' in 'kotlinx/coroutines/BuildersKt__Builders_commonKt')}
  0x000001c0dcd38824: 0000 0048 | bab0 ece9 | fcc0 0100 | 0048 8382 | 9803 0000 | 0148 8bd6 

  0x000001c0dcd3883c: ;   {static_call}
  0x000001c0dcd3883c: 4c8b c0e8 

  0x000001c0dcd38840: ; ImmutableOopMap {[280]=Oop }
                      ;*invokestatic restoreThreadContext {reexecute=0 rethrow=0 return_oop=0}
                      ; - kotlinx.coroutines.BuildersKt__Builders_commonKt::withContext@157 (line 273)
  0x000001c0dcd38840: dc34 0b07 

  0x000001c0dcd38844: ;   {other}
  0x000001c0dcd38844: 0f1f 8400 | b41c 0017 | 488b 8424 | 1801 0000 | e91b 0400 

  0x000001c0dcd38858: ;   {metadata({method} {0x000001c0f962b428} 'withContext' '(Lkotlin/coroutines/CoroutineContext;Lkotlin/jvm/functions/Function2;Lkotlin/coroutines/Continuation;)Ljava/lang/Object;' in 'kotlinx/coroutines/BuildersKt__Builders_commonKt')}
  0x000001c0dcd38858: 0049 ba20 | b462 f9c0 | 0100 004c | 8954 2408 | 48c7 0424 | ffff ffff 

  0x000001c0dcd38870: ;   {runtime_call counter_overflow Runtime1 stub}
  0x000001c0dcd38870: e88b a658 

  0x000001c0dcd38874: ; ImmutableOopMap {rdx=Oop r8=Oop r9=Oop [152]=Oop [160]=Oop [168]=Oop }
                      ;*synchronization entry
                      ; - kotlinx.coroutines.BuildersKt__Builders_commonKt::withContext@-1 (line 147)
  0x000001c0dcd38874: 06e9 c4e7 

  0x000001c0dcd38878: ;   {runtime_call throw_null_pointer_exception Runtime1 stub}
  0x000001c0dcd38878: ffff e881 

  0x000001c0dcd3887c: ; ImmutableOopMap {r9=Oop [152]=Oop [160]=Oop [168]=Oop }
                      ;*invokeinterface getContext {reexecute=0 rethrow=0 return_oop=0}
                      ; - kotlinx.coroutines.BuildersKt__Builders_commonKt::withContext@6 (line 149)
                      ;   {metadata({method} {0x000001c0f962dda0} 'newCoroutineContext' '(Lkotlin/coroutines/CoroutineContext;Lkotlin/coroutines/CoroutineContext;)Lkotlin/coroutines/CoroutineContext;' in 'kotlinx/coroutines/CoroutineContextKt')}
  0x000001c0dcd3887c: 4558 0649 | ba98 dd62 | f9c0 0100 | 004c 8954 | 2408 48c7 | 0424 ffff 

  0x000001c0dcd38894: ;   {runtime_call counter_overflow Runtime1 stub}
  0x000001c0dcd38894: ffff e865 

  0x000001c0dcd38898: ; ImmutableOopMap {rax=Oop [152]=Oop [160]=Oop [168]=Oop [176]=Oop }
                      ;*synchronization entry
                      ; - kotlinx.coroutines.CoroutineContextKt::newCoroutineContext@-1 (line 31)
                      ; - kotlinx.coroutines.BuildersKt__Builders_commonKt::withContext@16 (line 151)
  0x000001c0dcd38898: a658 06e9 | 9ae8 ffff 

  0x000001c0dcd388a0: ;   {metadata({method} {0x000001c0f962de68} 'hasCopyableElements' '(Lkotlin/coroutines/CoroutineContext;)Z' in 'kotlinx/coroutines/CoroutineContextKt')}
  0x000001c0dcd388a0: 49ba 60de | 62f9 c001 | 0000 4c89 | 5424 0848 | c704 24ff 

  0x000001c0dcd388b4: ;   {runtime_call counter_overflow Runtime1 stub}
  0x000001c0dcd388b4: ffff ffe8 

  0x000001c0dcd388b8: ; ImmutableOopMap {rax=Oop [152]=Oop [160]=Oop [168]=Oop [176]=Oop }
                      ;*synchronization entry
                      ; - kotlinx.coroutines.CoroutineContextKt::hasCopyableElements@-1 (line 36)
                      ; - kotlinx.coroutines.CoroutineContextKt::newCoroutineContext@1 (line 31)
                      ; - kotlinx.coroutines.BuildersKt__Builders_commonKt::withContext@16 (line 151)
  0x000001c0dcd388b8: 44a6 5806 | e9b7 e8ff 

  0x000001c0dcd388c0: ;   {metadata({method} {0x000001c08046dc30} 'valueOf' '(Z)Ljava/lang/Boolean;' in 'java/lang/Boolean')}
  0x000001c0dcd388c0: ff49 ba28 | dc46 80c0 | 0100 004c | 8954 2408 | 48c7 0424 | ffff ffff 

  0x000001c0dcd388d8: ;   {runtime_call counter_overflow Runtime1 stub}
  0x000001c0dcd388d8: e823 a658 

  0x000001c0dcd388dc: ; ImmutableOopMap {rax=Oop [152]=Oop [160]=Oop [168]=Oop [176]=Oop }
                      ;*synchronization entry
                      ; - java.lang.Boolean::valueOf@-1 (line 179)
                      ; - kotlinx.coroutines.CoroutineContextKt::hasCopyableElements@2 (line 36)
                      ; - kotlinx.coroutines.CoroutineContextKt::newCoroutineContext@1 (line 31)
                      ; - kotlinx.coroutines.BuildersKt__Builders_commonKt::withContext@16 (line 151)
  0x000001c0dcd388dc: 06e9 d4e8 

  0x000001c0dcd388e0: ;   {metadata({method} {0x000001c0800ad9c0} 'linkToTargetMethod' '(Ljava/lang/Object;)Ljava/lang/Object;' in 'java/lang/invoke/Invokers$Holder')}
  0x000001c0dcd388e0: ffff 49ba | b8d9 0a80 | c001 0000 | 4c89 5424 | 0848 c704 | 24ff ffff 

  0x000001c0dcd388f8: ;   {runtime_call counter_overflow Runtime1 stub}
  0x000001c0dcd388f8: ffe8 02a6 

  0x000001c0dcd388fc: ; ImmutableOopMap {rdx=Oop r9=Oop [152]=Oop [160]=Oop [168]=Oop [176]=Oop }
                      ;*synchronization entry
                      ; - java.lang.invoke.Invokers$Holder::linkToTargetMethod@-1
                      ; - kotlinx.coroutines.CoroutineContextKt::hasCopyableElements@5 (line 36)
                      ; - kotlinx.coroutines.CoroutineContextKt::newCoroutineContext@1 (line 31)
                      ; - kotlinx.coroutines.BuildersKt__Builders_commonKt::withContext@16 (line 151)
  0x000001c0dcd388fc: 5806 e932 

  0x000001c0dcd38900: ;   {metadata({method} {0x000001c0f9400228} 'invoke' '(Ljava/lang/Object;)Ljava/lang/Object;' in 'java/lang/invoke/LambdaForm$MH+0x000001c081000400')}
  0x000001c0dcd38900: e9ff ff49 | ba20 0240 | f9c0 0100 | 004c 8954 | 2408 48c7 | 0424 ffff 

  0x000001c0dcd38918: ;   {runtime_call counter_overflow Runtime1 stub}
  0x000001c0dcd38918: ffff e8e1 

  0x000001c0dcd3891c: ; ImmutableOopMap {rdx=Oop [152]=Oop [160]=Oop [168]=Oop [176]=Oop }
                      ;*synchronization entry
                      ; - java.lang.invoke.LambdaForm$MH/0x000001c081000400::invoke@-1
                      ; - java.lang.invoke.Invokers$Holder::linkToTargetMethod@4
                      ; - kotlinx.coroutines.CoroutineContextKt::hasCopyableElements@5 (line 36)
                      ; - kotlinx.coroutines.CoroutineContextKt::newCoroutineContext@1 (line 31)
                      ; - kotlinx.coroutines.BuildersKt__Builders_commonKt::withContext@16 (line 151)
  0x000001c0dcd3891c: a558 06e9 | 70e9 ffff 

  0x000001c0dcd38924: ;   {runtime_call throw_null_pointer_exception Runtime1 stub}
  0x000001c0dcd38924: e8d7 4458 

  0x000001c0dcd38928: ; ImmutableOopMap {rdx=Oop r9=Oop [152]=Oop [160]=Oop [168]=Oop [176]=Oop }
                      ;*invokeinterface fold {reexecute=0 rethrow=0 return_oop=0}
                      ; - kotlinx.coroutines.CoroutineContextKt::hasCopyableElements@10 (line 36)
                      ; - kotlinx.coroutines.CoroutineContextKt::newCoroutineContext@1 (line 31)
                      ; - kotlinx.coroutines.BuildersKt__Builders_commonKt::withContext@16 (line 151)
  0x000001c0dcd38928: 0648 8904 

  0x000001c0dcd3892c: ;   {runtime_call throw_class_cast_exception Runtime1 stub}
  0x000001c0dcd3892c: 24e8 ce68 

  0x000001c0dcd38930: ; ImmutableOopMap {[152]=Oop [160]=Oop [168]=Oop [176]=Oop }
                      ;*checkcast {reexecute=0 rethrow=0 return_oop=0}
                      ; - kotlinx.coroutines.CoroutineContextKt::hasCopyableElements@15 (line 36)
                      ; - kotlinx.coroutines.CoroutineContextKt::newCoroutineContext@1 (line 31)
                      ; - kotlinx.coroutines.BuildersKt__Builders_commonKt::withContext@16 (line 151)
                      ;   {runtime_call throw_null_pointer_exception Runtime1 stub}
  0x000001c0dcd38930: 5806 e8c9 

  0x000001c0dcd38934: ; ImmutableOopMap {r8=Oop [152]=Oop [160]=Oop [168]=Oop [176]=Oop }
                      ;*invokevirtual booleanValue {reexecute=0 rethrow=0 return_oop=0}
                      ; - kotlinx.coroutines.CoroutineContextKt::hasCopyableElements@18 (line 36)
                      ; - kotlinx.coroutines.CoroutineContextKt::newCoroutineContext@1 (line 31)
                      ; - kotlinx.coroutines.BuildersKt__Builders_commonKt::withContext@16 (line 151)
                      ;   {runtime_call throw_null_pointer_exception Runtime1 stub}
  0x000001c0dcd38934: 4458 06e8 

  0x000001c0dcd38938: ; ImmutableOopMap {rax=Oop [152]=Oop [160]=Oop [168]=Oop [176]=Oop }
                      ;*invokeinterface plus {reexecute=0 rethrow=0 return_oop=0}
                      ; - kotlinx.coroutines.CoroutineContextKt::newCoroutineContext@9 (line 31)
                      ; - kotlinx.coroutines.BuildersKt__Builders_commonKt::withContext@16 (line 151)
  0x000001c0dcd38938: c444 5806 

  0x000001c0dcd3893c: ;   {metadata({method} {0x000001c0f968fe50} 'ensureActive' '(Lkotlin/coroutines/CoroutineContext;)V' in 'kotlinx/coroutines/JobKt')}
  0x000001c0dcd3893c: 49ba 48fe | 68f9 c001 | 0000 4c89 | 5424 0848 | c704 24ff 

  0x000001c0dcd38950: ;   {runtime_call counter_overflow Runtime1 stub}
  0x000001c0dcd38950: ffff ffe8 

  0x000001c0dcd38954: ; ImmutableOopMap {rax=Oop [160]=Oop [168]=Oop [176]=Oop }
                      ;*synchronization entry
                      ; - kotlinx.coroutines.JobKt::ensureActive@-1 (line 1)
                      ; - kotlinx.coroutines.BuildersKt__Builders_commonKt::withContext@23 (line 153)
  0x000001c0dcd38954: a8a5 5806 | e9c2 ecff 

  0x000001c0dcd3895c: ;   {metadata({method} {0x000001c0f9692748} 'ensureActive' '(Lkotlin/coroutines/CoroutineContext;)V' in 'kotlinx/coroutines/JobKt__JobKt')}
  0x000001c0dcd3895c: ff49 ba40 | 2769 f9c0 | 0100 004c | 8954 2408 | 48c7 0424 | ffff ffff 

  0x000001c0dcd38974: ;   {runtime_call counter_overflow Runtime1 stub}
  0x000001c0dcd38974: e887 a558 

  0x000001c0dcd38978: ; ImmutableOopMap {rax=Oop [160]=Oop [168]=Oop [176]=Oop }
                      ;*synchronization entry
                      ; - kotlinx.coroutines.JobKt__JobKt::ensureActive@-1 (line 603)
                      ; - kotlinx.coroutines.JobKt::ensureActive@1 (line 1)
                      ; - kotlinx.coroutines.BuildersKt__Builders_commonKt::withContext@23 (line 153)
  0x000001c0dcd38978: 06e9 dcec 

  0x000001c0dcd3897c: ;   {runtime_call throw_null_pointer_exception Runtime1 stub}
  0x000001c0dcd3897c: ffff e87d 

  0x000001c0dcd38980: ; ImmutableOopMap {rax=Oop [160]=Oop [168]=Oop [176]=Oop }
                      ;*invokeinterface get {reexecute=0 rethrow=0 return_oop=0}
                      ; - kotlinx.coroutines.JobKt__JobKt::ensureActive@7 (line 603)
                      ; - kotlinx.coroutines.JobKt::ensureActive@1 (line 1)
                      ; - kotlinx.coroutines.BuildersKt__Builders_commonKt::withContext@23 (line 153)
  0x000001c0dcd38980: 4458 0648 

  0x000001c0dcd38984: ;   {runtime_call throw_class_cast_exception Runtime1 stub}
  0x000001c0dcd38984: 8904 24e8 

  0x000001c0dcd38988: ; ImmutableOopMap {[160]=Oop [168]=Oop [176]=Oop [184]=Oop }
                      ;*checkcast {reexecute=0 rethrow=0 return_oop=0}
                      ; - kotlinx.coroutines.JobKt__JobKt::ensureActive@12 (line 603)
                      ; - kotlinx.coroutines.JobKt::ensureActive@1 (line 1)
                      ; - kotlinx.coroutines.BuildersKt__Builders_commonKt::withContext@23 (line 153)
  0x000001c0dcd38988: 7468 5806 

  0x000001c0dcd3898c: ;   {metadata({method} {0x000001c0f968fda8} 'ensureActive' '(Lkotlinx/coroutines/Job;)V' in 'kotlinx/coroutines/JobKt')}
  0x000001c0dcd3898c: 49ba a0fd | 68f9 c001 | 0000 4c89 | 5424 0848 | c704 24ff 

  0x000001c0dcd389a0: ;   {runtime_call counter_overflow Runtime1 stub}
  0x000001c0dcd389a0: ffff ffe8 

  0x000001c0dcd389a4: ; ImmutableOopMap {rsi=Oop [160]=Oop [168]=Oop [176]=Oop [184]=Oop }
                      ;*synchronization entry
                      ; - kotlinx.coroutines.JobKt::ensureActive@-1 (line 1)
                      ; - kotlinx.coroutines.JobKt__JobKt::ensureActive@19 (line 603)
                      ; - kotlinx.coroutines.JobKt::ensureActive@1 (line 1)
                      ; - kotlinx.coroutines.BuildersKt__Builders_commonKt::withContext@23 (line 153)
  0x000001c0dcd389a4: 58a5 5806 | e9e4 eeff 

  0x000001c0dcd389ac: ;   {metadata({method} {0x000001c0f9692678} 'ensureActive' '(Lkotlinx/coroutines/Job;)V' in 'kotlinx/coroutines/JobKt__JobKt')}
  0x000001c0dcd389ac: ff49 ba70 | 2669 f9c0 | 0100 004c | 8954 2408 | 48c7 0424 | ffff ffff 

  0x000001c0dcd389c4: ;   {runtime_call counter_overflow Runtime1 stub}
  0x000001c0dcd389c4: e837 a558 

  0x000001c0dcd389c8: ; ImmutableOopMap {rsi=Oop [160]=Oop [168]=Oop [176]=Oop [184]=Oop }
                      ;*synchronization entry
                      ; - kotlinx.coroutines.JobKt__JobKt::ensureActive@-1 (line 585)
                      ; - kotlinx.coroutines.JobKt::ensureActive@1 (line 1)
                      ; - kotlinx.coroutines.JobKt__JobKt::ensureActive@19 (line 603)
                      ; - kotlinx.coroutines.JobKt::ensureActive@1 (line 1)
                      ; - kotlinx.coroutines.BuildersKt__Builders_commonKt::withContext@23 (line 153)
  0x000001c0dcd389c8: 06e9 fcee 

  0x000001c0dcd389cc: ;   {runtime_call throw_null_pointer_exception Runtime1 stub}
  0x000001c0dcd389cc: ffff e82d 

  0x000001c0dcd389d0: ; ImmutableOopMap {rsi=Oop [160]=Oop [168]=Oop [176]=Oop [184]=Oop }
                      ;*invokeinterface isActive {reexecute=0 rethrow=0 return_oop=0}
                      ; - kotlinx.coroutines.JobKt__JobKt::ensureActive@1 (line 585)
                      ; - kotlinx.coroutines.JobKt::ensureActive@1 (line 1)
                      ; - kotlinx.coroutines.JobKt__JobKt::ensureActive@19 (line 603)
                      ; - kotlinx.coroutines.JobKt::ensureActive@1 (line 1)
                      ; - kotlinx.coroutines.BuildersKt__Builders_commonKt::withContext@23 (line 153)
  0x000001c0dcd389d0: 4458 0648 

  0x000001c0dcd389d4: ;   {runtime_call fast_new_instance Runtime1 stub}
  0x000001c0dcd389d4: 8bd2 e825 

  0x000001c0dcd389d8: ; ImmutableOopMap {rbx=Oop [160]=Oop [168]=Oop }
                      ;*new {reexecute=0 rethrow=0 return_oop=0}
                      ; - kotlinx.coroutines.BuildersKt__Builders_commonKt::withContext@33 (line 156)
  0x000001c0dcd389d8: 4d58 06e9 | 78f0 ffff 

  0x000001c0dcd389e0: ;   {metadata({method} {0x000001c0f9806478} '<init>' '(Lkotlin/coroutines/CoroutineContext;Lkotlin/coroutines/Continuation;)V' in 'kotlinx/coroutines/internal/ScopeCoroutine')}
  0x000001c0dcd389e0: 49ba 7064 | 80f9 c001 | 0000 4c89 | 5424 0848 | c704 24ff 

  0x000001c0dcd389f4: ;   {runtime_call counter_overflow Runtime1 stub}
  0x000001c0dcd389f4: ffff ffe8 

  0x000001c0dcd389f8: ; ImmutableOopMap {rbx=Oop rax=Oop [160]=Oop [168]=Oop }
                      ;*synchronization entry
                      ; - kotlinx.coroutines.internal.ScopeCoroutine::<init>@-1 (line 14)
                      ; - kotlinx.coroutines.BuildersKt__Builders_commonKt::withContext@40 (line 156)
  0x000001c0dcd389f8: 04a5 5806 | e995 f0ff | ff8b 5018 | 48c1 e203 | 4883 fa00 | 0f84 d7f0 | ffff 4889 

  0x000001c0dcd38a14: ;   {runtime_call g1_pre_barrier_slow}
  0x000001c0dcd38a14: 1424 e8e5 | aa58 06e9 | c9f0 ffff | 4983 f900 | 0f84 e6f0 | ffff 4889 

  0x000001c0dcd38a2c: ;   {runtime_call g1_post_barrier_slow}
  0x000001c0dcd38a2c: 0424 e8cd | ad58 06e9 | d8f0 ffff 

  0x000001c0dcd38a38: ;   {metadata({method} {0x000001c0f980b628} 'startUndispatchedOrReturn' '(Lkotlinx/coroutines/internal/ScopeCoroutine;Ljava/lang/Object;Lkotlin/jvm/functions/Function2;)Ljava/lang/Object;' in 'kotlinx/coroutines/intrinsics/UndispatchedKt')}
  0x000001c0dcd38a38: 49ba 20b6 | 80f9 c001 | 0000 4c89 | 5424 0848 | c704 24ff 

  0x000001c0dcd38a4c: ;   {runtime_call counter_overflow Runtime1 stub}
  0x000001c0dcd38a4c: ffff ffe8 

  0x000001c0dcd38a50: ; ImmutableOopMap {rax=Oop r9=Oop [160]=Oop [168]=Oop }
                      ;*synchronization entry
                      ; - kotlinx.coroutines.intrinsics.UndispatchedKt::startUndispatchedOrReturn@-1 (line 43)
                      ; - kotlinx.coroutines.BuildersKt__Builders_commonKt::withContext@50 (line 157)
  0x000001c0dcd38a50: aca4 5806 | e9f5 f0ff 

  0x000001c0dcd38a58: ;   {runtime_call throw_null_pointer_exception Runtime1 stub}
  0x000001c0dcd38a58: ffe8 a243 

  0x000001c0dcd38a5c: ; ImmutableOopMap {rax=Oop rsi=Oop [160]=Oop [168]=Oop [176]=Oop [184]=Oop [208]=Oop }
                      ;*invokeinterface get {reexecute=0 rethrow=0 return_oop=0}
                      ; - kotlinx.coroutines.BuildersKt__Builders_commonKt::withContext@77 (line 161)
                      ;   {metadata({method} {0x000001c0f94185a0} 'areEqual' '(Ljava/lang/Object;Ljava/lang/Object;)Z' in 'kotlin/jvm/internal/Intrinsics')}
  0x000001c0dcd38a5c: 5806 49ba | 9885 41f9 | c001 0000 | 4c89 5424 | 0848 c704 | 24ff ffff 

  0x000001c0dcd38a74: ;   {runtime_call counter_overflow Runtime1 stub}
  0x000001c0dcd38a74: ffe8 86a4 

  0x000001c0dcd38a78: ; ImmutableOopMap {rax=Oop [160]=Oop [168]=Oop [184]=Oop [216]=Oop }
                      ;*synchronization entry
                      ; - kotlin.jvm.internal.Intrinsics::areEqual@-1 (line 169)
                      ; - kotlinx.coroutines.BuildersKt__Builders_commonKt::withContext@82 (line 161)
  0x000001c0dcd38a78: 5806 e9f8 

  0x000001c0dcd38a7c: ;   {runtime_call throw_null_pointer_exception Runtime1 stub}
  0x000001c0dcd38a7c: f2ff ffe8 

  0x000001c0dcd38a80: ; ImmutableOopMap {rdx=Oop rax=Oop [160]=Oop [168]=Oop [184]=Oop }
                      ;*invokevirtual equals {reexecute=0 rethrow=0 return_oop=0}
                      ; - kotlin.jvm.internal.Intrinsics::areEqual@18 (line 169)
                      ; - kotlinx.coroutines.BuildersKt__Builders_commonKt::withContext@82 (line 161)
  0x000001c0dcd38a80: 7c43 5806 

  0x000001c0dcd38a84: ;   {runtime_call fast_new_instance Runtime1 stub}
  0x000001c0dcd38a84: 488b d2e8 

  0x000001c0dcd38a88: ; ImmutableOopMap {[160]=Oop [168]=Oop [184]=Oop }
                      ;*new {reexecute=0 rethrow=0 return_oop=0}
                      ; - kotlinx.coroutines.BuildersKt__Builders_commonKt::withContext@88 (line 162)
  0x000001c0dcd38a88: 744c 5806 | e9bf f4ff 

  0x000001c0dcd38a90: ;   {metadata({method} {0x000001c0f980b628} 'startUndispatchedOrReturn' '(Lkotlinx/coroutines/internal/ScopeCoroutine;Ljava/lang/Object;Lkotlin/jvm/functions/Function2;)Ljava/lang/Object;' in 'kotlinx/coroutines/intrinsics/UndispatchedKt')}
  0x000001c0dcd38a90: ff49 ba20 | b680 f9c0 | 0100 004c | 8954 2408 | 48c7 0424 | ffff ffff 

  0x000001c0dcd38aa8: ;   {runtime_call counter_overflow Runtime1 stub}
  0x000001c0dcd38aa8: e853 a458 

  0x000001c0dcd38aac: ; ImmutableOopMap {rax=Oop [160]=Oop [168]=Oop [224]=Oop [232]=Oop [240]=Oop }
                      ;*synchronization entry
                      ; - kotlinx.coroutines.intrinsics.UndispatchedKt::startUndispatchedOrReturn@-1 (line 43)
                      ; - kotlinx.coroutines.BuildersKt__Builders_commonKt::withContext@134 (line 165)
  0x000001c0dcd38aac: 06e9 90f5 | ffff 488b 

  0x000001c0dcd38ab4: ;   {runtime_call fast_new_instance Runtime1 stub}
  0x000001c0dcd38ab4: d2e8 464c 

  0x000001c0dcd38ab8: ; ImmutableOopMap {[160]=Oop [168]=Oop [184]=Oop }
                      ;*new {reexecute=0 rethrow=0 return_oop=0}
                      ; - kotlinx.coroutines.BuildersKt__Builders_commonKt::withContext@163 (line 169)
  0x000001c0dcd38ab8: 5806 e966 

  0x000001c0dcd38abc: ;   {metadata({method} {0x000001c0f9805660} '<init>' '(Lkotlin/coroutines/CoroutineContext;Lkotlin/coroutines/Continuation;)V' in 'kotlinx/coroutines/DispatchedCoroutine')}
  0x000001c0dcd38abc: f6ff ff49 | ba58 5680 | f9c0 0100 | 004c 8954 | 2408 48c7 | 0424 ffff 

  0x000001c0dcd38ad4: ;   {runtime_call counter_overflow Runtime1 stub}
  0x000001c0dcd38ad4: ffff e825 

  0x000001c0dcd38ad8: ; ImmutableOopMap {rax=Oop [160]=Oop [168]=Oop [184]=Oop [256]=Oop }
                      ;*synchronization entry
                      ; - kotlinx.coroutines.DispatchedCoroutine::<init>@-1 (line 222)
                      ; - kotlinx.coroutines.BuildersKt__Builders_commonKt::withContext@170 (line 169)
  0x000001c0dcd38ad8: a458 06e9 | 8bf6 ffff 

  0x000001c0dcd38ae0: ;   {metadata({method} {0x000001c0f9806478} '<init>' '(Lkotlin/coroutines/CoroutineContext;Lkotlin/coroutines/Continuation;)V' in 'kotlinx/coroutines/internal/ScopeCoroutine')}
  0x000001c0dcd38ae0: 49ba 7064 | 80f9 c001 | 0000 4c89 | 5424 0848 | c704 24ff 

  0x000001c0dcd38af4: ;   {runtime_call counter_overflow Runtime1 stub}
  0x000001c0dcd38af4: ffff ffe8 

  0x000001c0dcd38af8: ; ImmutableOopMap {rax=Oop [160]=Oop [168]=Oop [184]=Oop [256]=Oop }
                      ;*synchronization entry
                      ; - kotlinx.coroutines.internal.ScopeCoroutine::<init>@-1 (line 14)
                      ; - kotlinx.coroutines.DispatchedCoroutine::<init>@3 (line 222)
                      ; - kotlinx.coroutines.BuildersKt__Builders_commonKt::withContext@170 (line 169)
  0x000001c0dcd38af8: 04a4 5806 | e9a8 f6ff | ff8b 5018 | 48c1 e203 | 4883 fa00 | 0f84 e7f6 | ffff 4889 

  0x000001c0dcd38b14: ;   {runtime_call g1_pre_barrier_slow}
  0x000001c0dcd38b14: 1424 e8e5 | a958 06e9 | d9f6 ffff | 4983 f900 | 0f84 f6f6 | ffff 4889 

  0x000001c0dcd38b2c: ;   {runtime_call g1_post_barrier_slow}
  0x000001c0dcd38b2c: 0424 e8cd | ac58 06e9 | e8f6 ffff 

  0x000001c0dcd38b38: ;   {metadata({method} {0x000001c0f964e550} 'getCOROUTINE_SUSPENDED' '()Ljava/lang/Object;' in 'kotlin/coroutines/intrinsics/IntrinsicsKt__IntrinsicsKt')}
  0x000001c0dcd38b38: 49ba 48e5 | 64f9 c001 | 0000 4c89 | 5424 0848 | c704 24ff 

  0x000001c0dcd38b4c: ;   {runtime_call counter_overflow Runtime1 stub}
  0x000001c0dcd38b4c: ffff ffe8 

  0x000001c0dcd38b50: ; ImmutableOopMap {rax=Oop [160]=Oop }
                      ;*synchronization entry
                      ; - kotlin.coroutines.intrinsics.IntrinsicsKt__IntrinsicsKt::getCOROUTINE_SUSPENDED@-1 (line 57)
                      ; - kotlinx.coroutines.BuildersKt__Builders_commonKt::withContext@192 (line 147)
  0x000001c0dcd38b50: aca3 5806 | e964 f7ff 

  0x000001c0dcd38b58: ;   {metadata({method} {0x000001c0f9650578} 'probeCoroutineSuspended' '(Lkotlin/coroutines/Continuation;)V' in 'kotlin/coroutines/jvm/internal/DebugProbesKt')}
  0x000001c0dcd38b58: ff49 ba70 | 0565 f9c0 | 0100 004c | 8954 2408 | 48c7 0424 | ffff ffff 

  0x000001c0dcd38b70: ;   {runtime_call counter_overflow Runtime1 stub}
  0x000001c0dcd38b70: e88b a358 

  0x000001c0dcd38b74: ; ImmutableOopMap {rax=Oop r9=Oop [160]=Oop }
                      ;*synchronization entry
                      ; - kotlin.coroutines.jvm.internal.DebugProbesKt::probeCoroutineSuspended@-1
                      ; - kotlinx.coroutines.BuildersKt__Builders_commonKt::withContext@199 (line 147)
  0x000001c0dcd38b74: 06e9 caf7 

  0x000001c0dcd38b78: ;   {metadata({method} {0x000001c0f9418070} 'checkNotNullParameter' '(Ljava/lang/Object;Ljava/lang/String;)V' in 'kotlin/jvm/internal/Intrinsics')}
  0x000001c0dcd38b78: ffff 49ba | 6880 41f9 | c001 0000 | 4c89 5424 | 0848 c704 | 24ff ffff 

  0x000001c0dcd38b90: ;   {runtime_call counter_overflow Runtime1 stub}
  0x000001c0dcd38b90: ffe8 6aa3 

  0x000001c0dcd38b94: ; ImmutableOopMap {rax=Oop r9=Oop [160]=Oop }
                      ;*synchronization entry
                      ; - kotlin.jvm.internal.Intrinsics::checkNotNullParameter@-1 (line 130)
                      ; - kotlin.coroutines.jvm.internal.DebugProbesKt::probeCoroutineSuspended@3
                      ; - kotlinx.coroutines.BuildersKt__Builders_commonKt::withContext@199 (line 147)
  0x000001c0dcd38b94: 5806 e9e2 

  0x000001c0dcd38b98: ;   {metadata({method} {0x000001c0f94181e0} 'throwParameterIsNullNPE' '(Ljava/lang/String;)V' in 'kotlin/jvm/internal/Intrinsics')}
  0x000001c0dcd38b98: f7ff ff49 | bad8 8141 | f9c0 0100 | 004c 8954 | 2408 48c7 | 0424 ffff 

  0x000001c0dcd38bb0: ;   {runtime_call counter_overflow Runtime1 stub}
  0x000001c0dcd38bb0: ffff e849 

  0x000001c0dcd38bb4: ; ImmutableOopMap {[272]=Oop }
                      ;*synchronization entry
                      ; - kotlin.jvm.internal.Intrinsics::throwParameterIsNullNPE@-1 (line 140)
                      ; - kotlin.jvm.internal.Intrinsics::checkNotNullParameter@5 (line 131)
                      ; - kotlin.coroutines.jvm.internal.DebugProbesKt::probeCoroutineSuspended@3
                      ; - kotlinx.coroutines.BuildersKt__Builders_commonKt::withContext@199 (line 147)
  0x000001c0dcd38bb4: a358 06e9 | 31f8 ffff 

  0x000001c0dcd38bbc: ;   {metadata(nullptr)}
  0x000001c0dcd38bbc: 48ba 0000 | 0000 0000 | 0000 b800 

  0x000001c0dcd38bc8: ;   {runtime_call load_klass_patching Runtime1 stub}
  0x000001c0dcd38bc8: 0f05 0ae8 

  0x000001c0dcd38bcc: ; ImmutableOopMap {[272]=Oop }
                      ;*new {reexecute=1 rethrow=0 return_oop=0}
                      ; - (reexecute) kotlin.jvm.internal.Intrinsics::throwParameterIsNullNPE@0 (line 140)
                      ; - kotlin.jvm.internal.Intrinsics::checkNotNullParameter@5 (line 131)
                      ; - kotlin.coroutines.jvm.internal.DebugProbesKt::probeCoroutineSuspended@3
                      ; - kotlinx.coroutines.BuildersKt__Builders_commonKt::withContext@199 (line 147)
  0x000001c0dcd38bcc: b092 5806 | e91b f8ff | ff48 8bd2 

  0x000001c0dcd38bd8: ;   {runtime_call fast_new_instance Runtime1 stub}
  0x000001c0dcd38bd8: e823 4b58 

  0x000001c0dcd38bdc: ; ImmutableOopMap {[272]=Oop }
                      ;*new {reexecute=0 rethrow=0 return_oop=0}
                      ; - kotlin.jvm.internal.Intrinsics::throwParameterIsNullNPE@0 (line 140)
                      ; - kotlin.jvm.internal.Intrinsics::checkNotNullParameter@5 (line 131)
                      ; - kotlin.coroutines.jvm.internal.DebugProbesKt::probeCoroutineSuspended@3
                      ; - kotlinx.coroutines.BuildersKt__Builders_commonKt::withContext@199 (line 147)
  0x000001c0dcd38bdc: 06e9 6af8 

  0x000001c0dcd38be0: ;   {metadata({method} {0x000001c0f9419220} 'sanitizeStackTrace' '(Ljava/lang/Throwable;)Ljava/lang/Throwable;' in 'kotlin/jvm/internal/Intrinsics')}
  0x000001c0dcd38be0: ffff 49ba | 1892 41f9 | c001 0000 | 4c89 5424 | 0848 c704 | 24ff ffff 

  0x000001c0dcd38bf8: ;   {runtime_call counter_overflow Runtime1 stub}
  0x000001c0dcd38bf8: ffe8 02a3 

  0x000001c0dcd38bfc: ; ImmutableOopMap {[264]=Oop [272]=Oop }
                      ;*synchronization entry
                      ; - kotlin.jvm.internal.Intrinsics::sanitizeStackTrace@-1 (line 253)
                      ; - kotlin.jvm.internal.Intrinsics::throwParameterIsNullNPE@11 (line 140)
                      ; - kotlin.jvm.internal.Intrinsics::checkNotNullParameter@5 (line 131)
                      ; - kotlin.coroutines.jvm.internal.DebugProbesKt::probeCoroutineSuspended@3
                      ; - kotlinx.coroutines.BuildersKt__Builders_commonKt::withContext@199 (line 147)
  0x000001c0dcd38bfc: 5806 e9f2 

  0x000001c0dcd38c00: ;   {metadata({method} {0x000001c0804696a8} 'getName' '()Ljava/lang/String;' in 'java/lang/Class')}
  0x000001c0dcd38c00: f8ff ff49 | baa0 9646 | 80c0 0100 | 004c 8954 | 2408 48c7 | 0424 ffff 

  0x000001c0dcd38c18: ;   {runtime_call counter_overflow Runtime1 stub}
  0x000001c0dcd38c18: ffff e8e1 

  0x000001c0dcd38c1c: ; ImmutableOopMap {rdx=Oop [264]=Oop [272]=Oop }
                      ;*synchronization entry
                      ; - java.lang.Class::getName@-1 (line 949)
                      ; - kotlin.jvm.internal.Intrinsics::sanitizeStackTrace@3 (line 253)
                      ; - kotlin.jvm.internal.Intrinsics::throwParameterIsNullNPE@11 (line 140)
                      ; - kotlin.jvm.internal.Intrinsics::checkNotNullParameter@5 (line 131)
                      ; - kotlin.coroutines.jvm.internal.DebugProbesKt::probeCoroutineSuspended@3
                      ; - kotlinx.coroutines.BuildersKt__Builders_commonKt::withContext@199 (line 147)
  0x000001c0dcd38c1c: a258 06e9 | 17f9 ffff 

  0x000001c0dcd38c24: ;   {runtime_call throw_null_pointer_exception Runtime1 stub}
  0x000001c0dcd38c24: e8d7 4158 

  0x000001c0dcd38c28: ; ImmutableOopMap {[264]=Oop [272]=Oop }
                      ;*getfield name {reexecute=1 rethrow=0 return_oop=0}
                      ; - (reexecute) java.lang.Class::getName@1 (line 949)
                      ; - kotlin.jvm.internal.Intrinsics::sanitizeStackTrace@3 (line 253)
                      ; - kotlin.jvm.internal.Intrinsics::throwParameterIsNullNPE@11 (line 140)
                      ; - kotlin.jvm.internal.Intrinsics::checkNotNullParameter@5 (line 131)
                      ; - kotlin.coroutines.jvm.internal.DebugProbesKt::probeCoroutineSuspended@3
                      ; - kotlinx.coroutines.BuildersKt__Builders_commonKt::withContext@199 (line 147)
                      ;   {internal_word}
  0x000001c0dcd38c28: 0649 badc | 85d3 dcc0 | 0100 004d | 8997 6804 

  0x000001c0dcd38c38: ;   {runtime_call SafepointBlob}
  0x000001c0dcd38c38: 0000 e941 | c84c 0648 

  0x000001c0dcd38c40: ;   {runtime_call throw_class_cast_exception Runtime1 stub}
  0x000001c0dcd38c40: 8904 24e8 

  0x000001c0dcd38c44: ; ImmutableOopMap {rdx=Oop }
                      ;*checkcast {reexecute=0 rethrow=0 return_oop=0}
                      ; - kotlin.jvm.internal.Intrinsics::throwParameterIsNullNPE@14 (line 140)
                      ; - kotlin.jvm.internal.Intrinsics::checkNotNullParameter@5 (line 131)
                      ; - kotlin.coroutines.jvm.internal.DebugProbesKt::probeCoroutineSuspended@3
                      ; - kotlinx.coroutines.BuildersKt__Builders_commonKt::withContext@199 (line 147)
  0x000001c0dcd38c44: b865 5806 

  0x000001c0dcd38c48: ;   {runtime_call throw_null_pointer_exception Runtime1 stub}
  0x000001c0dcd38c48: e8b3 4158 

  0x000001c0dcd38c4c: ; ImmutableOopMap {rdx=Oop rax=Oop }
                      ;*athrow {reexecute=1 rethrow=0 return_oop=0}
                      ; - (reexecute) kotlin.jvm.internal.Intrinsics::throwParameterIsNullNPE@17 (line 140)
                      ; - kotlin.jvm.internal.Intrinsics::checkNotNullParameter@5 (line 131)
                      ; - kotlin.coroutines.jvm.internal.DebugProbesKt::probeCoroutineSuspended@3
                      ; - kotlinx.coroutines.BuildersKt__Builders_commonKt::withContext@199 (line 147)
                      ;   {runtime_call throw_incompatible_class_change_error Runtime1 stub}
  0x000001c0dcd38c4c: 06e8 ae68 

  0x000001c0dcd38c50: ; ImmutableOopMap {rsi=Oop [160]=Oop [168]=Oop [176]=Oop [184]=Oop }
                      ;*invokeinterface getCancellationException {reexecute=0 rethrow=0 return_oop=0}
                      ; - kotlinx.coroutines.JobKt__JobKt::ensureActive@10 (line 585)
                      ; - kotlinx.coroutines.JobKt::ensureActive@1 (line 1)
                      ; - kotlinx.coroutines.JobKt__JobKt::ensureActive@19 (line 603)
                      ; - kotlinx.coroutines.JobKt::ensureActive@1 (line 1)
                      ; - kotlinx.coroutines.BuildersKt__Builders_commonKt::withContext@23 (line 153)
                      ;   {runtime_call throw_null_pointer_exception Runtime1 stub}
  0x000001c0dcd38c50: 5806 e8a9 

  0x000001c0dcd38c54: ; ImmutableOopMap {rax=Oop [160]=Oop [168]=Oop [176]=Oop [184]=Oop }
                      ;*athrow {reexecute=1 rethrow=0 return_oop=0}
                      ; - (reexecute) kotlinx.coroutines.JobKt__JobKt::ensureActive@15 (line 585)
                      ; - kotlinx.coroutines.JobKt::ensureActive@1 (line 1)
                      ; - kotlinx.coroutines.JobKt__JobKt::ensureActive@19 (line 603)
                      ; - kotlinx.coroutines.JobKt::ensureActive@1 (line 1)
                      ; - kotlinx.coroutines.BuildersKt__Builders_commonKt::withContext@23 (line 153)
  0x000001c0dcd38c54: 4158 0649 | 8b87 0005 | 0000 49c7 | 8700 0500 | 0000 0000 | 0049 c787 | 0805 0000 | 0000 0000 
  0x000001c0dcd38c74: 4881 c430 | 0100 005d 

  0x000001c0dcd38c7c: ;   {runtime_call unwind_exception Runtime1 stub}
  0x000001c0dcd38c7c: e97f 2958 | 06f4 f4f4 | f4f4 f4f4 
[Stub Code]
  0x000001c0dcd38c88: ;   {no_reloc}
  0x000001c0dcd38c88: 0f1f 4400 

  0x000001c0dcd38c8c: ;   {static_stub}
  0x000001c0dcd38c8c: 0048 bb00 | 0000 0000 

  0x000001c0dcd38c94: ;   {runtime_call nmethod}
  0x000001c0dcd38c94: 0000 00e9 | fbff ffff 

  0x000001c0dcd38c9c: ;   {static_stub}
  0x000001c0dcd38c9c: 9048 bb00 | 0000 0000 

  0x000001c0dcd38ca4: ;   {runtime_call nmethod}
  0x000001c0dcd38ca4: 0000 00e9 | fbff ffff 

  0x000001c0dcd38cac: ;   {static_stub}
  0x000001c0dcd38cac: 9048 bb00 | 0000 0000 

  0x000001c0dcd38cb4: ;   {runtime_call nmethod}
  0x000001c0dcd38cb4: 0000 00e9 | fbff ffff 

  0x000001c0dcd38cbc: ;   {static_stub}
  0x000001c0dcd38cbc: 9048 bb00 | 0000 0000 

  0x000001c0dcd38cc4: ;   {runtime_call nmethod}
  0x000001c0dcd38cc4: 0000 00e9 | fbff ffff 

  0x000001c0dcd38ccc: ;   {static_stub}
  0x000001c0dcd38ccc: 9048 bb00 | 0000 0000 

  0x000001c0dcd38cd4: ;   {runtime_call nmethod}
  0x000001c0dcd38cd4: 0000 00e9 | fbff ffff 

  0x000001c0dcd38cdc: ;   {static_stub}
  0x000001c0dcd38cdc: 9048 bb00 | 0000 0000 

  0x000001c0dcd38ce4: ;   {runtime_call nmethod}
  0x000001c0dcd38ce4: 0000 00e9 | fbff ffff 

  0x000001c0dcd38cec: ;   {static_stub}
  0x000001c0dcd38cec: 9048 bb00 | 0000 0000 

  0x000001c0dcd38cf4: ;   {runtime_call nmethod}
  0x000001c0dcd38cf4: 0000 00e9 | fbff ffff 

  0x000001c0dcd38cfc: ;   {static_stub}
  0x000001c0dcd38cfc: 9048 bb00 | 0000 0000 

  0x000001c0dcd38d04: ;   {runtime_call nmethod}
  0x000001c0dcd38d04: 0000 00e9 | fbff ffff 

  0x000001c0dcd38d0c: ;   {static_stub}
  0x000001c0dcd38d0c: 9048 bb00 | 0000 0000 

  0x000001c0dcd38d14: ;   {runtime_call nmethod}
  0x000001c0dcd38d14: 0000 00e9 | fbff ffff 

  0x000001c0dcd38d1c: ;   {static_stub}
  0x000001c0dcd38d1c: 48bb 0000 | 0000 0000 

  0x000001c0dcd38d24: ;   {runtime_call nmethod}
  0x000001c0dcd38d24: 0000 e9fb 

  0x000001c0dcd38d28: ;   {static_stub}
  0x000001c0dcd38d28: ffff ff48 | bb00 0000 | 0000 0000 

  0x000001c0dcd38d34: ;   {runtime_call nmethod}
  0x000001c0dcd38d34: 00e9 fbff 

  0x000001c0dcd38d38: ;   {static_stub}
  0x000001c0dcd38d38: ffff 48bb | 0000 0000 | 0000 0000 

  0x000001c0dcd38d44: ;   {runtime_call nmethod}
  0x000001c0dcd38d44: e9fb ffff 

  0x000001c0dcd38d48: ;   {static_stub}
  0x000001c0dcd38d48: ff48 bb00 | 0000 0000 

  0x000001c0dcd38d50: ;   {runtime_call nmethod}
  0x000001c0dcd38d50: 0000 00e9 | fbff ffff 

  0x000001c0dcd38d58: ;   {static_stub}
  0x000001c0dcd38d58: 48bb 0000 | 0000 0000 

  0x000001c0dcd38d60: ;   {runtime_call nmethod}
  0x000001c0dcd38d60: 0000 e9fb 

  0x000001c0dcd38d64: ;   {static_stub}
  0x000001c0dcd38d64: ffff ff48 | bbf8 9180 | f9c0 0100 

  0x000001c0dcd38d70: ;   {runtime_call I2C/C2I adapters}
  0x000001c0dcd38d70: 00e9 f520 

  0x000001c0dcd38d74: ;   {static_stub}
  0x000001c0dcd38d74: 4c06 48bb | 0000 0000 | 0000 0000 

  0x000001c0dcd38d80: ;   {runtime_call nmethod}
  0x000001c0dcd38d80: e9fb ffff 

  0x000001c0dcd38d84: ;   {static_stub}
  0x000001c0dcd38d84: ff48 bb00 | 0000 0000 

  0x000001c0dcd38d8c: ;   {runtime_call nmethod}
  0x000001c0dcd38d8c: 0000 00e9 | fbff ffff 

  0x000001c0dcd38d94: ;   {static_stub}
  0x000001c0dcd38d94: 48bb 0000 | 0000 0000 

  0x000001c0dcd38d9c: ;   {runtime_call nmethod}
  0x000001c0dcd38d9c: 0000 e9fb 

  0x000001c0dcd38da0: ;   {static_stub}
  0x000001c0dcd38da0: ffff ff48 | bbb0 5c80 | f9c0 0100 

  0x000001c0dcd38dac: ;   {runtime_call I2C/C2I adapters}
  0x000001c0dcd38dac: 00e9 b1a6 

  0x000001c0dcd38db0: ;   {static_stub}
  0x000001c0dcd38db0: 4c06 48bb | 0000 0000 | 0000 0000 

  0x000001c0dcd38dbc: ;   {runtime_call nmethod}
  0x000001c0dcd38dbc: e9fb ffff 

  0x000001c0dcd38dc0: ;   {static_stub}
  0x000001c0dcd38dc0: ff48 bb00 | 0000 0000 

  0x000001c0dcd38dc8: ;   {runtime_call nmethod}
  0x000001c0dcd38dc8: 0000 00e9 | fbff ffff 
[Exception Handler]
  0x000001c0dcd38dd0: ;   {runtime_call handle_exception_from_callee Runtime1 stub}
  0x000001c0dcd38dd0: e82b 5e58 

  0x000001c0dcd38dd4: ;   {external_word}
  0x000001c0dcd38dd4: 0648 b940 | 6331 f6fa | 7f00 0048 

  0x000001c0dcd38de0: ;   {runtime_call}
  0x000001c0dcd38de0: 83e4 f048 | b8d0 c4f3 | f5fa 7f00 | 00ff d0f4 
[Deopt Handler Code]
  0x000001c0dcd38df0: ;   {section_word}
  0x000001c0dcd38df0: 49ba f08d | d3dc c001 | 0000 4152 

  0x000001c0dcd38dfc: ;   {runtime_call DeoptimizationBlob}
  0x000001c0dcd38dfc: e91f b94c | 06f4 f4f4 | f4f4 f4f4 
[/MachCode]


---------------  P R O C E S S  ---------------

Threads class SMR info:
_java_thread_list=0x000001c16637cea0, length=90, elements={
0x000001c0d365f850, 0x000001c0f5997fe0, 0x000001c0f5998650, 0x000001c0f599dcf0,
0x000001c0f59a11a0, 0x000001c0f599f760, 0x000001c0f599e3b0, 0x000001c0f59ce6c0,
0x000001c0f8a748a0, 0x000001c0f599f0d0, 0x000001c0f599fdf0, 0x000001c0f59a1830,
0x000001c0f599ea40, 0x000001c0fd9a5470, 0x000001c0fd9a4de0, 0x000001c0fd9a5b00,
0x000001c0fd9a2d10, 0x000001c0fd9a33a0, 0x000001c0fd9a2680, 0x000001c0fd9a4750,
0x000001c0fd9a3a30, 0x000001c0fd9a88f0, 0x000001c0fd9a7bd0, 0x000001c0fd9a8f80,
0x000001c0fd9a9610, 0x000001c0fd9a9ca0, 0x000001c0ca3edce0, 0x000001c0ca3eea00,
0x000001c0ca3eaef0, 0x000001c0ca3ec2a0, 0x000001c0ca3eb580, 0x000001c0ca3efdb0,
0x000001c0ca3ecfc0, 0x000001c0ca3ec930, 0x000001c0ccca4470, 0x000001c0ccca5eb0,
0x000001c0ccca7260, 0x000001c0ccca5820, 0x000001c0ccca6540, 0x000001c0ccca6bd0,
0x000001c0ccca78f0, 0x000001c0ccca7f80, 0x000001c0ccca8610, 0x000001c0ccca5190,
0x000001c0ccca8ca0, 0x000001c0cccaa6e0, 0x000001c0ccca9330, 0x000001c0ccca99c0,
0x000001c0cccaa050, 0x000001c0ccad9600, 0x000001c0ccadbd60, 0x000001c0ccadc3f0,
0x000001c0ccadca80, 0x000001c0ccadd110, 0x000001c0ccad9c90, 0x000001c0ccadd7a0,
0x000001c0ccada320, 0x000001c0ccae0c20, 0x000001c0ccadde30, 0x000001c0ccadf1e0,
0x000001c0ccade4c0, 0x000001c0ccadeb50, 0x000001c0ccadf870, 0x000001c0ccae0590,
0x000001c0cd321660, 0x000001c0cd321cf0, 0x000001c0cd322380, 0x000001c0cd320fd0,
0x000001c0cd323730, 0x000001c0cd322a10, 0x000001c0cd3230a0, 0x000001c0cd323dc0,
0x000001c0cd320940, 0x000001c0cab4f370, 0x000001c0cab4bef0, 0x000001c0f8a72690,
0x000001c0c9e24fe0, 0x000001c0c9e29400, 0x000001c0c9e2a1a0, 0x000001c0c9e2b610,
0x000001c0cb0fc490, 0x000001c0cb0fe6a0, 0x000001c0cb0fd230, 0x000001c0cb0fcb60,
0x000001c163150290, 0x000001c16314db30, 0x000001c163151cd0, 0x000001c152d301b0,
0x000001c163152360, 0x000001c164d4ae40
}

Java Threads: ( => current thread )
  0x000001c0d365f850 JavaThread "main"                              [_thread_blocked, id=1552, stack(0x0000000fa3500000,0x0000000fa3600000) (1024K)]
  0x000001c0f5997fe0 JavaThread "Reference Handler"          daemon [_thread_blocked, id=6460, stack(0x0000000fa3d00000,0x0000000fa3e00000) (1024K)]
  0x000001c0f5998650 JavaThread "Finalizer"                  daemon [_thread_blocked, id=14052, stack(0x0000000fa3e00000,0x0000000fa3f00000) (1024K)]
  0x000001c0f599dcf0 JavaThread "Signal Dispatcher"          daemon [_thread_blocked, id=560, stack(0x0000000fa3f00000,0x0000000fa4000000) (1024K)]
  0x000001c0f59a11a0 JavaThread "Attach Listener"            daemon [_thread_blocked, id=5928, stack(0x0000000fa4000000,0x0000000fa4100000) (1024K)]
  0x000001c0f599f760 JavaThread "Service Thread"             daemon [_thread_blocked, id=3980, stack(0x0000000fa4100000,0x0000000fa4200000) (1024K)]
  0x000001c0f599e3b0 JavaThread "Monitor Deflation Thread"   daemon [_thread_blocked, id=22552, stack(0x0000000fa4200000,0x0000000fa4300000) (1024K)]
  0x000001c0f59ce6c0 JavaThread "C2 CompilerThread0"         daemon [_thread_in_native, id=18664, stack(0x0000000fa4300000,0x0000000fa4400000) (1024K)]
  0x000001c0f8a748a0 JavaThread "C1 CompilerThread0"         daemon [_thread_blocked, id=23144, stack(0x0000000fa4400000,0x0000000fa4500000) (1024K)]
  0x000001c0f599f0d0 JavaThread "Notification Thread"        daemon [_thread_blocked, id=18576, stack(0x0000000fa4800000,0x0000000fa4900000) (1024K)]
  0x000001c0f599fdf0 JavaThread "Common-Cleaner"             daemon [_thread_blocked, id=16056, stack(0x0000000fa4900000,0x0000000fa4a00000) (1024K)]
  0x000001c0f59a1830 JavaThread "Java2D Disposer"            daemon [_thread_blocked, id=13568, stack(0x0000000fa4d00000,0x0000000fa4e00000) (1024K)]
  0x000001c0f599ea40 JavaThread "AWT-Shutdown"                      [_thread_blocked, id=1532, stack(0x0000000fa4f00000,0x0000000fa5000000) (1024K)]
  0x000001c0fd9a5470 JavaThread "AWT-Windows"                daemon [_thread_in_native, id=23420, stack(0x0000000fa5000000,0x0000000fa5100000) (1024K)]
  0x000001c0fd9a4de0 JavaThread "DefaultDispatcher-worker-1" daemon [_thread_blocked, id=8172, stack(0x0000000fa5c00000,0x0000000fa5d00000) (1024K)]
  0x000001c0fd9a5b00 JavaThread "DefaultDispatcher-worker-2" daemon [_thread_blocked, id=2000, stack(0x0000000fa5d00000,0x0000000fa5e00000) (1024K)]
  0x000001c0fd9a2d10 JavaThread "DefaultDispatcher-worker-3" daemon [_thread_in_native, id=18028, stack(0x0000000fa5e00000,0x0000000fa5f00000) (1024K)]
  0x000001c0fd9a33a0 JavaThread "Reference Cleaner"          daemon [_thread_blocked, id=10708, stack(0x0000000fa5f00000,0x0000000fa6000000) (1024K)]
  0x000001c0fd9a2680 JavaThread "kotlinx.coroutines.DefaultExecutor" daemon [_thread_blocked, id=7892, stack(0x0000000fa6000000,0x0000000fa6100000) (1024K)]
  0x000001c0fd9a4750 JavaThread "AWT-EventQueue-0"                  [_thread_in_native, id=6436, stack(0x0000000fa6100000,0x0000000fa6200000) (1024K)]
  0x000001c0fd9a3a30 JavaThread "TimerQueue"                 daemon [_thread_blocked, id=5268, stack(0x0000000fa6300000,0x0000000fa6400000) (1024K)]
  0x000001c0fd9a88f0 JavaThread "HttpClient-1-SelectorManager" daemon [_thread_in_native, id=13316, stack(0x0000000fa7700000,0x0000000fa7800000) (1024K)]
  0x000001c0fd9a7bd0 JavaThread "DefaultDispatcher-worker-4" daemon [_thread_blocked, id=11236, stack(0x0000000fa7800000,0x0000000fa7900000) (1024K)]
  0x000001c0fd9a8f80 JavaThread "HttpClient-1-Worker-0"      daemon [_thread_blocked, id=968, stack(0x0000000fa7a00000,0x0000000fa7b00000) (1024K)]
  0x000001c0fd9a9610 JavaThread "HttpClient-1-Worker-1"      daemon [_thread_blocked, id=21520, stack(0x0000000fa7b00000,0x0000000fa7c00000) (1024K)]
  0x000001c0fd9a9ca0 JavaThread "DefaultDispatcher-worker-5" daemon [_thread_blocked, id=10232, stack(0x0000000fa8000000,0x0000000fa8100000) (1024K)]
  0x000001c0ca3edce0 JavaThread "DefaultDispatcher-worker-6" daemon [_thread_blocked, id=19876, stack(0x0000000fa7f00000,0x0000000fa8000000) (1024K)]
  0x000001c0ca3eea00 JavaThread "DefaultDispatcher-worker-7" daemon [_thread_blocked, id=20004, stack(0x0000000fa8100000,0x0000000fa8200000) (1024K)]
  0x000001c0ca3eaef0 JavaThread "DefaultDispatcher-worker-8" daemon [_thread_blocked, id=19248, stack(0x0000000fa8400000,0x0000000fa8500000) (1024K)]
  0x000001c0ca3ec2a0 JavaThread "DefaultDispatcher-worker-9" daemon [_thread_blocked, id=540, stack(0x0000000fa8500000,0x0000000fa8600000) (1024K)]
  0x000001c0ca3eb580 JavaThread "DefaultDispatcher-worker-10" daemon [_thread_blocked, id=4268, stack(0x0000000fa8600000,0x0000000fa8700000) (1024K)]
  0x000001c0ca3efdb0 JavaThread "DefaultDispatcher-worker-11" daemon [_thread_blocked, id=13188, stack(0x0000000fa7200000,0x0000000fa7300000) (1024K)]
  0x000001c0ca3ecfc0 JavaThread "DefaultDispatcher-worker-12" daemon [_thread_blocked, id=7608, stack(0x0000000fa7300000,0x0000000fa7400000) (1024K)]
  0x000001c0ca3ec930 JavaThread "DefaultDispatcher-worker-13" daemon [_thread_blocked, id=7192, stack(0x0000000fa7600000,0x0000000fa7700000) (1024K)]
  0x000001c0ccca4470 JavaThread "skiko-dispatcher-to-block-on" daemon [_thread_blocked, id=20396, stack(0x0000000fa8c00000,0x0000000fa8d00000) (1024K)]
  0x000001c0ccca5eb0 JavaThread "DefaultDispatcher-worker-14" daemon [_thread_blocked, id=5780, stack(0x0000000fa8d00000,0x0000000fa8e00000) (1024K)]
  0x000001c0ccca7260 JavaThread "DefaultDispatcher-worker-15" daemon [_thread_blocked, id=14972, stack(0x0000000fa8e00000,0x0000000fa8f00000) (1024K)]
  0x000001c0ccca5820 JavaThread "DefaultDispatcher-worker-16" daemon [_thread_blocked, id=5136, stack(0x0000000fa8f00000,0x0000000fa9000000) (1024K)]
  0x000001c0ccca6540 JavaThread "DefaultDispatcher-worker-17" daemon [_thread_blocked, id=22576, stack(0x0000000fa9000000,0x0000000fa9100000) (1024K)]
  0x000001c0ccca6bd0 JavaThread "DefaultDispatcher-worker-18" daemon [_thread_blocked, id=21244, stack(0x0000000fa9100000,0x0000000fa9200000) (1024K)]
  0x000001c0ccca78f0 JavaThread "DefaultDispatcher-worker-19" daemon [_thread_in_native, id=18956, stack(0x0000000fa9200000,0x0000000fa9300000) (1024K)]
  0x000001c0ccca7f80 JavaThread "DefaultDispatcher-worker-20" daemon [_thread_blocked, id=7792, stack(0x0000000fa9300000,0x0000000fa9400000) (1024K)]
  0x000001c0ccca8610 JavaThread "DefaultDispatcher-worker-21" daemon [_thread_blocked, id=2064, stack(0x0000000fa9400000,0x0000000fa9500000) (1024K)]
  0x000001c0ccca5190 JavaThread "DefaultDispatcher-worker-22" daemon [_thread_blocked, id=10212, stack(0x0000000fa9500000,0x0000000fa9600000) (1024K)]
  0x000001c0ccca8ca0 JavaThread "DefaultDispatcher-worker-23" daemon [_thread_blocked, id=6992, stack(0x0000000fa9600000,0x0000000fa9700000) (1024K)]
  0x000001c0cccaa6e0 JavaThread "DefaultDispatcher-worker-25" daemon [_thread_blocked, id=19736, stack(0x0000000fa9700000,0x0000000fa9800000) (1024K)]
  0x000001c0ccca9330 JavaThread "DefaultDispatcher-worker-26" daemon [_thread_blocked, id=18336, stack(0x0000000fa9800000,0x0000000fa9900000) (1024K)]
  0x000001c0ccca99c0 JavaThread "DefaultDispatcher-worker-24" daemon [_thread_in_native, id=22452, stack(0x0000000fa9900000,0x0000000fa9a00000) (1024K)]
  0x000001c0cccaa050 JavaThread "DefaultDispatcher-worker-27" daemon [_thread_blocked, id=20440, stack(0x0000000fa9a00000,0x0000000fa9b00000) (1024K)]
  0x000001c0ccad9600 JavaThread "DefaultDispatcher-worker-28" daemon [_thread_blocked, id=23424, stack(0x0000000fa7c00000,0x0000000fa7d00000) (1024K)]
  0x000001c0ccadbd60 JavaThread "DefaultDispatcher-worker-33" daemon [_thread_blocked, id=3952, stack(0x0000000fa7d00000,0x0000000fa7e00000) (1024K)]
  0x000001c0ccadc3f0 JavaThread "DefaultDispatcher-worker-36" daemon [_thread_blocked, id=22876, stack(0x0000000fa7e00000,0x0000000fa7f00000) (1024K)]
  0x000001c0ccadca80 JavaThread "DefaultDispatcher-worker-31" daemon [_thread_blocked, id=19572, stack(0x0000000fa8900000,0x0000000fa8a00000) (1024K)]
  0x000001c0ccadd110 JavaThread "DefaultDispatcher-worker-32" daemon [_thread_in_native, id=23512, stack(0x0000000fa8a00000,0x0000000fa8b00000) (1024K)]
  0x000001c0ccad9c90 JavaThread "DefaultDispatcher-worker-34" daemon [_thread_blocked, id=22804, stack(0x0000000fa8b00000,0x0000000fa8c00000) (1024K)]
  0x000001c0ccadd7a0 JavaThread "DefaultDispatcher-worker-29" daemon [_thread_blocked, id=2280, stack(0x0000000fa9b00000,0x0000000fa9c00000) (1024K)]
  0x000001c0ccada320 JavaThread "DefaultDispatcher-worker-35" daemon [_thread_blocked, id=22948, stack(0x0000000fa9c00000,0x0000000fa9d00000) (1024K)]
  0x000001c0ccae0c20 JavaThread "DefaultDispatcher-worker-30" daemon [_thread_blocked, id=20980, stack(0x0000000fa9d00000,0x0000000fa9e00000) (1024K)]
  0x000001c0ccadde30 JavaThread "DefaultDispatcher-worker-37" daemon [_thread_blocked, id=8564, stack(0x0000000fa9e00000,0x0000000fa9f00000) (1024K)]
  0x000001c0ccadf1e0 JavaThread "DefaultDispatcher-worker-38" daemon [_thread_blocked, id=21036, stack(0x0000000fa9f00000,0x0000000faa000000) (1024K)]
=>0x000001c0ccade4c0 JavaThread "DefaultDispatcher-worker-39" daemon [_thread_in_native, id=16728, stack(0x0000000faa000000,0x0000000faa100000) (1024K)]
  0x000001c0ccadeb50 JavaThread "DefaultDispatcher-worker-40" daemon [_thread_blocked, id=15248, stack(0x0000000faa100000,0x0000000faa200000) (1024K)]
  0x000001c0ccadf870 JavaThread "DefaultDispatcher-worker-41" daemon [_thread_blocked, id=6888, stack(0x0000000faa200000,0x0000000faa300000) (1024K)]
  0x000001c0ccae0590 JavaThread "HttpClient-1-Worker-2"      daemon [_thread_blocked, id=10968, stack(0x0000000faa400000,0x0000000faa500000) (1024K)]
  0x000001c0cd321660 JavaThread "HttpClient-1-Worker-3"      daemon [_thread_blocked, id=20400, stack(0x0000000faa500000,0x0000000faa600000) (1024K)]
  0x000001c0cd321cf0 JavaThread "HttpClient-1-Worker-4"      daemon [_thread_blocked, id=22916, stack(0x0000000faa600000,0x0000000faa700000) (1024K)]
  0x000001c0cd322380 JavaThread "HttpClient-1-Worker-5"      daemon [_thread_blocked, id=7556, stack(0x0000000faa700000,0x0000000faa800000) (1024K)]
  0x000001c0cd320fd0 JavaThread "HttpClient-1-Worker-6"      daemon [_thread_blocked, id=14808, stack(0x0000000faa800000,0x0000000faa900000) (1024K)]
  0x000001c0cd323730 JavaThread "HttpClient-1-Worker-7"      daemon [_thread_blocked, id=18604, stack(0x0000000faa900000,0x0000000faaa00000) (1024K)]
  0x000001c0cd322a10 JavaThread "HttpClient-1-Worker-8"      daemon [_thread_blocked, id=14452, stack(0x0000000faaa00000,0x0000000faab00000) (1024K)]
  0x000001c0cd3230a0 JavaThread "HttpClient-1-Worker-9"      daemon [_thread_blocked, id=13596, stack(0x0000000faab00000,0x0000000faac00000) (1024K)]
  0x000001c0cd323dc0 JavaThread "HttpClient-1-Worker-10"     daemon [_thread_blocked, id=23284, stack(0x0000000fab100000,0x0000000fab200000) (1024K)]
  0x000001c0cd320940 JavaThread "HttpClient-1-Worker-11"     daemon [_thread_blocked, id=20724, stack(0x0000000fab300000,0x0000000fab400000) (1024K)]
  0x000001c0cab4f370 JavaThread "DefaultDispatcher-worker-42" daemon [_thread_blocked, id=14836, stack(0x0000000fab200000,0x0000000fab300000) (1024K)]
  0x000001c0cab4bef0 JavaThread "DefaultDispatcher-worker-43" daemon [_thread_blocked, id=22788, stack(0x0000000fab400000,0x0000000fab500000) (1024K)]
  0x000001c0f8a72690 JavaThread "C1 CompilerThread1"         daemon [_thread_blocked, id=13504, stack(0x0000000fa4600000,0x0000000fa4700000) (1024K)]
  0x000001c0c9e24fe0 JavaThread "C1 CompilerThread2"         daemon [_thread_blocked, id=11472, stack(0x0000000fa6200000,0x0000000fa6300000) (1024K)]
  0x000001c0c9e29400 JavaThread "C1 CompilerThread3"         daemon [_thread_blocked, id=12348, stack(0x0000000fa4500000,0x0000000fa4600000) (1024K)]
  0x000001c0c9e2a1a0 JavaThread "C2 CompilerThread1"         daemon [_thread_in_native, id=22968, stack(0x0000000faa300000,0x0000000faa400000) (1024K)]
  0x000001c0c9e2b610 JavaThread "C2 CompilerThread2"         daemon [_thread_in_native, id=388, stack(0x0000000faac00000,0x0000000faad00000) (1024K)]
  0x000001c0cb0fc490 JavaThread "C2 CompilerThread3"         daemon [_thread_in_native, id=15612, stack(0x0000000faad00000,0x0000000faae00000) (1024K)]
  0x000001c0cb0fe6a0 JavaThread "C2 CompilerThread4"         daemon [_thread_in_vm, id=3412, stack(0x0000000faae00000,0x0000000faaf00000) (1024K)]
  0x000001c0cb0fd230 JavaThread "C2 CompilerThread5"         daemon [_thread_in_native, id=21956, stack(0x0000000faaf00000,0x0000000fab000000) (1024K)]
  0x000001c0cb0fcb60 JavaThread "C2 CompilerThread6"         daemon [_thread_in_native, id=23052, stack(0x0000000fab000000,0x0000000fab100000) (1024K)]
  0x000001c163150290 JavaThread "DefaultDispatcher-worker-44" daemon [_thread_blocked, id=4088, stack(0x0000000fab500000,0x0000000fab600000) (1024K)]
  0x000001c16314db30 JavaThread "DefaultDispatcher-worker-45" daemon [_thread_blocked, id=22248, stack(0x0000000fab600000,0x0000000fab700000) (1024K)]
  0x000001c163151cd0 JavaThread "DefaultDispatcher-worker-46" daemon [_thread_blocked, id=14812, stack(0x0000000fab700000,0x0000000fab800000) (1024K)]
  0x000001c152d301b0 JavaThread "DefaultDispatcher-worker-47" daemon [_thread_blocked, id=1396, stack(0x0000000fab800000,0x0000000fab900000) (1024K)]
  0x000001c163152360 JavaThread "DefaultDispatcher-worker-48" daemon [_thread_blocked, id=21208, stack(0x0000000fab900000,0x0000000faba00000) (1024K)]
  0x000001c164d4ae40 JavaThread "C2 CompilerThread7"         daemon [_thread_in_native, id=23168, stack(0x0000000faba00000,0x0000000fabb00000) (1024K)]
Total: 90

Other Threads:
  0x000001c0f5975950 VMThread "VM Thread"                           [id=19652, stack(0x0000000fa3c00000,0x0000000fa3d00000) (1024K)]
  0x000001c0f8a609d0 WatcherThread "VM Periodic Task Thread"        [id=22532, stack(0x0000000fa3b00000,0x0000000fa3c00000) (1024K)]
  0x000001c0f580f810 WorkerThread "GC Thread#0"                     [id=9736, stack(0x0000000fa3600000,0x0000000fa3700000) (1024K)]
  0x000001c0fd673900 WorkerThread "GC Thread#1"                     [id=14440, stack(0x0000000fa5100000,0x0000000fa5200000) (1024K)]
  0x000001c0fd691cc0 WorkerThread "GC Thread#2"                     [id=12248, stack(0x0000000fa5200000,0x0000000fa5300000) (1024K)]
  0x000001c0fd692070 WorkerThread "GC Thread#3"                     [id=12312, stack(0x0000000fa5300000,0x0000000fa5400000) (1024K)]
  0x000001c0fd671e70 WorkerThread "GC Thread#4"                     [id=19676, stack(0x0000000fa5400000,0x0000000fa5500000) (1024K)]
  0x000001c0fd672630 WorkerThread "GC Thread#5"                     [id=21332, stack(0x0000000fa5500000,0x0000000fa5600000) (1024K)]
  0x000001c0fd6729e0 WorkerThread "GC Thread#6"                     [id=22768, stack(0x0000000fa5600000,0x0000000fa5700000) (1024K)]
  0x000001c0fd9c2730 WorkerThread "GC Thread#7"                     [id=11968, stack(0x0000000fa5700000,0x0000000fa5800000) (1024K)]
  0x000001c0fd9c2ef0 WorkerThread "GC Thread#8"                     [id=20964, stack(0x0000000fa5800000,0x0000000fa5900000) (1024K)]
  0x000001c0fd9c3ab0 WorkerThread "GC Thread#9"                     [id=22980, stack(0x0000000fa5900000,0x0000000fa5a00000) (1024K)]
  0x000001c0fd9d81e0 WorkerThread "GC Thread#10"                    [id=18416, stack(0x0000000fa5a00000,0x0000000fa5b00000) (1024K)]
  0x000001c0fd9d8990 WorkerThread "GC Thread#11"                    [id=12032, stack(0x0000000fa5b00000,0x0000000fa5c00000) (1024K)]
  0x000001c0fdf15f40 WorkerThread "GC Thread#12"                    [id=12048, stack(0x0000000fa4a00000,0x0000000fa4b00000) (1024K)]
  0x000001c0cb45f050 WorkerThread "GC Thread#13"                    [id=12024, stack(0x0000000fa7400000,0x0000000fa7500000) (1024K)]
  0x000001c0cb45f400 WorkerThread "GC Thread#14"                    [id=11100, stack(0x0000000fa7500000,0x0000000fa7600000) (1024K)]
  0x000001c0f5810630 ConcurrentGCThread "G1 Main Marker"            [id=23348, stack(0x0000000fa3700000,0x0000000fa3800000) (1024K)]
  0x000001c0d36ddf10 WorkerThread "G1 Conc#0"                       [id=11344, stack(0x0000000fa3800000,0x0000000fa3900000) (1024K)]
  0x000001c0fdf13a60 WorkerThread "G1 Conc#1"                       [id=11588, stack(0x0000000fa6f00000,0x0000000fa7000000) (1024K)]
  0x000001c0fdf166a0 WorkerThread "G1 Conc#2"                       [id=8828, stack(0x0000000fa7000000,0x0000000fa7100000) (1024K)]
  0x000001c0fdf13e10 WorkerThread "G1 Conc#3"                       [id=23516, stack(0x0000000fa7100000,0x0000000fa7200000) (1024K)]
  0x000001c0f58b38d0 ConcurrentGCThread "G1 Refine#0"               [id=15820, stack(0x0000000fa3900000,0x0000000fa3a00000) (1024K)]
  0x000001c0f58b3e10 ConcurrentGCThread "G1 Service"                [id=8324, stack(0x0000000fa3a00000,0x0000000fa3b00000) (1024K)]
Total: 24

Threads with active compile tasks:
C2 CompilerThread0  20664 14599       4       androidx.compose.runtime.GapComposer::endRestartGroup (229 bytes)
C1 CompilerThread0  20664 14663       3       javax.net.ssl.SSLParameters::getCipherSuites (8 bytes)
C2 CompilerThread1  20664 14597       4       androidx.compose.runtime.GapComposer::addRecomposeScope (254 bytes)
C2 CompilerThread2  20664 14377       4       androidx.compose.ui.node.NodeCoordinator::updateLayerBlock (329 bytes)
C2 CompilerThread3  20664 14596       4       androidx.compose.runtime.GapComposer::startRestartGroup (14 bytes)
C2 CompilerThread4  20664 14657   !   4       androidx.compose.ui.node.NodeCoordinator::onMeasured (529 bytes)
C2 CompilerThread5  20664 14602       4       androidx.compose.runtime.GapComposer::start-AzEfcrM (1144 bytes)
C2 CompilerThread6  20664 14594 %     4       kotlin.text.StringsKt__IndentKt::replaceIndent @ 336 (531 bytes)
C2 CompilerThread7  20664 14659       4       androidx.compose.ui.node.NodeCoordinator::onPlaced (437 bytes)
Total: 9

VM state: not at safepoint (normal execution)

VM Mutex/Monitor currently owned by a thread: None

Heap address: 0x0000000604400000, size: 8124 MB, Compressed Oops mode: Zero based, Oop shift amount: 3

CDS archive(s) mapped at: [0x000001c080000000-0x000001c080c80000-0x000001c080c80000), size 13107200, SharedBaseAddress: 0x000001c080000000, ArchiveRelocationMode: 1.
Compressed class space mapped at: 0x000001c081000000-0x000001c0c1000000, reserved size: 1073741824
Narrow klass base: 0x000001c080000000, Narrow klass shift: 0, Narrow klass range: 0x100000000

GC Precious Log:
 CardTable entry size: 512
 Card Set container configuration: InlinePtr #cards 4 size 8 Array Of Cards #cards 32 size 80 Howl #buckets 8 coarsen threshold 7372 Howl Bitmap #cards 1024 size 144 coarsen threshold 921 Card regions per heap region 1 cards per card region 8192
 CPUs: 20 total, 20 available
 Memory: 32492M
 Large Page Support: Disabled
 NUMA Support: Disabled
 Compressed Oops: Enabled (Zero based)
 Heap Region Size: 4M
 Heap Min Capacity: 8M
 Heap Initial Capacity: 508M
 Heap Max Capacity: 8124M
 Pre-touch: Disabled
 Parallel Workers: 15
 Concurrent Workers: 4
 Concurrent Refinement Workers: 15
 Periodic GC: Disabled

Heap:
 garbage-first heap   total 696320K, used 555008K [0x0000000604400000, 0x0000000800000000)
  region size 4096K, 65 young (266240K), 2 survivors (8192K)
 Metaspace       used 84252K, committed 85696K, reserved 1179648K
  class space    used 9137K, committed 9728K, reserved 1048576K

Heap Regions: E=young(eden), S=young(survivor), O=old, HS=humongous(starts), HC=humongous(continues), CS=collection set, F=free, TAMS=top-at-mark-start, PB=parsable bottom
|   0|0x0000000604400000, 0x0000000604800000, 0x0000000604800000|100%| O|  |TAMS 0x0000000604400000| PB 0x0000000604400000| Untracked 
|   1|0x0000000604800000, 0x0000000604c00000, 0x0000000604c00000|100%| O|  |TAMS 0x0000000604800000| PB 0x0000000604800000| Untracked 
|   2|0x0000000604c00000, 0x0000000605000000, 0x0000000605000000|100%| O|  |TAMS 0x0000000604c00000| PB 0x0000000604c00000| Untracked 
|   3|0x0000000605000000, 0x0000000605400000, 0x0000000605400000|100%| O|  |TAMS 0x0000000605000000| PB 0x0000000605000000| Untracked 
|   4|0x0000000605400000, 0x0000000605800000, 0x0000000605800000|100%|HS|  |TAMS 0x0000000605400000| PB 0x0000000605400000| Complete 
|   5|0x0000000605800000, 0x0000000605c00000, 0x0000000605c00000|100%|HC|  |TAMS 0x0000000605800000| PB 0x0000000605800000| Complete 
|   6|0x0000000605c00000, 0x0000000606000000, 0x0000000606000000|100%|HS|  |TAMS 0x0000000605c00000| PB 0x0000000605c00000| Complete 
|   7|0x0000000606000000, 0x0000000606400000, 0x0000000606400000|100%|HC|  |TAMS 0x0000000606000000| PB 0x0000000606000000| Complete 
|   8|0x0000000606400000, 0x0000000606800000, 0x0000000606800000|100%|HC|  |TAMS 0x0000000606400000| PB 0x0000000606400000| Complete 
|   9|0x0000000606800000, 0x0000000606c00000, 0x0000000606c00000|100%|HS|  |TAMS 0x0000000606800000| PB 0x0000000606800000| Complete 
|  10|0x0000000606c00000, 0x0000000607000000, 0x0000000607000000|100%|HC|  |TAMS 0x0000000606c00000| PB 0x0000000606c00000| Complete 
|  11|0x0000000607000000, 0x0000000607400000, 0x0000000607400000|100%|HC|  |TAMS 0x0000000607000000| PB 0x0000000607000000| Complete 
|  12|0x0000000607400000, 0x00000006077b8f00, 0x0000000607800000| 93%| O|  |TAMS 0x0000000607400000| PB 0x0000000607400000| Untracked 
|  13|0x0000000607800000, 0x0000000607c00000, 0x0000000607c00000|100%|HS|  |TAMS 0x0000000607800000| PB 0x0000000607800000| Complete 
|  14|0x0000000607c00000, 0x0000000608000000, 0x0000000608000000|100%|HC|  |TAMS 0x0000000607c00000| PB 0x0000000607c00000| Complete 
|  15|0x0000000608000000, 0x0000000608400000, 0x0000000608400000|100%|HC|  |TAMS 0x0000000608000000| PB 0x0000000608000000| Complete 
|  16|0x0000000608400000, 0x0000000608800000, 0x0000000608800000|100%|HS|  |TAMS 0x0000000608400000| PB 0x0000000608400000| Complete 
|  17|0x0000000608800000, 0x0000000608c00000, 0x0000000608c00000|100%|HC|  |TAMS 0x0000000608800000| PB 0x0000000608800000| Complete 
|  18|0x0000000608c00000, 0x0000000609000000, 0x0000000609000000|100%| O|  |TAMS 0x0000000608c00000| PB 0x0000000608c00000| Untracked 
|  19|0x0000000609000000, 0x0000000609400000, 0x0000000609400000|100%|HS|  |TAMS 0x0000000609000000| PB 0x0000000609000000| Complete 
|  20|0x0000000609400000, 0x0000000609800000, 0x0000000609800000|100%|HC|  |TAMS 0x0000000609400000| PB 0x0000000609400000| Complete 
|  21|0x0000000609800000, 0x0000000609c00000, 0x0000000609c00000|100%|HC|  |TAMS 0x0000000609800000| PB 0x0000000609800000| Complete 
|  22|0x0000000609c00000, 0x000000060a000000, 0x000000060a000000|100%| O|  |TAMS 0x0000000609c00000| PB 0x0000000609c00000| Untracked 
|  23|0x000000060a000000, 0x000000060a400000, 0x000000060a400000|100%|HS|  |TAMS 0x000000060a000000| PB 0x000000060a000000| Complete 
|  24|0x000000060a400000, 0x000000060a800000, 0x000000060a800000|100%|HC|  |TAMS 0x000000060a400000| PB 0x000000060a400000| Complete 
|  25|0x000000060a800000, 0x000000060ac00000, 0x000000060ac00000|100%|HS|  |TAMS 0x000000060a800000| PB 0x000000060a800000| Complete 
|  26|0x000000060ac00000, 0x000000060b000000, 0x000000060b000000|100%|HC|  |TAMS 0x000000060ac00000| PB 0x000000060ac00000| Complete 
|  27|0x000000060b000000, 0x000000060b400000, 0x000000060b400000|100%|HS|  |TAMS 0x000000060b000000| PB 0x000000060b000000| Complete 
|  28|0x000000060b400000, 0x000000060b800000, 0x000000060b800000|100%|HC|  |TAMS 0x000000060b400000| PB 0x000000060b400000| Complete 
|  29|0x000000060b800000, 0x000000060bc00000, 0x000000060bc00000|100%|HC|  |TAMS 0x000000060b800000| PB 0x000000060b800000| Complete 
|  30|0x000000060bc00000, 0x000000060c000000, 0x000000060c000000|100%|HS|  |TAMS 0x000000060bc00000| PB 0x000000060bc00000| Complete 
|  31|0x000000060c000000, 0x000000060c400000, 0x000000060c400000|100%|HC|  |TAMS 0x000000060c000000| PB 0x000000060c000000| Complete 
|  32|0x000000060c400000, 0x000000060c800000, 0x000000060c800000|100%|HS|  |TAMS 0x000000060c400000| PB 0x000000060c400000| Complete 
|  33|0x000000060c800000, 0x000000060cc00000, 0x000000060cc00000|100%|HC|  |TAMS 0x000000060c800000| PB 0x000000060c800000| Complete 
|  34|0x000000060cc00000, 0x000000060d000000, 0x000000060d000000|100%|HS|  |TAMS 0x000000060cc00000| PB 0x000000060cc00000| Complete 
|  35|0x000000060d000000, 0x000000060d400000, 0x000000060d400000|100%|HC|  |TAMS 0x000000060d000000| PB 0x000000060d000000| Complete 
|  36|0x000000060d400000, 0x000000060d800000, 0x000000060d800000|100%|HS|  |TAMS 0x000000060d400000| PB 0x000000060d400000| Complete 
|  37|0x000000060d800000, 0x000000060dc00000, 0x000000060dc00000|100%|HS|  |TAMS 0x000000060d800000| PB 0x000000060d800000| Complete 
|  38|0x000000060dc00000, 0x000000060e000000, 0x000000060e000000|100%|HC|  |TAMS 0x000000060dc00000| PB 0x000000060dc00000| Complete 
|  39|0x000000060e000000, 0x000000060e400000, 0x000000060e400000|100%|HS|  |TAMS 0x000000060e000000| PB 0x000000060e000000| Complete 
|  40|0x000000060e400000, 0x000000060e800000, 0x000000060e800000|100%|HC|  |TAMS 0x000000060e400000| PB 0x000000060e400000| Complete 
|  41|0x000000060e800000, 0x000000060ec00000, 0x000000060ec00000|100%|HC|  |TAMS 0x000000060e800000| PB 0x000000060e800000| Complete 
|  42|0x000000060ec00000, 0x000000060f000000, 0x000000060f000000|100%|HS|  |TAMS 0x000000060ec00000| PB 0x000000060ec00000| Complete 
|  43|0x000000060f000000, 0x000000060f400000, 0x000000060f400000|100%|HC|  |TAMS 0x000000060f000000| PB 0x000000060f000000| Complete 
|  44|0x000000060f400000, 0x000000060f800000, 0x000000060f800000|100%|HS|  |TAMS 0x000000060f400000| PB 0x000000060f400000| Complete 
|  45|0x000000060f800000, 0x000000060fc00000, 0x000000060fc00000|100%|HC|  |TAMS 0x000000060f800000| PB 0x000000060f800000| Complete 
|  46|0x000000060fc00000, 0x0000000610000000, 0x0000000610000000|100%|HC|  |TAMS 0x000000060fc00000| PB 0x000000060fc00000| Complete 
|  47|0x0000000610000000, 0x0000000610400000, 0x0000000610400000|100%|HS|  |TAMS 0x0000000610000000| PB 0x0000000610000000| Complete 
|  48|0x0000000610400000, 0x0000000610800000, 0x0000000610800000|100%|HC|  |TAMS 0x0000000610400000| PB 0x0000000610400000| Complete 
|  49|0x0000000610800000, 0x0000000610c00000, 0x0000000610c00000|100%|HC|  |TAMS 0x0000000610800000| PB 0x0000000610800000| Complete 
|  50|0x0000000610c00000, 0x0000000611000000, 0x0000000611000000|100%|HS|  |TAMS 0x0000000610c00000| PB 0x0000000610c00000| Complete 
|  51|0x0000000611000000, 0x0000000611400000, 0x0000000611400000|100%|HC|  |TAMS 0x0000000611000000| PB 0x0000000611000000| Complete 
|  52|0x0000000611400000, 0x0000000611800000, 0x0000000611800000|100%|HS|  |TAMS 0x0000000611400000| PB 0x0000000611400000| Complete 
|  53|0x0000000611800000, 0x0000000611c00000, 0x0000000611c00000|100%|HC|  |TAMS 0x0000000611800000| PB 0x0000000611800000| Complete 
|  54|0x0000000611c00000, 0x0000000612000000, 0x0000000612000000|100%|HS|  |TAMS 0x0000000611c00000| PB 0x0000000611c00000| Complete 
|  55|0x0000000612000000, 0x0000000612400000, 0x0000000612400000|100%|HC|  |TAMS 0x0000000612000000| PB 0x0000000612000000| Complete 
|  56|0x0000000612400000, 0x0000000612800000, 0x0000000612800000|100%|HS|  |TAMS 0x0000000612400000| PB 0x0000000612400000| Complete 
|  57|0x0000000612800000, 0x0000000612c00000, 0x0000000612c00000|100%|HS|  |TAMS 0x0000000612800000| PB 0x0000000612800000| Complete 
|  58|0x0000000612c00000, 0x0000000613000000, 0x0000000613000000|100%|HS|  |TAMS 0x0000000612c00000| PB 0x0000000612c00000| Complete 
|  59|0x0000000613000000, 0x0000000613400000, 0x0000000613400000|100%|HC|  |TAMS 0x0000000613000000| PB 0x0000000613000000| Complete 
|  60|0x0000000613400000, 0x0000000613800000, 0x0000000613800000|100%|HS|  |TAMS 0x0000000613400000| PB 0x0000000613400000| Complete 
|  61|0x0000000613800000, 0x0000000613c00000, 0x0000000613c00000|100%|HC|  |TAMS 0x0000000613800000| PB 0x0000000613800000| Complete 
|  62|0x0000000613c00000, 0x0000000613c00000, 0x0000000614000000|  0%| F|  |TAMS 0x0000000613c00000| PB 0x0000000613c00000| Untracked 
|  63|0x0000000614000000, 0x0000000614000000, 0x0000000614400000|  0%| F|  |TAMS 0x0000000614000000| PB 0x0000000614000000| Untracked 
|  64|0x0000000614400000, 0x0000000614400000, 0x0000000614800000|  0%| F|  |TAMS 0x0000000614400000| PB 0x0000000614400000| Untracked 
|  65|0x0000000614800000, 0x0000000614800000, 0x0000000614c00000|  0%| F|  |TAMS 0x0000000614800000| PB 0x0000000614800000| Untracked 
|  66|0x0000000614c00000, 0x0000000615000000, 0x0000000615000000|100%|HS|  |TAMS 0x0000000614c00000| PB 0x0000000614c00000| Complete 
|  67|0x0000000615000000, 0x0000000615400000, 0x0000000615400000|100%|HC|  |TAMS 0x0000000615000000| PB 0x0000000615000000| Complete 
|  68|0x0000000615400000, 0x0000000615800000, 0x0000000615800000|100%|HC|  |TAMS 0x0000000615400000| PB 0x0000000615400000| Complete 
|  69|0x0000000615800000, 0x0000000615c00000, 0x0000000615c00000|100%|HS|  |TAMS 0x0000000615800000| PB 0x0000000615800000| Complete 
|  70|0x0000000615c00000, 0x0000000616000000, 0x0000000616000000|100%|HC|  |TAMS 0x0000000615c00000| PB 0x0000000615c00000| Complete 
|  71|0x0000000616000000, 0x0000000616400000, 0x0000000616400000|100%|HC|  |TAMS 0x0000000616000000| PB 0x0000000616000000| Complete 
|  72|0x0000000616400000, 0x0000000616400000, 0x0000000616800000|  0%| F|  |TAMS 0x0000000616400000| PB 0x0000000616400000| Untracked 
|  73|0x0000000616800000, 0x0000000616800000, 0x0000000616c00000|  0%| F|  |TAMS 0x0000000616800000| PB 0x0000000616800000| Untracked 
|  74|0x0000000616c00000, 0x0000000617000000, 0x0000000617000000|100%|HS|  |TAMS 0x0000000616c00000| PB 0x0000000616c00000| Complete 
|  75|0x0000000617000000, 0x0000000617400000, 0x0000000617400000|100%|HC|  |TAMS 0x0000000617000000| PB 0x0000000617000000| Complete 
|  76|0x0000000617400000, 0x0000000617400000, 0x0000000617800000|  0%| F|  |TAMS 0x0000000617400000| PB 0x0000000617400000| Untracked 
|  77|0x0000000617800000, 0x0000000617800000, 0x0000000617c00000|  0%| F|  |TAMS 0x0000000617800000| PB 0x0000000617800000| Untracked 
|  78|0x0000000617c00000, 0x0000000617c00000, 0x0000000618000000|  0%| F|  |TAMS 0x0000000617c00000| PB 0x0000000617c00000| Untracked 
|  79|0x0000000618000000, 0x0000000618000000, 0x0000000618400000|  0%| F|  |TAMS 0x0000000618000000| PB 0x0000000618000000| Untracked 
|  80|0x0000000618400000, 0x0000000618400000, 0x0000000618800000|  0%| F|  |TAMS 0x0000000618400000| PB 0x0000000618400000| Untracked 
|  81|0x0000000618800000, 0x0000000618800000, 0x0000000618c00000|  0%| F|  |TAMS 0x0000000618800000| PB 0x0000000618800000| Untracked 
|  82|0x0000000618c00000, 0x0000000618c00000, 0x0000000619000000|  0%| F|  |TAMS 0x0000000618c00000| PB 0x0000000618c00000| Untracked 
|  83|0x0000000619000000, 0x0000000619000000, 0x0000000619400000|  0%| F|  |TAMS 0x0000000619000000| PB 0x0000000619000000| Untracked 
|  84|0x0000000619400000, 0x0000000619400000, 0x0000000619800000|  0%| F|  |TAMS 0x0000000619400000| PB 0x0000000619400000| Untracked 
|  85|0x0000000619800000, 0x0000000619800000, 0x0000000619c00000|  0%| F|  |TAMS 0x0000000619800000| PB 0x0000000619800000| Untracked 
|  86|0x0000000619c00000, 0x0000000619c00000, 0x000000061a000000|  0%| F|  |TAMS 0x0000000619c00000| PB 0x0000000619c00000| Untracked 
|  87|0x000000061a000000, 0x000000061a000000, 0x000000061a400000|  0%| F|  |TAMS 0x000000061a000000| PB 0x000000061a000000| Untracked 
|  88|0x000000061a400000, 0x000000061a400000, 0x000000061a800000|  0%| F|  |TAMS 0x000000061a400000| PB 0x000000061a400000| Untracked 
|  89|0x000000061a800000, 0x000000061a800000, 0x000000061ac00000|  0%| F|  |TAMS 0x000000061a800000| PB 0x000000061a800000| Untracked 
|  90|0x000000061ac00000, 0x000000061ac00000, 0x000000061b000000|  0%| F|  |TAMS 0x000000061ac00000| PB 0x000000061ac00000| Untracked 
|  91|0x000000061b000000, 0x000000061b000000, 0x000000061b400000|  0%| F|  |TAMS 0x000000061b000000| PB 0x000000061b000000| Untracked 
|  92|0x000000061b400000, 0x000000061b400000, 0x000000061b800000|  0%| F|  |TAMS 0x000000061b400000| PB 0x000000061b400000| Untracked 
|  93|0x000000061b800000, 0x000000061b800000, 0x000000061bc00000|  0%| F|  |TAMS 0x000000061b800000| PB 0x000000061b800000| Untracked 
|  94|0x000000061bc00000, 0x000000061bc00000, 0x000000061c000000|  0%| F|  |TAMS 0x000000061bc00000| PB 0x000000061bc00000| Untracked 
|  95|0x000000061c000000, 0x000000061c000000, 0x000000061c400000|  0%| F|  |TAMS 0x000000061c000000| PB 0x000000061c000000| Untracked 
|  96|0x000000061c400000, 0x000000061c400000, 0x000000061c800000|  0%| F|  |TAMS 0x000000061c400000| PB 0x000000061c400000| Untracked 
|  97|0x000000061c800000, 0x000000061c800000, 0x000000061cc00000|  0%| F|  |TAMS 0x000000061c800000| PB 0x000000061c800000| Untracked 
|  98|0x000000061cc00000, 0x000000061cc00000, 0x000000061d000000|  0%| F|  |TAMS 0x000000061cc00000| PB 0x000000061cc00000| Untracked 
|  99|0x000000061d000000, 0x000000061d000000, 0x000000061d400000|  0%| F|  |TAMS 0x000000061d000000| PB 0x000000061d000000| Untracked 
| 100|0x000000061d400000, 0x000000061d400000, 0x000000061d800000|  0%| F|  |TAMS 0x000000061d400000| PB 0x000000061d400000| Untracked 
| 101|0x000000061d800000, 0x000000061d800000, 0x000000061dc00000|  0%| F|  |TAMS 0x000000061d800000| PB 0x000000061d800000| Untracked 
| 102|0x000000061dc00000, 0x000000061de76f90, 0x000000061e000000| 61%| E|  |TAMS 0x000000061dc00000| PB 0x000000061dc00000| Complete 
| 103|0x000000061e000000, 0x000000061e400000, 0x000000061e400000|100%| E|  |TAMS 0x000000061e000000| PB 0x000000061e000000| Complete 
| 104|0x000000061e400000, 0x000000061e800000, 0x000000061e800000|100%| E|CS|TAMS 0x000000061e400000| PB 0x000000061e400000| Complete 
| 105|0x000000061e800000, 0x000000061ec00000, 0x000000061ec00000|100%| E|CS|TAMS 0x000000061e800000| PB 0x000000061e800000| Complete 
| 106|0x000000061ec00000, 0x000000061f000000, 0x000000061f000000|100%| E|CS|TAMS 0x000000061ec00000| PB 0x000000061ec00000| Complete 
| 107|0x000000061f000000, 0x000000061f400000, 0x000000061f400000|100%| E|CS|TAMS 0x000000061f000000| PB 0x000000061f000000| Complete 
| 108|0x000000061f400000, 0x000000061f800000, 0x000000061f800000|100%| E|CS|TAMS 0x000000061f400000| PB 0x000000061f400000| Complete 
| 109|0x000000061f800000, 0x000000061fc00000, 0x000000061fc00000|100%| E|CS|TAMS 0x000000061f800000| PB 0x000000061f800000| Complete 
| 110|0x000000061fc00000, 0x0000000620000000, 0x0000000620000000|100%| E|CS|TAMS 0x000000061fc00000| PB 0x000000061fc00000| Complete 
| 111|0x0000000620000000, 0x0000000620400000, 0x0000000620400000|100%| E|CS|TAMS 0x0000000620000000| PB 0x0000000620000000| Complete 
| 112|0x0000000620400000, 0x0000000620800000, 0x0000000620800000|100%| E|CS|TAMS 0x0000000620400000| PB 0x0000000620400000| Complete 
| 113|0x0000000620800000, 0x0000000620c00000, 0x0000000620c00000|100%| E|CS|TAMS 0x0000000620800000| PB 0x0000000620800000| Complete 
| 114|0x0000000620c00000, 0x0000000621000000, 0x0000000621000000|100%| E|CS|TAMS 0x0000000620c00000| PB 0x0000000620c00000| Complete 
| 115|0x0000000621000000, 0x0000000621400000, 0x0000000621400000|100%| E|CS|TAMS 0x0000000621000000| PB 0x0000000621000000| Complete 
| 116|0x0000000621400000, 0x0000000621800000, 0x0000000621800000|100%| E|CS|TAMS 0x0000000621400000| PB 0x0000000621400000| Complete 
| 117|0x0000000621800000, 0x0000000621c00000, 0x0000000621c00000|100%| E|CS|TAMS 0x0000000621800000| PB 0x0000000621800000| Complete 
| 118|0x0000000621c00000, 0x0000000622000000, 0x0000000622000000|100%| E|CS|TAMS 0x0000000621c00000| PB 0x0000000621c00000| Complete 
| 119|0x0000000622000000, 0x0000000622400000, 0x0000000622400000|100%| E|CS|TAMS 0x0000000622000000| PB 0x0000000622000000| Complete 
| 120|0x0000000622400000, 0x0000000622800000, 0x0000000622800000|100%| E|CS|TAMS 0x0000000622400000| PB 0x0000000622400000| Complete 
| 121|0x0000000622800000, 0x0000000622c00000, 0x0000000622c00000|100%| E|CS|TAMS 0x0000000622800000| PB 0x0000000622800000| Complete 
| 122|0x0000000622c00000, 0x0000000623000000, 0x0000000623000000|100%| E|CS|TAMS 0x0000000622c00000| PB 0x0000000622c00000| Complete 
| 123|0x0000000623000000, 0x0000000623400000, 0x0000000623400000|100%| E|CS|TAMS 0x0000000623000000| PB 0x0000000623000000| Complete 
| 124|0x0000000623400000, 0x0000000623800000, 0x0000000623800000|100%| E|CS|TAMS 0x0000000623400000| PB 0x0000000623400000| Complete 
| 125|0x0000000623800000, 0x0000000623c00000, 0x0000000623c00000|100%| E|CS|TAMS 0x0000000623800000| PB 0x0000000623800000| Complete 
| 126|0x0000000623c00000, 0x0000000624000000, 0x0000000624000000|100%| E|CS|TAMS 0x0000000623c00000| PB 0x0000000623c00000| Complete 
| 127|0x0000000624000000, 0x0000000624400000, 0x0000000624400000|100%| E|CS|TAMS 0x0000000624000000| PB 0x0000000624000000| Complete 
| 128|0x0000000624400000, 0x0000000624800000, 0x0000000624800000|100%| E|CS|TAMS 0x0000000624400000| PB 0x0000000624400000| Complete 
| 129|0x0000000624800000, 0x0000000624c00000, 0x0000000624c00000|100%| E|CS|TAMS 0x0000000624800000| PB 0x0000000624800000| Complete 
| 130|0x0000000624c00000, 0x0000000625000000, 0x0000000625000000|100%| E|CS|TAMS 0x0000000624c00000| PB 0x0000000624c00000| Complete 
| 131|0x0000000625000000, 0x0000000625400000, 0x0000000625400000|100%| E|CS|TAMS 0x0000000625000000| PB 0x0000000625000000| Complete 
| 132|0x0000000625400000, 0x0000000625800000, 0x0000000625800000|100%| E|CS|TAMS 0x0000000625400000| PB 0x0000000625400000| Complete 
| 133|0x0000000625800000, 0x0000000625c00000, 0x0000000625c00000|100%| E|CS|TAMS 0x0000000625800000| PB 0x0000000625800000| Complete 
| 134|0x0000000625c00000, 0x0000000626000000, 0x0000000626000000|100%| E|CS|TAMS 0x0000000625c00000| PB 0x0000000625c00000| Complete 
| 135|0x0000000626000000, 0x0000000626400000, 0x0000000626400000|100%| E|CS|TAMS 0x0000000626000000| PB 0x0000000626000000| Complete 
| 136|0x0000000626400000, 0x0000000626800000, 0x0000000626800000|100%| E|CS|TAMS 0x0000000626400000| PB 0x0000000626400000| Complete 
| 137|0x0000000626800000, 0x0000000626c00000, 0x0000000626c00000|100%| E|CS|TAMS 0x0000000626800000| PB 0x0000000626800000| Complete 
| 138|0x0000000626c00000, 0x0000000627000000, 0x0000000627000000|100%| E|CS|TAMS 0x0000000626c00000| PB 0x0000000626c00000| Complete 
| 139|0x0000000627000000, 0x0000000627400000, 0x0000000627400000|100%| E|CS|TAMS 0x0000000627000000| PB 0x0000000627000000| Complete 
| 140|0x0000000627400000, 0x0000000627800000, 0x0000000627800000|100%| E|CS|TAMS 0x0000000627400000| PB 0x0000000627400000| Complete 
| 141|0x0000000627800000, 0x0000000627c00000, 0x0000000627c00000|100%| E|CS|TAMS 0x0000000627800000| PB 0x0000000627800000| Complete 
| 142|0x0000000627c00000, 0x0000000628000000, 0x0000000628000000|100%| E|CS|TAMS 0x0000000627c00000| PB 0x0000000627c00000| Complete 
| 143|0x0000000628000000, 0x0000000628400000, 0x0000000628400000|100%| E|CS|TAMS 0x0000000628000000| PB 0x0000000628000000| Complete 
| 144|0x0000000628400000, 0x0000000628800000, 0x0000000628800000|100%| E|CS|TAMS 0x0000000628400000| PB 0x0000000628400000| Complete 
| 145|0x0000000628800000, 0x0000000628c00000, 0x0000000628c00000|100%| E|CS|TAMS 0x0000000628800000| PB 0x0000000628800000| Complete 
| 146|0x0000000628c00000, 0x0000000629000000, 0x0000000629000000|100%| E|CS|TAMS 0x0000000628c00000| PB 0x0000000628c00000| Complete 
| 147|0x0000000629000000, 0x0000000629400000, 0x0000000629400000|100%| E|CS|TAMS 0x0000000629000000| PB 0x0000000629000000| Complete 
| 148|0x0000000629400000, 0x0000000629800000, 0x0000000629800000|100%| E|CS|TAMS 0x0000000629400000| PB 0x0000000629400000| Complete 
| 149|0x0000000629800000, 0x0000000629c00000, 0x0000000629c00000|100%| E|CS|TAMS 0x0000000629800000| PB 0x0000000629800000| Complete 
| 150|0x0000000629c00000, 0x000000062a000000, 0x000000062a000000|100%| E|CS|TAMS 0x0000000629c00000| PB 0x0000000629c00000| Complete 
| 151|0x000000062a000000, 0x000000062a400000, 0x000000062a400000|100%| E|CS|TAMS 0x000000062a000000| PB 0x000000062a000000| Complete 
| 152|0x000000062a400000, 0x000000062a800000, 0x000000062a800000|100%| E|CS|TAMS 0x000000062a400000| PB 0x000000062a400000| Complete 
| 153|0x000000062a800000, 0x000000062ac00000, 0x000000062ac00000|100%| E|CS|TAMS 0x000000062a800000| PB 0x000000062a800000| Complete 
| 154|0x000000062ac00000, 0x000000062ae472a0, 0x000000062b000000| 56%| S|CS|TAMS 0x000000062ac00000| PB 0x000000062ac00000| Complete 
| 155|0x000000062b000000, 0x000000062b400000, 0x000000062b400000|100%| S|CS|TAMS 0x000000062b000000| PB 0x000000062b000000| Complete 
| 156|0x000000062b400000, 0x000000062b800000, 0x000000062b800000|100%| E|CS|TAMS 0x000000062b400000| PB 0x000000062b400000| Complete 
| 157|0x000000062b800000, 0x000000062bc00000, 0x000000062bc00000|100%| E|CS|TAMS 0x000000062b800000| PB 0x000000062b800000| Complete 
| 158|0x000000062bc00000, 0x000000062c000000, 0x000000062c000000|100%| E|CS|TAMS 0x000000062bc00000| PB 0x000000062bc00000| Complete 
| 159|0x000000062c000000, 0x000000062c400000, 0x000000062c400000|100%| E|CS|TAMS 0x000000062c000000| PB 0x000000062c000000| Complete 
| 160|0x000000062c400000, 0x000000062c800000, 0x000000062c800000|100%| E|CS|TAMS 0x000000062c400000| PB 0x000000062c400000| Complete 
| 161|0x000000062c800000, 0x000000062cc00000, 0x000000062cc00000|100%| E|CS|TAMS 0x000000062c800000| PB 0x000000062c800000| Complete 
| 162|0x000000062cc00000, 0x000000062d000000, 0x000000062d000000|100%| E|CS|TAMS 0x000000062cc00000| PB 0x000000062cc00000| Complete 
| 163|0x000000062d000000, 0x000000062d400000, 0x000000062d400000|100%| E|CS|TAMS 0x000000062d000000| PB 0x000000062d000000| Complete 
| 164|0x000000062d400000, 0x000000062d800000, 0x000000062d800000|100%| E|CS|TAMS 0x000000062d400000| PB 0x000000062d400000| Complete 
| 165|0x000000062d800000, 0x000000062dc00000, 0x000000062dc00000|100%| E|CS|TAMS 0x000000062d800000| PB 0x000000062d800000| Complete 
| 166|0x000000062dc00000, 0x000000062e000000, 0x000000062e000000|100%| E|CS|TAMS 0x000000062dc00000| PB 0x000000062dc00000| Complete 
|2028|0x00000007ff400000, 0x00000007ff800000, 0x00000007ff800000|100%| O|  |TAMS 0x00000007ff400000| PB 0x00000007ff400000| Untracked 
|2029|0x00000007ff800000, 0x00000007ffc00000, 0x00000007ffc00000|100%| O|  |TAMS 0x00000007ff800000| PB 0x00000007ff800000| Untracked 
|2030|0x00000007ffc00000, 0x0000000800000000, 0x0000000800000000|100%| O|  |TAMS 0x00000007ffc00000| PB 0x00000007ffc00000| Untracked 

Card table byte_map: [0x000001c0ec7f0000,0x000001c0ed7d0000] _byte_map_base: 0x000001c0e97ce000

Marking Bits: (CMBitMap*) 0x000001c0f580fbd0
 Bits: [0x000001c0ed7d0000, 0x000001c0f56c0000)

Polling page: 0x000001c0d13a0000

Metaspace:

Usage:
  Non-class:     73.36 MB used.
      Class:      8.92 MB used.
       Both:     82.29 MB used.

Virtual space:
  Non-class space:      128.00 MB reserved,      74.19 MB ( 58%) committed,  2 nodes.
      Class space:        1.00 GB reserved,       9.50 MB ( <1%) committed,  1 nodes.
             Both:        1.12 GB reserved,      83.69 MB (  7%) committed. 

Chunk freelists:
   Non-Class:  5.64 MB
       Class:  6.38 MB
        Both:  12.02 MB

MaxMetaspaceSize: unlimited
CompressedClassSpaceSize: 1.00 GB
Initial GC threshold: 21.00 MB
Current GC threshold: 98.44 MB
CDS: on
 - commit_granule_bytes: 65536.
 - commit_granule_words: 8192.
 - virtual_space_node_default_size: 8388608.
 - enlarge_chunks_in_place: 1.
 - use_allocation_guard: 0.


Internal statistics:

num_allocs_failed_limit: 9.
num_arena_births: 2352.
num_arena_deaths: 0.
num_vsnodes_births: 3.
num_vsnodes_deaths: 0.
num_space_committed: 1339.
num_space_uncommitted: 0.
num_chunks_returned_to_freelist: 9.
num_chunks_taken_from_freelist: 5640.
num_chunk_merges: 6.
num_chunk_splits: 3624.
num_chunks_enlarged: 2292.
num_inconsistent_stats: 0.

CodeHeap 'non-profiled nmethods': size=119168Kb used=8118Kb max_used=8118Kb free=111049Kb
 bounds [0x000001c0e3900000, 0x000001c0e40f0000, 0x000001c0ead60000]
CodeHeap 'profiled nmethods': size=119104Kb used=29569Kb max_used=29569Kb free=89534Kb
 bounds [0x000001c0dbd60000, 0x000001c0dda50000, 0x000001c0e31b0000]
CodeHeap 'non-nmethods': size=7488Kb used=5424Kb max_used=5471Kb free=2063Kb
 bounds [0x000001c0e31b0000, 0x000001c0e3750000, 0x000001c0e3900000]
CodeCache: size=245760Kb, used=43111Kb, max_used=43158Kb, free=202646Kb
 total_blobs=16967, nmethods=14343, adapters=2525, full_count=0
Compilation: enabled, stopped_count=0, restarted_count=0

Compilation events (20 events):
Event: 20.468 Thread 0x000001c0f8a748a0 nmethod 14399 0x000001c0dd98c010 code [0x000001c0dd98c1e0, 0x000001c0dd98c4e0]
Event: 20.468 Thread 0x000001c0f8a72690 14413       3       java.util.regex.Pattern::range (294 bytes)
Event: 20.468 Thread 0x000001c0cb0fc490 14410       4       java.util.regex.Matcher::search (154 bytes)
Event: 20.468 Thread 0x000001c0c9e29400 nmethod 14391 0x000001c0dd98c690 code [0x000001c0dd98cf00, 0x000001c0dd991bd8]
Event: 20.470 Thread 0x000001c0f8a72690 nmethod 14413 0x000001c0dd993610 code [0x000001c0dd993a40, 0x000001c0dd995190]
Event: 20.473 Thread 0x000001c0f8a72690 14418       3       java.lang.invoke.Invokers$Holder::linkToTargetMethod (10 bytes)
Event: 20.473 Thread 0x000001c0cb0fe6a0 nmethod 14411 0x000001c0e40b8390 code [0x000001c0e40b8540, 0x000001c0e40b8798]
Event: 20.473 Thread 0x000001c0f8a72690 nmethod 14418 0x000001c0dd995a10 code [0x000001c0dd995be0, 0x000001c0dd995ef0]
Event: 20.474 Thread 0x000001c0c9e29400 14419       3       java.lang.invoke.DirectMethodHandle$Holder::newInvokeSpecial (24 bytes)
Event: 20.474 Thread 0x000001c0cb0fe6a0 14406       4       java.lang.Character::toLowerCase (9 bytes)
Event: 20.474 Thread 0x000001c0f8a72690 14420       3       java.util.regex.Pattern$Branch::<init> (37 bytes)
Event: 20.474 Thread 0x000001c0c9e29400 nmethod 14419 0x000001c0dd996010 code [0x000001c0dd996200, 0x000001c0dd9968e0]
Event: 20.474 Thread 0x000001c0f8a748a0 14421       3       java.util.regex.Pattern$$Lambda/0x800000029::<init> (15 bytes)
Event: 20.474 Thread 0x000001c0f8a72690 nmethod 14420 0x000001c0dd996a90 code [0x000001c0dd996c60, 0x000001c0dd997318]
Event: 20.474 Thread 0x000001c0f8a748a0 nmethod 14421 0x000001c0dd997490 code [0x000001c0dd997640, 0x000001c0dd9977b0]
Event: 20.475 Thread 0x000001c0f8a72690 14422       3       jdk.internal.net.http.WindowUpdateSender::released (52 bytes)
Event: 20.475 Thread 0x000001c0f8a748a0 14423       3       jdk.internal.net.http.Stream::setEndStreamReceived (72 bytes)
Event: 20.475 Thread 0x000001c0c9e24fe0 14424   !   3       java.util.concurrent.CompletableFuture::waitingGet (142 bytes)
Event: 20.475 Thread 0x000001c0c9e29400 14425   !   3       jdk.internal.net.http.Stream::drainInputQueue (72 bytes)
Event: 20.476 Thread 0x000001c0f8a72690 nmethod 14422 0x000001c0dd997890 code [0x000001c0dd997a40, 0x000001c0dd997bb0]

GC Heap History (20 events):
Event: 9.890 GC heap before
{Heap before GC invocations=11 (full 0):
 garbage-first heap   total 180224K, used 173215K [0x0000000604400000, 0x0000000800000000)
  region size 4096K, 20 young (81920K), 3 survivors (12288K)
 Metaspace       used 69982K, committed 71232K, reserved 1114112K
  class space    used 7914K, committed 8448K, reserved 1048576K
}
Event: 9.898 GC heap after
{Heap after GC invocations=12 (full 0):
 garbage-first heap   total 200704K, used 76212K [0x0000000604400000, 0x0000000800000000)
  region size 4096K, 5 young (20480K), 5 survivors (20480K)
 Metaspace       used 69982K, committed 71232K, reserved 1114112K
  class space    used 7914K, committed 8448K, reserved 1048576K
}
Event: 10.320 GC heap before
{Heap before GC invocations=12 (full 0):
 garbage-first heap   total 212992K, used 203188K [0x0000000604400000, 0x0000000800000000)
  region size 4096K, 19 young (77824K), 5 survivors (20480K)
 Metaspace       used 71235K, committed 72512K, reserved 1114112K
  class space    used 8005K, committed 8512K, reserved 1048576K
}
Event: 10.327 GC heap after
{Heap after GC invocations=13 (full 0):
 garbage-first heap   total 241664K, used 77704K [0x0000000604400000, 0x0000000800000000)
  region size 4096K, 4 young (16384K), 4 survivors (16384K)
 Metaspace       used 71235K, committed 72512K, reserved 1114112K
  class space    used 8005K, committed 8512K, reserved 1048576K
}
Event: 10.473 GC heap before
{Heap before GC invocations=13 (full 0):
 garbage-first heap   total 241664K, used 135048K [0x0000000604400000, 0x0000000800000000)
  region size 4096K, 8 young (32768K), 4 survivors (16384K)
 Metaspace       used 71712K, committed 72960K, reserved 1114112K
  class space    used 8040K, committed 8576K, reserved 1048576K
}
Event: 10.476 GC heap after
{Heap after GC invocations=14 (full 0):
 garbage-first heap   total 241664K, used 83316K [0x0000000604400000, 0x0000000800000000)
  region size 4096K, 3 young (12288K), 3 survivors (12288K)
 Metaspace       used 71712K, committed 72960K, reserved 1114112K
  class space    used 8040K, committed 8576K, reserved 1048576K
}
Event: 10.492 GC heap before
{Heap before GC invocations=14 (full 0):
 garbage-first heap   total 241664K, used 120180K [0x0000000604400000, 0x0000000800000000)
  region size 4096K, 5 young (20480K), 3 survivors (12288K)
 Metaspace       used 71747K, committed 73024K, reserved 1114112K
  class space    used 8040K, committed 8576K, reserved 1048576K
}
Event: 10.495 GC heap after
{Heap after GC invocations=15 (full 0):
 garbage-first heap   total 241664K, used 99906K [0x0000000604400000, 0x0000000800000000)
  region size 4096K, 1 young (4096K), 1 survivors (4096K)
 Metaspace       used 71747K, committed 73024K, reserved 1114112K
  class space    used 8040K, committed 8576K, reserved 1048576K
}
Event: 10.497 GC heap before
{Heap before GC invocations=15 (full 0):
 garbage-first heap   total 241664K, used 112194K [0x0000000604400000, 0x0000000800000000)
  region size 4096K, 2 young (8192K), 1 survivors (4096K)
 Metaspace       used 71754K, committed 73024K, reserved 1114112K
  class space    used 8040K, committed 8576K, reserved 1048576K
}
Event: 10.499 GC heap after
{Heap after GC invocations=16 (full 0):
 garbage-first heap   total 348160K, used 112092K [0x0000000604400000, 0x0000000800000000)
  region size 4096K, 1 young (4096K), 1 survivors (4096K)
 Metaspace       used 71754K, committed 73024K, reserved 1114112K
  class space    used 8040K, committed 8576K, reserved 1048576K
}
Event: 10.573 GC heap before
{Heap before GC invocations=16 (full 0):
 garbage-first heap   total 348160K, used 165340K [0x0000000604400000, 0x0000000800000000)
  region size 4096K, 3 young (12288K), 1 survivors (4096K)
 Metaspace       used 71791K, committed 73024K, reserved 1114112K
  class space    used 8040K, committed 8576K, reserved 1048576K
}
Event: 10.574 GC heap after
{Heap after GC invocations=17 (full 0):
 garbage-first heap   total 348160K, used 108186K [0x0000000604400000, 0x0000000800000000)
  region size 4096K, 1 young (4096K), 1 survivors (4096K)
 Metaspace       used 71791K, committed 73024K, reserved 1114112K
  class space    used 8040K, committed 8576K, reserved 1048576K
}
Event: 10.653 GC heap before
{Heap before GC invocations=17 (full 0):
 garbage-first heap   total 348160K, used 173722K [0x0000000604400000, 0x0000000800000000)
  region size 4096K, 6 young (24576K), 1 survivors (4096K)
 Metaspace       used 71928K, committed 73216K, reserved 1179648K
  class space    used 8045K, committed 8576K, reserved 1048576K
}
Event: 10.655 GC heap after
{Heap after GC invocations=18 (full 0):
 garbage-first heap   total 348160K, used 83923K [0x0000000604400000, 0x0000000800000000)
  region size 4096K, 1 young (4096K), 1 survivors (4096K)
 Metaspace       used 71928K, committed 73216K, reserved 1179648K
  class space    used 8045K, committed 8576K, reserved 1048576K
}
Event: 10.713 GC heap before
{Heap before GC invocations=18 (full 0):
 garbage-first heap   total 348160K, used 169939K [0x0000000604400000, 0x0000000800000000)
  region size 4096K, 5 young (20480K), 1 survivors (4096K)
 Metaspace       used 72385K, committed 73664K, reserved 1179648K
  class space    used 8085K, committed 8640K, reserved 1048576K
}
Event: 10.715 GC heap after
{Heap after GC invocations=19 (full 0):
 garbage-first heap   total 348160K, used 93407K [0x0000000604400000, 0x0000000800000000)
  region size 4096K, 1 young (4096K), 1 survivors (4096K)
 Metaspace       used 72385K, committed 73664K, reserved 1179648K
  class space    used 8085K, committed 8640K, reserved 1048576K
}
Event: 10.952 GC heap before
{Heap before GC invocations=19 (full 0):
 garbage-first heap   total 348160K, used 179423K [0x0000000604400000, 0x0000000800000000)
  region size 4096K, 8 young (32768K), 1 survivors (4096K)
 Metaspace       used 72669K, committed 73984K, reserved 1179648K
  class space    used 8092K, committed 8640K, reserved 1048576K
}
Event: 10.954 GC heap after
{Heap after GC invocations=20 (full 0):
 garbage-first heap   total 696320K, used 97690K [0x0000000604400000, 0x0000000800000000)
  region size 4096K, 1 young (4096K), 1 survivors (4096K)
 Metaspace       used 72669K, committed 73984K, reserved 1179648K
  class space    used 8092K, committed 8640K, reserved 1048576K
}
Event: 11.612 GC heap before
{Heap before GC invocations=20 (full 0):
 garbage-first heap   total 696320K, used 355738K [0x0000000604400000, 0x0000000800000000)
  region size 4096K, 12 young (49152K), 1 survivors (4096K)
 Metaspace       used 73079K, committed 74304K, reserved 1179648K
  class space    used 8110K, committed 8640K, reserved 1048576K
}
Event: 11.614 GC heap after
{Heap after GC invocations=21 (full 0):
 garbage-first heap   total 696320K, used 104448K [0x0000000604400000, 0x0000000800000000)
  region size 4096K, 2 young (8192K), 2 survivors (8192K)
 Metaspace       used 73079K, committed 74304K, reserved 1179648K
  class space    used 8110K, committed 8640K, reserved 1048576K
}

Dll operation events (15 events):
Event: 0.007 Loaded shared library C:\Program Files\Eclipse Adoptium\jdk-21.0.11.10-hotspot\bin\java.dll
Event: 0.032 Loaded shared library C:\Program Files\Eclipse Adoptium\jdk-21.0.11.10-hotspot\bin\jsvml.dll
Event: 0.146 Loaded shared library C:\Program Files\Eclipse Adoptium\jdk-21.0.11.10-hotspot\bin\net.dll
Event: 0.148 Loaded shared library C:\Program Files\Eclipse Adoptium\jdk-21.0.11.10-hotspot\bin\nio.dll
Event: 0.154 Loaded shared library C:\Program Files\Eclipse Adoptium\jdk-21.0.11.10-hotspot\bin\zip.dll
Event: 0.165 Loaded shared library C:\Program Files\Eclipse Adoptium\jdk-21.0.11.10-hotspot\bin\jimage.dll
Event: 0.170 Loaded shared library C:\Program Files\Eclipse Adoptium\jdk-21.0.11.10-hotspot\bin\awt.dll
Event: 1.390 Loaded shared library D:\opencode\NuvioDesktop0-experiment\composeApp\build\native\windows\player_bridge.dll
Event: 1.438 Loaded shared library C:\Users\ahmed\.skiko\skiko-windows-x64-3ce1b2621ce4905333064341568d0e9493efc0d4971a63b096261c774bc6e5a8\skiko-windows-x64.dll
Event: 1.873 Loaded shared library C:\Program Files\Eclipse Adoptium\jdk-21.0.11.10-hotspot\bin\freetype.dll
Event: 1.873 Loaded shared library C:\Program Files\Eclipse Adoptium\jdk-21.0.11.10-hotspot\bin\fontmanager.dll
Event: 3.039 Loaded shared library C:\Program Files\Eclipse Adoptium\jdk-21.0.11.10-hotspot\bin\sunmscapi.dll
Event: 3.097 Loaded shared library C:\Program Files\Eclipse Adoptium\jdk-21.0.11.10-hotspot\bin\extnet.dll
Event: 3.810 Loaded shared library C:\Program Files\Eclipse Adoptium\jdk-21.0.11.10-hotspot\bin\prefs.dll
Event: 19.769 Loaded shared library C:\Users\ahmed\AppData\Local\Temp\quickjs_quickjs6688270348858591925.tmp

Deoptimization events (20 events):
Event: 20.437 Thread 0x000001c0ccad9c90 Uncommon trap: trap_request=0xffffff45 fr.pc=0x000001c0e3daf4a8 relative=0x00000000000000e8
Event: 20.437 Thread 0x000001c0ccad9c90 Uncommon trap: reason=unstable_if action=reinterpret pc=0x000001c0e3daf4a8 method=java.lang.ThreadLocal$ThreadLocalMap.getEntry(Ljava/lang/ThreadLocal;)Ljava/lang/ThreadLocal$ThreadLocalMap$Entry; @ 29 c2
Event: 20.437 Thread 0x000001c0ccad9c90 DEOPT PACKING pc=0x000001c0e3daf4a8 sp=0x0000000fa8bfb4b0
Event: 20.437 Thread 0x000001c0ccad9c90 DEOPT UNPACKING pc=0x000001c0e3204422 sp=0x0000000fa8bfb440 mode 2
Event: 20.459 Thread 0x000001c0ccad9c90 Uncommon trap: trap_request=0xffffff45 fr.pc=0x000001c0e3c2a668 relative=0x0000000000000048
Event: 20.459 Thread 0x000001c0ccad9c90 Uncommon trap: reason=unstable_if action=reinterpret pc=0x000001c0e3c2a668 method=java.lang.Character.charCount(I)I @ 3 c2
Event: 20.459 Thread 0x000001c0ccad9c90 DEOPT PACKING pc=0x000001c0e3c2a668 sp=0x0000000fa8bfea80
Event: 20.459 Thread 0x000001c0ccad9c90 DEOPT UNPACKING pc=0x000001c0e3204422 sp=0x0000000fa8bfea08 mode 2
Event: 20.459 Thread 0x000001c0ccad9c90 Uncommon trap: trap_request=0xffffff45 fr.pc=0x000001c0e40801e4 relative=0x00000000000000c4
Event: 20.459 Thread 0x000001c0ccad9c90 Uncommon trap: reason=unstable_if action=reinterpret pc=0x000001c0e40801e4 method=java.lang.CharacterData.of(I)Ljava/lang/CharacterData; @ 15 c2
Event: 20.459 Thread 0x000001c0ccad9c90 DEOPT PACKING pc=0x000001c0e40801e4 sp=0x0000000fa8bfea70
Event: 20.459 Thread 0x000001c0ccad9c90 DEOPT UNPACKING pc=0x000001c0e3204422 sp=0x0000000fa8bfe9b0 mode 2
Event: 20.463 Thread 0x000001c0ccad9c90 Uncommon trap: trap_request=0xffffff45 fr.pc=0x000001c0e39e6404 relative=0x0000000000000064
Event: 20.463 Thread 0x000001c0ccad9c90 Uncommon trap: reason=unstable_if action=reinterpret pc=0x000001c0e39e6404 method=java.lang.CharacterData.of(I)Ljava/lang/CharacterData; @ 15 c2
Event: 20.463 Thread 0x000001c0ccad9c90 DEOPT PACKING pc=0x000001c0e39e6404 sp=0x0000000fa8bfea20
Event: 20.463 Thread 0x000001c0ccad9c90 DEOPT UNPACKING pc=0x000001c0e3204422 sp=0x0000000fa8bfe9b0 mode 2
Event: 20.464 Thread 0x000001c0ccad9c90 Uncommon trap: trap_request=0xffffff45 fr.pc=0x000001c0e3e6d444 relative=0x0000000000000084
Event: 20.464 Thread 0x000001c0ccad9c90 Uncommon trap: reason=unstable_if action=reinterpret pc=0x000001c0e3e6d444 method=java.lang.Character.isHighSurrogate(C)Z @ 3 c2
Event: 20.465 Thread 0x000001c0ccad9c90 DEOPT PACKING pc=0x000001c0e3e6d444 sp=0x0000000fa8bfe8f0
Event: 20.465 Thread 0x000001c0ccad9c90 DEOPT UNPACKING pc=0x000001c0e3204422 sp=0x0000000fa8bfe818 mode 2

Classes loaded (20 events):
Event: 19.950 Loading class java/io/PrintWriter$1
Event: 19.950 Loading class jdk/internal/access/JavaIOPrintWriterAccess
Event: 19.950 Loading class jdk/internal/access/JavaIOPrintWriterAccess done
Event: 19.950 Loading class java/io/PrintWriter$1 done
Event: 19.950 Loading class java/lang/Throwable$WrappedPrintWriter
Event: 19.950 Loading class java/lang/Throwable$PrintStreamOrWriter
Event: 19.951 Loading class java/lang/Throwable$PrintStreamOrWriter done
Event: 19.951 Loading class java/lang/Throwable$WrappedPrintWriter done
Event: 19.951 Loading class java/lang/StackTraceElement$HashedModules
Event: 19.951 Loading class java/lang/StackTraceElement$HashedModules done
Event: 20.120 Loading class java/io/StringReader
Event: 20.120 Loading class java/io/StringReader done
Event: 20.274 Loading class java/util/regex/Pattern$Bound
Event: 20.274 Loading class java/util/regex/Pattern$Bound done
Event: 20.358 Loading class sun/security/ssl/KeyShareExtension$HRRKeyShareSpec
Event: 20.358 Loading class sun/security/ssl/KeyShareExtension$HRRKeyShareSpec done
Event: 20.359 Loading class sun/security/ssl/ClientHello$1
Event: 20.359 Loading class sun/security/ssl/ClientHello$1 done
Event: 20.459 Loading class java/lang/CharacterData01
Event: 20.462 Loading class java/lang/CharacterData01 done

Classes unloaded (0 events):
No events

Classes redefined (0 events):
No events

Internal exceptions (20 events):
Event: 19.907 Thread 0x000001c0ca3ec930 Exception <a 'java/lang/NoClassDefFoundError'{0x00000006247fc9f8}: ReferenceError> (0x00000006247fc9f8) 
thrown [s\src\hotspot\share\classfile\systemDictionary.cpp, line 302]
Event: 19.908 Thread 0x000001c0ca3ec930 Implicit null exception at 0x000001c0e3c32db4 to 0x000001c0e3c333ac
Event: 19.912 Thread 0x000001c0ccca7f80 Exception <a 'java/lang/NoClassDefFoundError'{0x0000000623c0ba18}: Error> (0x0000000623c0ba18) 
thrown [s\src\hotspot\share\classfile\systemDictionary.cpp, line 302]
Event: 19.912 Thread 0x000001c0ccca7f80 Exception <a 'java/lang/NoClassDefFoundError'{0x0000000623c0c9a0}: Error> (0x0000000623c0c9a0) 
thrown [s\src\hotspot\share\classfile\systemDictionary.cpp, line 302]
Event: 19.916 Thread 0x000001c0ccada320 Exception <a 'java/lang/NoClassDefFoundError'{0x0000000624209718}: ReferenceError> (0x0000000624209718) 
thrown [s\src\hotspot\share\classfile\systemDictionary.cpp, line 302]
Event: 19.916 Thread 0x000001c0ccada320 Exception <a 'java/lang/NoClassDefFoundError'{0x000000062420b448}: ReferenceError> (0x000000062420b448) 
thrown [s\src\hotspot\share\classfile\systemDictionary.cpp, line 302]
Event: 19.917 Thread 0x000001c0ccada320 Exception <a 'java/lang/NoClassDefFoundError'{0x000000062420cad8}: ReferenceError> (0x000000062420cad8) 
thrown [s\src\hotspot\share\classfile\systemDictionary.cpp, line 302]
Event: 19.917 Thread 0x000001c0ccada320 Exception <a 'java/lang/NoClassDefFoundError'{0x000000062420e220}: ReferenceError> (0x000000062420e220) 
thrown [s\src\hotspot\share\classfile\systemDictionary.cpp, line 302]
Event: 19.917 Thread 0x000001c0ccada320 Exception <a 'java/lang/NoClassDefFoundError'{0x000000062420fef0}: ReferenceError> (0x000000062420fef0) 
thrown [s\src\hotspot\share\classfile\systemDictionary.cpp, line 302]
Event: 19.946 Thread 0x000001c0ccca6540 Exception <a 'java/net/UnknownHostException'{0x0000000623bc7860}> (0x0000000623bc7860) 
thrown [s\src\hotspot\share\prims\jni.cpp, line 520]
Event: 20.007 Thread 0x000001c0cab4bef0 Exception <a 'java/lang/NoClassDefFoundError'{0x0000000622e55678}: TypeError> (0x0000000622e55678) 
thrown [s\src\hotspot\share\classfile\systemDictionary.cpp, line 302]
Event: 20.010 Thread 0x000001c0ccadca80 Exception <a 'com/dokar/quickjs/QuickJsException'{0x00000006239297f8}: SyntaxError: expecting ';'
    at main.js:4:8
> (0x00000006239297f8) 
thrown [s\src\hotspot\share\prims\jni.cpp, line 539]
Event: 20.041 Thread 0x000001c0ccadca80 Exception <a 'com/dokar/quickjs/QuickJsException'{0x0000000622421f78}: SyntaxError: invalid first character of private name
    at main.js:4:25
> (0x0000000622421f78) 
thrown [s\src\hotspot\share\prims\jni.cpp, line 539]
Event: 20.217 Thread 0x000001c0ca3eaef0 Exception <a 'java/lang/NoSuchMethodError'{0x00000006214f2db8}: 'int java.lang.invoke.DirectMethodHandle$Holder.invokeStaticInit(java.lang.Object, java.lang.Object, java.lang.Object, java.lang.Object)'> (0x00000006214f2db8) 
thrown [s\src\hotspot\share\interpreter\linkResolver.cpp, line 773]
Event: 20.277 Thread 0x000001c0ca3eaef0 Exception <a 'java/lang/IncompatibleClassChangeError'{0x0000000621322e50}: Class java.lang.Object does not implement the requested interface java.util.Map> (0x0000000621322e50) 
thrown [s\src\hotspot\share\interpreter\interpreterRuntime.cpp, line 646]
Event: 20.305 Thread 0x000001c0ca3eaef0 Exception <a 'java/lang/NoClassDefFoundError'{0x0000000620fba098}: ReferenceError> (0x0000000620fba098) 
thrown [s\src\hotspot\share\classfile\systemDictionary.cpp, line 302]
Event: 20.306 Thread 0x000001c0ca3eaef0 Exception <a 'java/lang/NoClassDefFoundError'{0x0000000620fbb0b0}: ReferenceError> (0x0000000620fbb0b0) 
thrown [s\src\hotspot\share\classfile\systemDictionary.cpp, line 302]
Event: 20.334 Thread 0x000001c0ccae0c20 Exception <a 'java/lang/NoClassDefFoundError'{0x0000000620e92280}: Error> (0x0000000620e92280) 
thrown [s\src\hotspot\share\classfile\systemDictionary.cpp, line 302]
Event: 20.476 Thread 0x000001c0ccade4c0 Exception <a 'java/lang/NullPointerException'{0x00000006209eda98}> (0x00000006209eda98) 
thrown [s\src\hotspot\share\prims\jni.cpp, line 900]
Event: 20.476 Thread 0x000001c0ccade4c0 Exception <a 'java/lang/NullPointerException'{0x00000006209edd78}> (0x00000006209edd78) 
thrown [s\src\hotspot\share\prims\jni.cpp, line 900]

ZGC Phase Switch (0 events):
No events

VM Operations (20 events):
Event: 13.545 Executing safepoint VM operation: ICBufferFull
Event: 13.545 Executing safepoint VM operation: ICBufferFull done
Event: 14.560 Executing safepoint VM operation: Cleanup
Event: 14.560 Executing safepoint VM operation: Cleanup done
Event: 15.564 Executing safepoint VM operation: Cleanup
Event: 15.564 Executing safepoint VM operation: Cleanup done
Event: 16.574 Executing safepoint VM operation: Cleanup
Event: 16.574 Executing safepoint VM operation: Cleanup done
Event: 17.584 Executing safepoint VM operation: Cleanup
Event: 17.584 Executing safepoint VM operation: Cleanup done
Event: 18.587 Executing safepoint VM operation: Cleanup
Event: 18.587 Executing safepoint VM operation: Cleanup done
Event: 19.588 Executing safepoint VM operation: Cleanup
Event: 19.588 Executing safepoint VM operation: Cleanup done
Event: 19.955 Executing safepoint VM operation: ICBufferFull
Event: 19.956 Executing safepoint VM operation: ICBufferFull done
Event: 20.167 Executing safepoint VM operation: ICBufferFull
Event: 20.172 Executing safepoint VM operation: ICBufferFull done
Event: 20.464 Executing safepoint VM operation: ICBufferFull
Event: 20.464 Executing safepoint VM operation: ICBufferFull done

Memory protections (0 events):
No events

Nmethod flushes (20 events):
Event: 9.076 Thread 0x000001c0f5975950 flushing  nmethod 0x000001c0dbdcac90
Event: 9.076 Thread 0x000001c0f5975950 flushing  nmethod 0x000001c0dbdccf90
Event: 9.076 Thread 0x000001c0f5975950 flushing  nmethod 0x000001c0dbdcd910
Event: 9.076 Thread 0x000001c0f5975950 flushing  nmethod 0x000001c0dbdce710
Event: 9.076 Thread 0x000001c0f5975950 flushing  nmethod 0x000001c0dbdcfd90
Event: 9.076 Thread 0x000001c0f5975950 flushing  nmethod 0x000001c0dbdd2610
Event: 9.076 Thread 0x000001c0f5975950 flushing  nmethod 0x000001c0dbde2f10
Event: 9.076 Thread 0x000001c0f5975950 flushing  nmethod 0x000001c0dbde7e10
Event: 9.076 Thread 0x000001c0f5975950 flushing  nmethod 0x000001c0dbe54810
Event: 9.076 Thread 0x000001c0f5975950 flushing  nmethod 0x000001c0dbe59390
Event: 9.076 Thread 0x000001c0f5975950 flushing  nmethod 0x000001c0dbe76e10
Event: 9.076 Thread 0x000001c0f5975950 flushing  nmethod 0x000001c0dbe8f890
Event: 9.076 Thread 0x000001c0f5975950 flushing  nmethod 0x000001c0dbe95510
Event: 9.076 Thread 0x000001c0f5975950 flushing  nmethod 0x000001c0dbebc610
Event: 9.076 Thread 0x000001c0f5975950 flushing  nmethod 0x000001c0dbf50890
Event: 9.076 Thread 0x000001c0f5975950 flushing  nmethod 0x000001c0dbf57d90
Event: 9.076 Thread 0x000001c0f5975950 flushing  nmethod 0x000001c0dbf84d10
Event: 9.076 Thread 0x000001c0f5975950 flushing  nmethod 0x000001c0dc02b590
Event: 9.076 Thread 0x000001c0f5975950 flushing  nmethod 0x000001c0dc086490
Event: 9.076 Thread 0x000001c0f5975950 flushing  nmethod 0x000001c0dc09ac10

Events (20 events):
Event: 15.736 Thread 0x000001c0f8a748a0 Thread added: 0x000001c0f8a71fc0
Event: 15.736 Thread 0x000001c0f8a748a0 Thread added: 0x000001c0f8a72690
Event: 15.879 Thread 0x000001c0f59ce6c0 Thread added: 0x000001c0c9e24fe0
Event: 16.363 Thread 0x000001c0f8a71fc0 Thread exited: 0x000001c0f8a71fc0
Event: 16.801 Thread 0x000001c0c9e24fe0 Thread added: 0x000001c0c9e29400
Event: 17.003 Thread 0x000001c0c9e29400 Thread exited: 0x000001c0c9e29400
Event: 17.784 Thread 0x000001c0f8a748a0 Thread added: 0x000001c0c9e29400
Event: 17.955 Thread 0x000001c0c9e29400 Thread exited: 0x000001c0c9e29400
Event: 19.011 Thread 0x000001c0f8a72690 Thread added: 0x000001c0c9e29400
Event: 19.593 Thread 0x000001c0c9e29400 Thread added: 0x000001c0c9e2a1a0
Event: 19.593 Thread 0x000001c0c9e29400 Thread added: 0x000001c0c9e2b610
Event: 19.756 Thread 0x000001c0f8a72690 Thread added: 0x000001c0cb0fc490
Event: 19.757 Thread 0x000001c0f8a72690 Thread added: 0x000001c0cb0fe6a0
Event: 19.757 Thread 0x000001c0f8a72690 Thread added: 0x000001c0cb0fd230
Event: 19.757 Thread 0x000001c0c9e29400 Thread added: 0x000001c0cb0fcb60
Event: 19.926 Thread 0x000001c0ccadeb50 Thread added: 0x000001c163150290
Event: 19.931 Thread 0x000001c0ccada320 Thread added: 0x000001c16314db30
Event: 19.933 Thread 0x000001c0ca3ec930 Thread added: 0x000001c163151cd0
Event: 19.968 Thread 0x000001c0ccada320 Thread added: 0x000001c152d301b0
Event: 20.379 Thread 0x000001c0ccadd110 Thread added: 0x000001c163152360


Dynamic libraries:
0x00007ff668270000 - 0x00007ff66827e000 	C:\Program Files\Eclipse Adoptium\jdk-21.0.11.10-hotspot\bin\java.exe
0x00007ffbbcda0000 - 0x00007ffbbd007000 	C:\WINDOWS\SYSTEM32\ntdll.dll
0x00007ffbbb9f0000 - 0x00007ffbbbab9000 	C:\WINDOWS\System32\KERNEL32.DLL
0x00007ffbba6f0000 - 0x00007ffbbaae7000 	C:\WINDOWS\System32\KERNELBASE.dll
0x00007ffbb9a40000 - 0x00007ffbb9b8b000 	C:\WINDOWS\System32\ucrtbase.dll
0x00007ffb9e1a0000 - 0x00007ffb9e1b8000 	C:\Program Files\Eclipse Adoptium\jdk-21.0.11.10-hotspot\bin\jli.dll
0x00007ffb97350000 - 0x00007ffb9736e000 	C:\Program Files\Eclipse Adoptium\jdk-21.0.11.10-hotspot\bin\VCRUNTIME140.dll
0x00007ffbbbf40000 - 0x00007ffbbc106000 	C:\WINDOWS\System32\USER32.dll
0x00007ffbbaaf0000 - 0x00007ffbbab17000 	C:\WINDOWS\System32\win32u.dll
0x00007ffb9ad80000 - 0x00007ffb9b012000 	C:\WINDOWS\WinSxS\amd64_microsoft.windows.common-controls_6595b64144ccf1df_6.0.26100.8457_none_3e0b2faee331e92d\COMCTL32.dll
0x00007ffbbc110000 - 0x00007ffbbc13b000 	C:\WINDOWS\System32\GDI32.dll
0x00007ffbbb400000 - 0x00007ffbbb4a9000 	C:\WINDOWS\System32\msvcrt.dll
0x00007ffbb97d0000 - 0x00007ffbb98fc000 	C:\WINDOWS\System32\gdi32full.dll
0x00007ffbba640000 - 0x00007ffbba6e3000 	C:\WINDOWS\System32\msvcp_win.dll
0x00007ffbbbbc0000 - 0x00007ffbbbbf2000 	C:\WINDOWS\System32\IMM32.DLL
0x00007ffbb3960000 - 0x00007ffbb396c000 	C:\Program Files\Eclipse Adoptium\jdk-21.0.11.10-hotspot\bin\vcruntime140_1.dll
0x00007ffb91a00000 - 0x00007ffb91a8d000 	C:\Program Files\Eclipse Adoptium\jdk-21.0.11.10-hotspot\bin\msvcp140.dll
0x00007ffaf5910000 - 0x00007ffaf66b2000 	C:\Program Files\Eclipse Adoptium\jdk-21.0.11.10-hotspot\bin\server\jvm.dll
0x00007ffbbbc90000 - 0x00007ffbbbd46000 	C:\WINDOWS\System32\ADVAPI32.dll
0x00007ffbbad00000 - 0x00007ffbbada7000 	C:\WINDOWS\System32\sechost.dll
0x00007ffbbadb0000 - 0x00007ffbbaec8000 	C:\WINDOWS\System32\RPCRT4.dll
0x00007ffbbc9c0000 - 0x00007ffbbca40000 	C:\WINDOWS\System32\WS2_32.dll
0x00007ffbb8390000 - 0x00007ffbb83ee000 	C:\WINDOWS\SYSTEM32\POWRPROF.dll
0x00007ffbae910000 - 0x00007ffbae946000 	C:\WINDOWS\SYSTEM32\WINMM.dll
0x00007ffbae270000 - 0x00007ffbae27b000 	C:\WINDOWS\SYSTEM32\VERSION.dll
0x00007ffbb8370000 - 0x00007ffbb8384000 	C:\WINDOWS\SYSTEM32\UMPDC.dll
0x00007ffbb8640000 - 0x00007ffbb865b000 	C:\WINDOWS\SYSTEM32\kernel.appcore.dll
0x00007ffbac290000 - 0x00007ffbac29a000 	C:\Program Files\Eclipse Adoptium\jdk-21.0.11.10-hotspot\bin\jimage.dll
0x00007ffbb7810000 - 0x00007ffbb7a52000 	C:\WINDOWS\SYSTEM32\DBGHELP.DLL
0x00007ffbbb540000 - 0x00007ffbbb8c3000 	C:\WINDOWS\System32\combase.dll
0x00007ffbbc8c0000 - 0x00007ffbbc999000 	C:\WINDOWS\System32\OLEAUT32.dll
0x00007ffba16f0000 - 0x00007ffba172b000 	C:\WINDOWS\SYSTEM32\dbgcore.DLL
0x00007ffbb9900000 - 0x00007ffbb99a8000 	C:\WINDOWS\System32\bcryptPrimitives.dll
0x00007ffb97070000 - 0x00007ffb97090000 	C:\Program Files\Eclipse Adoptium\jdk-21.0.11.10-hotspot\bin\java.dll
0x00007ffbbc140000 - 0x00007ffbbc8ae000 	C:\WINDOWS\System32\SHELL32.dll
0x00007ffbb9b90000 - 0x00007ffbba3fc000 	C:\WINDOWS\System32\windows.storage.dll
0x00007ffbbcc30000 - 0x00007ffbbcd26000 	C:\WINDOWS\System32\SHCORE.dll
0x00007ffbbb380000 - 0x00007ffbbb3e6000 	C:\WINDOWS\System32\shlwapi.dll
0x00007ffbb96f0000 - 0x00007ffbb9719000 	C:\WINDOWS\SYSTEM32\profapi.dll
0x00007ffb911b0000 - 0x00007ffb91287000 	C:\Program Files\Eclipse Adoptium\jdk-21.0.11.10-hotspot\bin\jsvml.dll
0x00007ffba05d0000 - 0x00007ffba05e0000 	C:\Program Files\Eclipse Adoptium\jdk-21.0.11.10-hotspot\bin\net.dll
0x00007ffbb2280000 - 0x00007ffbb23a9000 	C:\WINDOWS\SYSTEM32\WINHTTP.dll
0x00007ffbb8b90000 - 0x00007ffbb8bfc000 	C:\WINDOWS\system32\mswsock.dll
0x00007ffb965b0000 - 0x00007ffb965c6000 	C:\Program Files\Eclipse Adoptium\jdk-21.0.11.10-hotspot\bin\nio.dll
0x00007ffb96590000 - 0x00007ffb965a8000 	C:\Program Files\Eclipse Adoptium\jdk-21.0.11.10-hotspot\bin\zip.dll
0x00007ffb8f2c0000 - 0x00007ffb8f44f000 	C:\Program Files\Eclipse Adoptium\jdk-21.0.11.10-hotspot\bin\awt.dll
0x00007ffbb5490000 - 0x00007ffbb5530000 	C:\WINDOWS\SYSTEM32\apphelp.dll
0x00007ffb96d80000 - 0x00007ffb96dfc000 	D:\opencode\NuvioDesktop0-experiment\composeApp\build\native\windows\player_bridge.dll
0x00007ffbbbda0000 - 0x00007ffbbbf37000 	C:\WINDOWS\System32\ole32.dll
0x00007ffbb5ed0000 - 0x00007ffbb5eff000 	C:\WINDOWS\SYSTEM32\dwmapi.dll
0x00007ffb9f1d0000 - 0x00007ffb9f1f8000 	C:\Program Files\Cloudflare\Cloudflare WARP\WebView2Loader.dll
0x00007ffbb5d10000 - 0x00007ffbb5dba000 	C:\WINDOWS\system32\uxtheme.dll
0x00007ffb3d9e0000 - 0x00007ffb3e287000 	C:\Program Files (x86)\Microsoft\EdgeWebView\Application\149.0.4022.62\EBWebView\x64\EmbeddedBrowserWebView.dll
0x00007ffbbca50000 - 0x00007ffbbcbac000 	C:\WINDOWS\System32\MSCTF.dll
0x00007ffb7b190000 - 0x00007ffb7b1b9000 	C:\WINDOWS\system32\edputil.dll
0x00007ffae5690000 - 0x00007ffae6405000 	C:\Users\ahmed\.skiko\skiko-windows-x64-3ce1b2621ce4905333064341568d0e9493efc0d4971a63b096261c774bc6e5a8\skiko-windows-x64.dll
0x00007ffbb5620000 - 0x00007ffbb5726000 	C:\WINDOWS\SYSTEM32\PROPSYS.dll
0x00007ffb799f0000 - 0x00007ffb79aff000 	C:\WINDOWS\system32\opengl32.dll
0x00007ffb799c0000 - 0x00007ffb799ed000 	C:\WINDOWS\SYSTEM32\GLU32.dll
0x00007ffbb7060000 - 0x00007ffbb70a5000 	C:\WINDOWS\SYSTEM32\dxcore.dll
0x00007ffb910a0000 - 0x00007ffb9112b000 	C:\Program Files\Eclipse Adoptium\jdk-21.0.11.10-hotspot\bin\freetype.dll
0x00007ffb90440000 - 0x00007ffb9053a000 	C:\Program Files\Eclipse Adoptium\jdk-21.0.11.10-hotspot\bin\fontmanager.dll
0x00007ffbb65d0000 - 0x00007ffbb6837000 	C:\WINDOWS\SYSTEM32\dwrite.dll
0x00007ffbbb8d0000 - 0x00007ffbbb97e000 	C:\WINDOWS\System32\clbcatq.dll
0x00007ffbb3f20000 - 0x00007ffbb414d000 	C:\WINDOWS\SYSTEM32\WindowsCodecs.dll
0x00007ffb5f380000 - 0x00007ffb5f3da000 	C:\WINDOWS\system32\dataexchange.dll
0x00007ffbaaf00000 - 0x00007ffbab14e000 	C:\WINDOWS\system32\twinapi.appcore.dll
0x00007ffbb3a20000 - 0x00007ffbb3a27000 	C:\Program Files\Eclipse Adoptium\jdk-21.0.11.10-hotspot\bin\jawt.dll
0x00007ffbb6b40000 - 0x00007ffbb6c7e000 	C:\WINDOWS\SYSTEM32\Dxgi.dll
0x00007ffbb26b0000 - 0x00007ffbb2711000 	C:\WINDOWS\SYSTEM32\directxdatabasehelper.dll
0x00007ffbb9430000 - 0x00007ffbb9481000 	C:\WINDOWS\SYSTEM32\cfgmgr32.dll
0x00007ffbb15d0000 - 0x00007ffbb15f5000 	C:\WINDOWS\SYSTEM32\D3D12.dll
0x00007ffb8de40000 - 0x00007ffb8e198000 	C:\WINDOWS\SYSTEM32\D3D12Core.dll
0x00007ffbb8ff0000 - 0x00007ffbb9003000 	C:\WINDOWS\SYSTEM32\msasn1.dll
0x00007ffbaddd0000 - 0x00007ffbade0b000 	C:\WINDOWS\SYSTEM32\cryptnet.dll
0x00007ffbba4c0000 - 0x00007ffbba638000 	C:\WINDOWS\System32\CRYPT32.dll
0x00007ffbb8f70000 - 0x00007ffbb8f7c000 	C:\WINDOWS\SYSTEM32\cryptbase.dll
0x00007ffbb8e80000 - 0x00007ffbb8eea000 	C:\WINDOWS\SYSTEM32\wldp.dll
0x00007ffbad680000 - 0x00007ffbad7f8000 	C:\WINDOWS\SYSTEM32\drvstore.dll
0x00007ffbb9490000 - 0x00007ffbb94bd000 	C:\WINDOWS\SYSTEM32\devobj.dll
0x00007ffbb99b0000 - 0x00007ffbb9a32000 	C:\WINDOWS\System32\wintrust.dll
0x00007ffbbcd30000 - 0x00007ffbbcd50000 	C:\WINDOWS\System32\imagehlp.dll
0x00007ffbb8f90000 - 0x00007ffbb8fab000 	C:\WINDOWS\SYSTEM32\CRYPTSP.dll
0x00007ffbb85a0000 - 0x00007ffbb85d9000 	C:\WINDOWS\system32\rsaenh.dll
0x00007ffbb96c0000 - 0x00007ffbb96ea000 	C:\WINDOWS\SYSTEM32\bcrypt.dll
0x00007ffb9e8d0000 - 0x00007ffb9ea17000 	C:\WINDOWS\system32\nvspcap64.dll
0x00007ffbb8760000 - 0x00007ffbb8796000 	C:\WINDOWS\SYSTEM32\ntmarta.dll
0x00007ffb55ed0000 - 0x00007ffb55f9a000 	C:\WINDOWS\System32\DriverStore\FileRepository\nvlti.inf_amd64_ac6e327f484351b4\nvldumdx.dll
0x00007ffb4f1a0000 - 0x00007ffb54fad000 	C:\WINDOWS\System32\DriverStore\FileRepository\nvlti.inf_amd64_ac6e327f484351b4\nvgpucomp64.dll
0x00007ffb4e9a0000 - 0x00007ffb4eadb000 	C:\WINDOWS\System32\DriverStore\FileRepository\nvlti.inf_amd64_ac6e327f484351b4\NvMemMapStoragex.dll
0x00007ffb493f0000 - 0x00007ffb4e994000 	C:\WINDOWS\System32\DriverStore\FileRepository\nvlti.inf_amd64_ac6e327f484351b4\nvwgf2umx.dll
0x00007ffb99190000 - 0x00007ffb998b7000 	C:\WINDOWS\System32\DriverStore\FileRepository\nvlti.inf_amd64_ac6e327f484351b4\nvppex.dll
0x00007ffb8d8c0000 - 0x00007ffb8d9a5000 	C:\WINDOWS\SYSTEM32\D3DSCache.dll
0x00007ffbb8c40000 - 0x00007ffbb8c73000 	C:\WINDOWS\SYSTEM32\USERENV.dll
0x00007ffbb7fa0000 - 0x00007ffbb7fd2000 	C:\WINDOWS\SYSTEM32\IPHLPAPI.DLL
0x00007ffbbb370000 - 0x00007ffbbb37a000 	C:\WINDOWS\System32\NSI.dll
0x00007ffb97340000 - 0x00007ffb9734e000 	C:\Program Files\Eclipse Adoptium\jdk-21.0.11.10-hotspot\bin\sunmscapi.dll
0x00007ffbb90f0000 - 0x00007ffbb9120000 	C:\WINDOWS\SYSTEM32\ncrypt.dll
0x00007ffbb90a0000 - 0x00007ffbb90df000 	C:\WINDOWS\SYSTEM32\NTASN1.dll
0x00007ffb83b90000 - 0x00007ffb83b98000 	C:\WINDOWS\system32\wshunix.dll
0x00007ffb9b460000 - 0x00007ffb9b469000 	C:\Program Files\Eclipse Adoptium\jdk-21.0.11.10-hotspot\bin\extnet.dll
0x00007ffbb8090000 - 0x00007ffbb81c2000 	C:\WINDOWS\SYSTEM32\DNSAPI.dll
0x00007ffbb2070000 - 0x00007ffbb207b000 	C:\Windows\System32\rasadhlp.dll
0x00007ffbb1140000 - 0x00007ffbb11c6000 	C:\WINDOWS\System32\fwpuclnt.dll
0x00007ffb97060000 - 0x00007ffb97069000 	C:\Program Files\Eclipse Adoptium\jdk-21.0.11.10-hotspot\bin\prefs.dll
0x00007ffbb68d0000 - 0x00007ffbb6b32000 	C:\WINDOWS\SYSTEM32\d3d11.dll
0x00007ffbb03f0000 - 0x00007ffbb084e000 	C:\Windows\System32\DriverStore\FileRepository\iigd_dch.inf_amd64_a582115f5de863e1\igd10iumd64.dll
0x00007ffbae950000 - 0x00007ffbb021e000 	C:\Windows\System32\DriverStore\FileRepository\iigd_dch.inf_amd64_a582115f5de863e1\igd10um64xe.DLL
0x00007ffbad800000 - 0x00007ffbad88b000 	C:\Windows\System32\DriverStore\FileRepository\iigd_dch.inf_amd64_a582115f5de863e1\IntelControlLib.dll
0x00007ffbbaee0000 - 0x00007ffbbb367000 	C:\WINDOWS\System32\SETUPAPI.dll
0x00007ffbace80000 - 0x00007ffbad2b8000 	C:\Windows\System32\DriverStore\FileRepository\iigd_dch.inf_amd64_a582115f5de863e1\igdgmm64.dll
0x00007ffba6430000 - 0x00007ffbaa2dd000 	C:\Windows\System32\DriverStore\FileRepository\iigd_dch.inf_amd64_a582115f5de863e1\igc64.dll
0x00007ffbb4170000 - 0x00007ffbb4392000 	C:\WINDOWS\SYSTEM32\dcomp.dll
0x00007ffbb4150000 - 0x00007ffbb4169000 	C:\WINDOWS\SYSTEM32\Microsoft.Internal.WarpPal.dll
0x00007ffbb3a90000 - 0x00007ffbb3f0f000 	C:\WINDOWS\SYSTEM32\d3dcompiler_47.dll
0x00007ffb60b30000 - 0x00007ffb60c76000 	C:\WINDOWS\SYSTEM32\textinputframework.dll
0x00007ffb83fc0000 - 0x00007ffb84036000 	C:\WINDOWS\system32\Oleacc.dll
0x00007ffbb47e0000 - 0x00007ffbb4907000 	C:\WINDOWS\SYSTEM32\CoreMessaging.dll
0x00007ffbb0ba0000 - 0x00007ffbb0e82000 	C:\WINDOWS\SYSTEM32\CoreUIComponents.dll
0x00007ffbb4f20000 - 0x00007ffbb508a000 	C:\WINDOWS\SYSTEM32\wintypes.dll
0x0000000054000000 - 0x00000000540d0000 	C:\Users\ahmed\AppData\Local\Temp\quickjs_quickjs6688270348858591925.tmp

JVMTI agents: none

dbghelp: loaded successfully - version: 4.0.5 - missing functions: none
symbol engine: initialized successfully - sym options: 0x614 - pdb path: .;C:\Program Files\Eclipse Adoptium\jdk-21.0.11.10-hotspot\bin;C:\WINDOWS\SYSTEM32;C:\WINDOWS\WinSxS\amd64_microsoft.windows.common-controls_6595b64144ccf1df_6.0.26100.8457_none_3e0b2faee331e92d;C:\Program Files\Eclipse Adoptium\jdk-21.0.11.10-hotspot\bin\server;D:\opencode\NuvioDesktop0-experiment\composeApp\build\native\windows;C:\Program Files\Cloudflare\Cloudflare WARP;C:\Program Files (x86)\Microsoft\EdgeWebView\Application\149.0.4022.62\EBWebView\x64;C:\Users\ahmed\.skiko\skiko-windows-x64-3ce1b2621ce4905333064341568d0e9493efc0d4971a63b096261c774bc6e5a8;C:\WINDOWS\System32\DriverStore\FileRepository\nvlti.inf_amd64_ac6e327f484351b4;C:\Windows\System32\DriverStore\FileRepository\iigd_dch.inf_amd64_a582115f5de863e1;C:\Users\ahmed\AppData\Local\Temp

VM Arguments:
jvm_args: -Dapple.awt.application.appearance=NSAppearanceNameDarkAqua -Dcompose.application.configure.swing.globals=true -Dcompose.application.resources.dir=D:\opencode\NuvioDesktop0-experiment\composeApp\build\compose\tmp\prepareAppResources --add-opens=java.desktop/java.awt=ALL-UNNAMED --add-opens=java.desktop/sun.lwawt=ALL-UNNAMED --add-opens=java.desktop/sun.lwawt.macosx=ALL-UNNAMED --add-opens=java.desktop/sun.awt.windows=ALL-UNNAMED -Dfile.encoding=UTF-8 -Duser.country=US -Duser.language=en -Duser.variant 
java_command: com.nuvio.app.MainKt
java_class_path (initial): D:\opencode\NuvioDesktop0-experiment\composeApp\build\libs\composeApp-desktop.jar;D:\opencode\NuvioDesktop0-experiment\mediamp\mediamp-mpv\build\libs\mediamp-mpv-desktop-0.1.0-dev-1.jar;D:\opencode\NuvioDesktop0-experiment\mediamp\mediamp-api\build\libs\mediamp-api-desktop-0.1.0-dev-1.jar;C:\Users\ahmed\.gradle\caches\modules-2\files-2.1\dev.chrisbanes.haze\haze-jvm\1.7.2\a254162ea3c9ba2eea97a76058da89ac31e50233\haze-jvm.jar;C:\Users\ahmed\.gradle\caches\modules-2\files-2.1\org.jetbrains.compose.material3\material3-desktop\1.11.0-alpha07\422cb57765628e3959d1e27ac46660593643296b\material3-desktop-1.11.0-alpha07.jar;C:\Users\ahmed\.gradle\caches\modules-2\files-2.1\org.jetbrains.compose.components\components-resources-desktop\1.11.1\f4eb52d87f31584dacdb816a26376f39a1802e8a\library-desktop-1.11.1.jar;C:\Users\ahmed\.gradle\caches\modules-2\files-2.1\sh.calvin.reorderable\reorderable-jvm\3.0.0\4032f6ad5422fe507c8acb2257a83ebc806f145e\reorderable-jvm-3.0.0.jar;C:\Users\ahmed\.gradle\caches\modules-2\files-2.1\org.jetbrains.compose.desktop\desktop-jvm\1.11.1\1fee826ff9d1fafd500b57a22facfc0236bc14c7\desktop-jvm-1.11.1.jar;C:\Users\ahmed\.gradle\caches\modules-2\files-2.1\io.coil-kt.coil3\coil-compose-jvm\3.5.0-beta01\8499f43e80509e3fe55e4a90ad7ce6e816b190e4\coil-compose-jvm-3.5.0-beta01.jar;C:\Users\ahmed\.gradle\caches\modules-2\files-2.1\io.coil-kt.coil3\coil-compose-core-jvm\3.5.0-beta01\12f6663116f0946fe3e87c15f573eb52ac6dc2bc\coil-compose-core-jvm-3.5.0-beta01.jar;C:\Users\ahmed\.gradle\caches\modules-2\files-2.1\org.jetbrains.androidx.navigation\navigation-compose-desktop\2.9.2\8a217f30d3e7d1b7ac22b250be4d9cc3e847c98d\navigation-compose-desktop-2.9.2.jar;C:\Users\ahmed\.gradle\caches\modules-2\files-2.1\org.jetbrains.compose.material\material-desktop\1.11.1\2891a6f3a62dc4c367636a521d1b680a7d6ff6d\material-desktop-1.11.1.jar;C:\Users\ahmed\.gradle\caches\modules-2\files-2.1\org.jetbrains.compose.animation\animation-core-desktop\1.11.1\1bf633ecd1a38a1cf7a41630bc56cba0da9cc25b\animation-core-desktop-1.11.1.jar;C:\Users\ahmed\.gradle\caches\modules-2\files-2.1\org.jetbrains.compose.material\material-ripple-desktop\1.11.1\ae97a5eeb23bc3f461bc3e16e2a9882175405d17\material-ripple-desktop-1.11.1.jar;C:\Users\ahmed\.gradle\caches\modules-2\files-2.1\org.jetbrains.compose.animation\animation-desktop\1.11.1\f873fb28f1a08d45a4dd20a0130b3da8cadf383c\animation-desktop-1.11.1.jar;C:\Users\ahmed\.gradle\caches\modules-2\files-2.1\org.jetbrains.compose.foundation\foundation-layout-desktop\1.11.1\853fc5d01388da6515ce40b719798914012f6469\foundation-layout-desktop-1.11.1.jar;C:\Users\ahmed\.gradle\caches\modules-2\files-2.1\org.jetbrains.compose.foundation\foundation-desktop\1.11.1\6df316e7af2c0c97f200de289925f62ca8fce53d\foundation-desktop-1.11.1.jar;C:\Users\ahmed\.gradle\caches\modules-2\files-2.1\org.jetbrains.compose.material\material-icons-extended-desktop\1.7.3\c7c5465dd754043076875b32bce0dd7f5a354fe8\material-icons-extended-desktop-1.7.3.jar;C:\Users\ahmed\.gradle\caches\modules-2\files-2.1\org.jetbrains.compose.material\material-icons-core-desktop\1.7.3\414b3096050fe647b0638832eace80f22c06b85c\material-icons-core-desktop-1.7.3.jar;C:\Users\ahmed\.gradle\caches\modules-2\files-2.1\org.jetbrains.compose.ui\ui-unit-desktop\1.11.1\f6c06f98da206d01dc40c1587c6bc4c40cbef623\ui-unit-desktop-1.11.1.jar;C:\Users\ahmed\.gradle\caches\modules-2\files-2.1\org.jetbrains.compose.ui\ui-geometry-desktop\1.11.1\5e430152487375359973ac9874653d335dcc220\ui-geometry-desktop-1.11.1.jar;C:\Users\ahmed\.gradle\caches\modules-2\files-2.1\org.jetbrains.compose.ui\ui-graphics-desktop\1.11.1\6ea106d02adf29694eedf12fdfb621947d3621bf\ui-graphics-desktop-1.11.1.jar;C:\Users\ahmed\.gradle\caches\modules-2\files-2.1\org.jetbrains.compose.ui\ui-backhandler-desktop\1.11.1\bd3540bb1d6abd60c5e58f32663b2f3e89406cd1\ui-backhandler-desktop-1.11.1.jar;C:\Users\ahmed\.gradle\caches\modules-2\files-2.1\org.jetbrains.compose.ui\ui-util-desktop\1.11.1\4302c582878b82ab24e1f34e6e90f967f7b416ed\ui-util-desktop-1.11.1.jar;C:\Users\ahmed\.gradle\caches\modules-2\files-2.1\org.jetbrains.compose.ui\ui-text-desktop\1.11.1\6ded685e2601260d6231c859a849b96ee6c60368\ui-text-desktop-1.11.1.jar;C:\Users\ahmed\.gradle\caches\modules-2\files-2.1\org.jetbrains.compose.ui\ui-tooling-preview-desktop\1.11.1\97ec578d33adc34adcaa63e9af7bb2328c6c29b7\ui-tooling-preview-desktop-1.11.1.jar;C:\Users\ahmed\.gradle\caches\modules-2\files-2.1\org.jetbrains.compose.ui\ui-desktop\1.11.1\24c40c0d60c77a6fb34f930f13bfa4a3ff62c0f\ui-desktop-1.11.1.jar;C:\Users\ahmed\.gradle\caches\modules-2\files-2.1\io.ktor\ktor-client-cio-jvm\3.4.1\114327011eeecd416940e2d1be8c9bd5098907de\ktor-client-cio-jvm-3.4.1.jar;C:\Users\ahmed\.gradle\caches\modules-2\files-2.1\io.github.dokar3\quickjs-kt-jvm\1.0.5\c76155aa176760f2ab1966aa61ebd1cc1334dee6\quickjs-jvm.jar;C:\Users\ahmed\.gradle\caches\modules-2\files-2.1\org.jetbrains.skiko\skiko-awt-runtime-windows-x64\0.144.6\6f04ac6776aa0cba95b4232e8e174bea5051c4fd\skiko-awt-runtime-windows-x64-0.144.6.jar;C:\Users\ahmed\.gradle\caches\modules-2\files-2.1\io.coil-kt.coil3\coil-svg-jvm\3.5.0-beta01\7998e0f304b0c8c535dfda3ef86cf81faa88a813\coil-svg-jvm-3.5.0-beta01.jar;C:\Users\ahmed\.gradle\caches\modules-2\files-2.1\io.coil-kt.coil3\coil-network-ktor3-jvm\3.5.0-beta01\59ee23ce9f237edbad112c94a7cc65dc1939999b\coil-network-ktor3-jvm-3.5.0-beta01.jar;C:\Users\ahmed\.gradle\caches\modules-2\files-2.1\io.coil-kt.coil3\coil-jvm\3.5.0-beta01\b0061205e37fc17ba27f52ba1ee42f2be1de31d3\coil-jvm-3.5.0-beta01.jar;C:\Users\ahmed\.gradle\caches\modules-2\files-2.1\io.coil-kt.coil3\coil-network-core-jvm\3.5.0-beta01\27fa35b4c8e4fbcc99126099eba9600a1e8e5a56\coil-network-core-jvm-3.5.0-beta01.jar;C:\Users\ahmed\.gradle\caches\modules-2\files-2.1\io.coil-kt.coil3\coil-core-jvm\3.5.0-beta01\a1cca49cdadfc07533b35de91d266adda8af9df8\coil-core-jvm-3.5.0-beta01.jar;C:\Users\ahmed\.gradle\caches\modules-2\files-2.1\org.jetbrains.skiko\skiko-awt\0.144.6\c9bec39e3c517ed5591c71c7db0cbbe64b6be849\skiko-awt-0.144.6.jar;C:\Users\ahmed\.gradle\caches\modules-2\files-2.1\androidx.navigationevent\navigationevent-desktop\1.0.1\ddb1e7fe97ed51c3d35bba493f97fcf12398719\navigationevent-desktop-1.0.1.jar;C:\Users\ahmed\.gradle\caches\modules-2\files-2.1\androidx.compose.runtime\runtime-annotation-jvm\1.11.2\db4aa964627ac96331b72e231b9ad54318d112f4\runtime-annotation-jvm-1.11.2.jar;C:\Users\ahmed\.gradle\caches\modules-2\files-2.1\androidx.compose.runtime\runtime-retain-desktop\1.11.2\3aa3ec26ef2a3d26bc556b51b33d09efc1a198e8\runtime-retain-desktop-1.11.2.jar;C:\Users\ahmed\.gradle\caches\modules-2\files-2.1\org.jetbrains.androidx.navigation\navigation-runtime-desktop\2.9.2\61efcf8be17657e437de3eab0796f18869dc94b1\navigation-runtime-desktop-2.9.2.jar;C:\Users\ahmed\.gradle\caches\modules-2\files-2.1\org.jetbrains.androidx.navigation\navigation-common-desktop\2.9.2\fd0498502f3bbc8528185bc8c2f9a3a1730a1237\navigation-common-desktop-2.9.2.jar;C:\Users\ahmed\.gradle\caches\modules-2\files-2.1\androidx.lifecycle\lifecycle-runtime-desktop\2.11.0-beta01\c2b5e2f7d739375538c2a74757531a30607f85ff\lifecycle-runtime-desktop-2.11.0-beta01.jar;C:\Users\ahmed\.gradle\caches\modules-2\files-2.1\org.jetbrains.androidx.savedstate\savedstate-compose-desktop\1.3.6\63692375ffe667f12cb3ea8aa1e605d659ed2add\savedstate-compose-desktop-1.3.6.jar;C:\Users\ahmed\.gradle\caches\modules-2\files-2.1\androidx.savedstate\savedstate-compose-desktop\1.4.0\d3d6e0e2108528eb6080dc250da925a572be4202\savedstate-compose-desktop-1.4.0.jar;C:\Users\ahmed\.gradle\caches\modules-2\files-2.1\androidx.savedstate\savedstate-desktop\1.4.0\3b049a0f81643d6b4b900de95bc23efc085c32d5\savedstate-desktop-1.4.0.jar;C:\Users\ahmed\.gradle\caches\modules-2\files-2.1\androidx.lifecycle\lifecycle-common-jvm\2.11.0-beta01\41ef287eee7e4befb1308c017df4de89a210490d\lifecycle-common-jvm-2.11.0-beta01.jar;C:\Users\ahmed\.gradle\caches\modules-2\files-2.1\androidx.lifecycle\lifecycle-viewmodel-savedstate-desktop\2.11.0-beta01\23c86e72183d96b3fff60102dca0de1da5fd4424\lifecycle-viewmodel-savedstate-desktop-2.11.0-beta01.jar;C:\Users\ahmed\.gradle\caches\modules-2\files-2.1\androidx.lifecycle\lifecycle-viewmodel-desktop\2.11.0-beta01\614711da4abf1ece2121521477a5920ed26a7f29\lifecycle-viewmodel-desktop-2.11.0-beta01.jar;C:\Users\ahmed\.gradle\caches\modules-2\files-2.1\androidx.lifecycle\lifecycle-runtime-compose-desktop\2.11.0-beta01\392c6d5cb40bb6d59e3d7070607786b7328009d4\lifecycle-runtime-compose-desktop-2.11.0-beta01.jar;C:\Users\ahmed\.gradle\caches\modules-2\files-2.1\androidx.lifecycle\lifecycle-viewmodel-compose-desktop\2.11.0-beta01\f04e89ec2d915b35cdcd4675591ae3997604173c\lifecycle-viewmodel-compose-desktop-2.11.0-beta01.jar;C:\Users\ahmed\.gradle\caches\modules-2\files-2.1\androidx.compose.runtime\runtime-saveable-desktop\1.11.2\1618fae89791692a224fe7aa79edbd7a8f5b7522\runtime-saveable-desktop-1.11.2.jar;C:\Users\ahmed\.gradle\caches\modules-2\files-2.1\org.jetbrains.compose.runtime\runtime-saveable-desktop\1.11.1\b7c8a8ed985a0f15b4d8d206de1fc6125b499388\runtime-saveable-desktop-1.11.1.jar;C:\Users\ahmed\.gradle\caches\modules-2\files-2.1\org.jetbrains.androidx.lifecycle\lifecycle-runtime-compose-desktop\2.11.0-beta01\e93db8959692f5740745b457135c1ab209a67923\lifecycle-runtime-compose-desktop-2.11.0-beta01.jar;C:\Users\ahmed\.gradle\caches\modules-2\files-2.1\org.jetbrains.androidx.lifecycle\lifecycle-viewmodel-compose-desktop\2.11.0-beta01\25df0b7b86731829cb34805ff8ebb167b198b916\lifecycle-viewmodel-compose-desktop-2.11.0-beta01.jar;C:\Users\ahmed\.gradle\caches\modules-2\files-2.1\org.jetbrains.compose.runtime\runtime-desktop\1.11.1\1941336b045aac4b87cc3be81d9fdb9977c88c61\runtime-desktop-1.11.1.jar;C:\Users\ahmed\.gradle\caches\modules-2\files-2.1\androidx.compose.runtime\runtime-desktop\1.11.2\e93d95553cdd86c1cb8c02f50260cc1c8e341da8\runtime-desktop-1.11.2.jar;C:\Users\ahmed\.gradle\caches\modules-2\files-2.1\io.github.jan-tennert.supabase\postgrest-kt-jvm\3.4.1\5ce69132306e6aa1fcd959ebdeb502e821e3a47c\postgrest-kt-jvm-3.4.1.jar;C:\Users\ahmed\.gradle\caches\modules-2\files-2.1\io.github.jan-tennert.supabase\functions-kt-jvm\3.4.1\2a6c5a1e77bb1d4895812d7292d8075e34b2fb55\functions-kt-jvm-3.4.1.jar;C:\Users\ahmed\.gradle\caches\modules-2\files-2.1\io.github.jan-tennert.supabase\auth-kt-jvm\3.4.1\91413cc37352dda1f34a180c14f58601b6aa2ea0\auth-kt-jvm-3.4.1.jar;C:\Users\ahmed\.gradle\caches\modules-2\files-2.1\io.github.jan-tennert.supabase\supabase-kt-jvm\3.4.1\4c8df2570087c4424f8c2f3c93d77b2ec4198fd5\supabase-kt-jvm-3.4.1.jar;C:\Users\ahmed\.gradle\caches\modules-2\files-2.1\com.russhwolf\multiplatform-settings-coroutines-jvm\1.3.0\c64a7df35357b1e8fa74b830d006d2ea23fcb395\multiplatform-settings-coroutines-jvm-1.3.0.jar;C:\Users\ahmed\.gradle\caches\modules-2\files-2.1\io.ktor\ktor-server-cio-jvm\3.4.0\16a50d239963841ae64e8e207f93ae7a5fdd7062\ktor-server-cio-jvm-3.4.0.jar;C:\Users\ahmed\.gradle\caches\modules-2\files-2.1\io.ktor\ktor-server-core-jvm\3.4.0\97aba0f5e3cd539679907382a3f5783b9a563165\ktor-server-core-jvm-3.4.0.jar;C:\Users\ahmed\.gradle\caches\modules-2\files-2.1\io.ktor\ktor-client-content-negotiation-jvm\3.4.0\266c1aef9d340c22cd859dd5c9174c2e1d86489f\ktor-client-content-negotiation-jvm-3.4.0.jar;C:\Users\ahmed\.gradle\caches\modules-2\files-2.1\io.ktor\ktor-client-core-jvm\3.4.1\84dc032a29f56bdac73449f78a0a2e7f9cab042\ktor-client-core-jvm-3.4.1.jar;C:\Users\ahmed\.gradle\caches\modules-2\files-2.1\io.ktor\ktor-http-cio-jvm\3.4.1\3bd25f53a79a1f68eaec86ae9da4878314cc80af\ktor-http-cio-jvm-3.4.1.jar;C:\Users\ahmed\.gradle\caches\modules-2\files-2.1\io.ktor\ktor-websocket-serialization-jvm\3.4.1\3a687a268f242dab9b624b78d3daeb646aeed5cb\ktor-websocket-serialization-jvm-3.4.1.jar;C:\Users\ahmed\.gradle\caches\modules-2\files-2.1\io.ktor\ktor-serialization-kotlinx-json-jvm\3.4.0\2a09f17d70b6e61623fd8aff9bdce6d7877892\ktor-serialization-kotlinx-json-jvm-3.4.0.jar;C:\Users\ahmed\.gradle\caches\modules-2\files-2.1\io.ktor\ktor-serialization-kotlinx-jvm\3.4.0\d001db47b2ebe8ad8b2cb1bb2a687688840f5887\ktor-serialization-kotlinx-jvm-3.4.0.jar;C:\Users\ahmed\.gradle\caches\modules-2\files-2.1\io.ktor\ktor-serialization-jvm\3.4.1\6fec7fdb4da27d09ff33a34e6e990b215f7c19c4\ktor-serialization-jvm-3.4.1.jar;C:\Users\ahmed\.gradle\caches\modules-2\files-2.1\io.ktor\ktor-websockets-jvm\3.4.1\83226f3612bffab4d0af0d26f9e4d6b7d2e02a58\ktor-websockets-jvm-3.4.1.jar;C:\Users\ahmed\.gradle\caches\modules-2\files-2.1\io.ktor\ktor-network-tls-jvm\3.4.1\8d17de5904253b073b44499a3e67ba99ca2ca8f6\ktor-network-tls-jvm-3.4.1.jar;C:\Users\ahmed\.gradle\caches\modules-2\files-2.1\org.jetbrains.kotlinx\kotlinx-coroutines-slf4j\1.10.2\1271f9d4a929150bb87ab8d1dc1e86d4bcf039f3\kotlinx-coroutines-slf4j-1.10.2.jar;C:\Users\ahmed\.gradle\caches\modules-2\files-2.1\io.ktor\ktor-http-jvm\3.4.1\6605b91c8f06bb6f67e2ec13b8ccea7926f4a526\ktor-http-jvm-3.4.1.jar;C:\Users\ahmed\.gradle\caches\modules-2\files-2.1\io.ktor\ktor-events-jvm\3.4.1\c7aa6bd43fcaf3da2f57a5417b1df66814ec2577\ktor-events-jvm-3.4.1.jar;C:\Users\ahmed\.gradle\caches\modules-2\files-2.1\io.ktor\ktor-sse-jvm\3.4.1\f95e6419c5bb24bed7c718dbff8b292a90db881e\ktor-sse-jvm-3.4.1.jar;C:\Users\ahmed\.gradle\caches\modules-2\files-2.1\io.ktor\ktor-network-jvm\3.4.1\a3b710fabdc38031ff0fb96eaee2a6ddf5ada9c6\ktor-network-jvm-3.4.1.jar;C:\Users\ahmed\.gradle\caches\modules-2\files-2.1\io.ktor\ktor-utils-jvm\3.4.1\f1ad623952ea49c631db750560228e3984790e48\ktor-utils-jvm-3.4.1.jar;C:\Users\ahmed\.gradle\caches\modules-2\files-2.1\io.ktor\ktor-io-jvm\3.4.1\fccd4e08dde189d82ae9a3f5fdbbf152ccd3a9c8\ktor-io-jvm-3.4.1.jar;C:\Users\ahmed\.gradle\caches\modules-2\files-2.1\org.jetbrains.kotlinx\kotlinx-coroutines-core-jvm\1.10.2\4a9f78ef49483748e2c129f3d124b8fa249dafbf\kotlinx-coroutines-core-jvm-1.10.2.jar;C:\Users\ahmed\.gradle\caches\modules-2\files-2.1\org.jetbrains.kotlinx\kotlinx-coroutines-swing\1.10.2\ccb5a2e7c83fa76da0ba4677f05678d3bd3eed57\kotlinx-coroutines-swing-1.10.2.jar;D:\opencode\NuvioDesktop0-experiment\mediamp\mediamp-internal-utils\build\libs\mediamp-internal-utils-desktop-0.1.0-dev-1.jar;C:\Users\ahmed\.gradle\caches\modules-2\files-2.1\com.fleeksoft.ksoup\ksoup-jvm\0.2.6\61a4f799ea43b8eb31856729500be73975e41a42\ksoup-jvm-0.2.6.jar;C:\Users\ahmed\.gradle\caches\modules-2\files-2.1\org.jetbrains.kotlin\kotlin-reflect\2.3.10\98e0fa43a9204a252fa8806c9b2f3f3131590bcb\kotlin-reflect-2.3.10.jar;C:\Users\ahmed\.gradle\caches\modules-2\files-2.1\org.jetbrains.kotlin\kotlin-stdlib-jdk8\1.9.0\e000bd084353d84c9e888f6fb341dc1f5b79d948\kotlin-stdlib-jdk8-1.9.0.jar;C:\Users\ahmed\.gradle\caches\modules-2\files-2.1\androidx.graphics\graphics-shapes-desktop\1.1.0\a5d2198960bdc0915f74c6b2954d3323f35f40ea\graphics-shapes-desktop-1.1.0.jar;C:\Users\ahmed\.gradle\caches\modules-2\files-2.1\androidx.collection\collection-jvm\1.5.0\7ba2c69414d46ebc2dd76598bdd0a75c54281a57\collection-jvm-1.5.0.jar;C:\Users\ahmed\.gradle\caches\modules-2\files-2.1\org.jetbrains.kotlinx\atomicfu-jvm\0.28.0\6a9ac536f4b2144e57c176fd4e26821eb12084f4\atomicfu-jvm-0.28.0.jar;C:\Users\ahmed\.gradle\caches\modules-2\files-2.1\org.jetbrains.kotlinx\kotlinx-datetime-jvm\0.7.1\81c2e0246bd28cc2dcbdf0ab53628322e66a9de9\kotlinx-datetime-jvm-0.7.1.jar;C:\Users\ahmed\.gradle\caches\modules-2\files-2.1\androidx.arch.core\core-common\2.2.0\5e1b8b81dfd5f52c56a8d53b18ca759c19a301f3\core-common-2.2.0.jar;C:\Users\ahmed\.gradle\caches\modules-2\files-2.1\androidx.annotation\annotation-jvm\1.9.1\b17951747e38bf3986a24431b9ba0d039958aa5f\annotation-jvm-1.9.1.jar;C:\Users\ahmed\.gradle\caches\modules-2\files-2.1\com.russhwolf\multiplatform-settings-no-arg-jvm\1.3.0\b9d2280a0d56597619afb286d7c5f697f2e83f03\multiplatform-settings-no-arg-jvm-1.3.0.jar;C:\Users\ahmed\.gradle\caches\modules-2\files-2.1\dev.whyoleg.cryptography\cryptography-provider-jdk-jvm\0.5.0\3a2721ac930c182a0e424f2d558cfa9d52cc1b3\cryptography-provider-jdk-jvm-0.5.0.jar;C:\Users\ahmed\.gradle\caches\modules-2\files-2.1\dev.whyoleg.cryptography\cryptography-provider-base-jvm\0.5.0\e03b79926494512ac452ca00cfa5e27135262d32\cryptography-provider-base-jvm-0.5.0.jar;C:\Users\ahmed\.gradle\caches\modules-2\files-2.1\dev.whyoleg.cryptography\cryptography-serialization-asn1-modules-jvm\0.5.0\9308027088c76026a5b96f5b5b400859310ca1af\cryptography-serialization-asn1-modules-jvm-0.5.0.jar;C:\Users\ahmed\.gradle\caches\modules-2\files-2.1\dev.whyoleg.cryptography\cryptography-serialization-asn1-jvm\0.5.0\242a38b98c1dd201f499485925f22c972858c153\cryptography-serialization-asn1-jvm-0.5.0.jar;C:\Users\ahmed\.gradle\caches\modules-2\files-2.1\dev.whyoleg.cryptography\cryptography-bigint-jvm\0.5.0\97ac3202bf7f3792b3c8bc788a7bbb1b33ca2485\cryptography-bigint-jvm-0.5.0.jar;C:\Users\ahmed\.gradle\caches\modules-2\files-2.1\dev.whyoleg.cryptography\cryptography-random-jvm\0.5.0\8e77668891b60f6058f1262e032d8b06d137bdde\cryptography-random-jvm-0.5.0.jar;C:\Users\ahmed\.gradle\caches\modules-2\files-2.1\dev.whyoleg.cryptography\cryptography-serialization-pem-jvm\0.5.0\7b5cb41c77698e6fb3fab21e67bf7b9e988e11a2\cryptography-serialization-pem-jvm-0.5.0.jar;C:\Users\ahmed\.gradle\caches\modules-2\files-2.1\dev.whyoleg.cryptography\cryptography-provider-optimal-jvm\0.5.0\f0ff9daaf78932f6348ee90d014ca4c78337971b\cryptography-provider-optimal-jvm-0.5.0.jar;C:\Users\ahmed\.gradle\caches\modules-2\files-2.1\dev.whyoleg.cryptography\cryptography-core-jvm\0.5.0\d0fc25786ede38c33893236eacc3d6ab11d2ad10\cryptography-core-jvm-0.5.0.jar;C:\Users\ahmed\.gradle\caches\modules-2\files-2.1\com.fleeksoft.charset\charset-jvm\0.0.8\b6fcd5cc804844347929a83c56f1fdd854c9ce66\charset-jvm-0.0.8.jar;C:\Users\ahmed\.gradle\caches\modules-2\files-2.1\com.fleeksoft.io\io-core-jvm\0.0.8\78517ce1ff4c2ccbb8b91b9f1549c6e7a0ae1044\io-core-jvm-0.0.8.jar;C:\Users\ahmed\.gradle\caches\modules-2\files-2.1\co.touchlab\stately-concurrency-jvm\2.1.0\6285428408c4d7e4a6d9a09511de877103effd81\stately-concurrency-jvm-2.1.0.jar;C:\Users\ahmed\.gradle\caches\modules-2\files-2.1\org.jetbrains.kotlin\kotlin-stdlib-jdk7\1.9.0\f320478990d05e0cfaadd74f9619fd6027adbf37\kotlin-stdlib-jdk7-1.9.0.jar;C:\Users\ahmed\.gradle\caches\modules-2\files-2.1\com.squareup.okio\okio-jvm\3.17.0\a12d684ec0df9541b3869ae60a4a5257fd3613df\okio-jvm-3.17.0.jar;C:\Users\ahmed\.gradle\caches\modules-2\files-2.1\co.touchlab\kermit-jvm\2.0.8\83ee3b1da12d91011c3e93558f97bc28665810de\kermit-jvm-2.0.8.jar;C:\Users\ahmed\.gradle\caches\modules-2\files-2.1\org.jetbrains.kotlinx\kotlinx-serialization-json-io-jvm\1.10.0\50ca77d6d3986562a140275d6c8b07086af55f83\kotlinx-serialization-json-io-jvm-1.10.0.jar;C:\Users\ahmed\.gradle\caches\modules-2\files-2.1\org.jetbrains.kotlinx\kotlinx-serialization-core-jvm\1.10.0\9400c03c056953bbbf30e861e63735c90e9eb320\kotlinx-serialization-core-jvm-1.10.0.jar;C:\Users\ahmed\.gradle\caches\modules-2\files-2.1\org.jetbrains.kotlinx\kotlinx-serialization-json-jvm\1.10.0\a74d7819e02bad98af4d6b56c4f45aa6d31ef4ad\kotlinx-serialization-json-jvm-1.10.0.jar;C:\Users\ahmed\.gradle\caches\modules-2\files-2.1\org.jetbrains.kotlinx\kotlinx-collections-immutable-jvm\0.4.0\82499bf608b0fc3ae6737a5eac1a1f1325279bbf\kotlinx-collections-immutable-jvm-0.4.0.jar;C:\Users\ahmed\.gradle\caches\modules-2\files-2.1\com.russhwolf\multiplatform-settings-jvm\1.3.0\76fe39b1cbb2b2b951ec230ab85e610ae179aab7\multiplatform-settings-jvm-1.3.0.jar;C:\Users\ahmed\.gradle\caches\modules-2\files-2.1\co.touchlab\stately-strict-jvm\2.1.0\3ae8369209065455f4630793bf6aca0fb88c8b6b\stately-strict-jvm-2.1.0.jar;C:\Users\ahmed\.gradle\caches\modules-2\files-2.1\co.touchlab\kermit-core-jvm\2.0.8\7d782124fef2b0c4dccf07208e1cf3aa13b57058\kermit-core-jvm-2.0.8.jar;C:\Users\ahmed\.gradle\caches\modules-2\files-2.1\org.jetbrains.kotlinx\kotlinx-io-core-jvm\0.8.2\358a9f2ba2dc81c5dc84c3d1853f6e5efba63be1\kotlinx-io-core-jvm-0.8.2.jar;C:\Users\ahmed\.gradle\caches\modules-2\files-2.1\org.jetbrains.kotlinx\kotlinx-io-bytestring-jvm\0.8.2\89c5399596250e71f2bba6d2415972a078a525c7\kotlinx-io-bytestring-jvm-0.8.2.jar;C:\Users\ahmed\.gradle\caches\modules-2\files-2.1\org.jetbrains.kotlin\kotlin-stdlib\2.3.21\a2ee2c4e220fee522f0451b723bab2a43f3481a7\kotlin-stdlib-2.3.21.jar;C:\Users\ahmed\.gradle\caches\modules-2\files-2.1\org.jetbrains\annotations\23.0.0\8cc20c07506ec18e0834947b84a864bfc094484e\annotations-23.0.0.jar;C:\Users\ahmed\.gradle\caches\modules-2\files-2.1\net.java.dev.jna\jna-platform\5.13.0\88e9a306715e9379f3122415ef4ae759a352640d\jna-platform-5.13.0.jar;C:\Users\ahmed\.gradle\caches\modules-2\files-2.1\org.jetbrains.runtime\jbr-api\1.9.0\2bc161f5472b5fd5610740e4d6ebe896c811cb0e\jbr-api-1.9.0.jar;C:\Users\ahmed\.gradle\caches\modules-2\files-2.1\net.java.dev.jna\jna\5.13.0\1200e7ebeedbe0d10062093f32925a912020e747\jna-5.13.0.jar;C:\Users\ahmed\.gradle\caches\modules-2\files-2.1\org.slf4j\slf4j-api\2.0.17\d9e58ac9c7779ba3bf8142aff6c830617a7fe60f\slf4j-api-2.0.17.jar;C:\Users\ahmed\.gradle\caches\modules-2\files-2.1\com.typesafe\config\1.4.5\cc25b497ded7068a861517a815546fb472f9e58\config-1.4.5.jar;C:\Users\ahmed\.gradle\caches\modules-2\files-2.1\org.fusesource.jansi\jansi\2.4.2\ba7387c31622c6650b83edba1bbb115f1fe462ba\jansi-2.4.2.jar;C:\Users\ahmed\.gradle\caches\modules-2\files-2.1\org.jspecify\jspecify\1.0.0\7425a601c1c7ec76645a78d22b8c6a627edee507\jspecify-1.0.0.jar
Launcher Type: SUN_STANDARD

[Global flags]
     intx CICompilerCount                          = 12                                        {product} {ergonomic}
     uint ConcGCThreads                            = 4                                         {product} {ergonomic}
     uint G1ConcRefinementThreads                  = 15                                        {product} {ergonomic}
   size_t G1HeapRegionSize                         = 4194304                                   {product} {ergonomic}
    uintx GCDrainStackTargetSize                   = 64                                        {product} {ergonomic}
   size_t InitialHeapSize                          = 532676608                                 {product} {ergonomic}
   size_t MarkStackSize                            = 4194304                                   {product} {ergonomic}
   size_t MaxHeapSize                              = 8518631424                                {product} {ergonomic}
   size_t MaxNewSize                               = 5108662272                                {product} {ergonomic}
   size_t MinHeapDeltaBytes                        = 4194304                                   {product} {ergonomic}
   size_t MinHeapSize                              = 8388608                                   {product} {ergonomic}
    uintx NonNMethodCodeHeapSize                   = 7602480                                {pd product} {ergonomic}
    uintx NonProfiledCodeHeapSize                  = 122027880                              {pd product} {ergonomic}
    uintx ProfiledCodeHeapSize                     = 122027880                              {pd product} {ergonomic}
    uintx ReservedCodeCacheSize                    = 251658240                              {pd product} {ergonomic}
     bool SegmentedCodeCache                       = true                                      {product} {ergonomic}
   size_t SoftMaxHeapSize                          = 8518631424                             {manageable} {ergonomic}
     bool UseCompressedOops                        = true                           {product lp64_product} {ergonomic}
     bool UseG1GC                                  = true                                      {product} {ergonomic}
     bool UseLargePagesIndividualAllocation        = false                                  {pd product} {ergonomic}

Logging:
Log output configuration:
 #0: stdout all=warning uptime,level,tags foldmultilines=false
 #1: stderr all=off uptime,level,tags foldmultilines=false

Release file:
IMPLEMENTOR="Eclipse Adoptium" 
IMPLEMENTOR_VERSION="Temurin-21.0.11+10" 
JAVA_RUNTIME_VERSION="21.0.11+10-LTS" 
JAVA_VERSION="21.0.11" 
JAVA_VERSION_DATE="2026-04-21" 
LIBC="default" 
MODULES="java.base java.compiler java.datatransfer java.xml java.prefs java.desktop java.instrument java.logging java.management java.security.sasl java.naming java.rmi java.management.rmi java.net.http java.scripting java.security.jgss java.transaction.xa java.sql java.sql.rowset java.xml.crypto java.se java.smartcardio jdk.accessibility jdk.internal.jvmstat jdk.attach jdk.charsets jdk.internal.opt jdk.zipfs jdk.compiler jdk.crypto.ec jdk.crypto.cryptoki jdk.crypto.mscapi jdk.dynalink jdk.internal.ed jdk.editpad jdk.hotspot.agent jdk.httpserver jdk.incubator.vector jdk.internal.le jdk.internal.vm.ci jdk.internal.vm.compiler jdk.internal.vm.compiler.management jdk.jartool jdk.javadoc jdk.jcmd jdk.management jdk.management.agent jdk.jconsole jdk.jdeps jdk.jdwp.agent jdk.jdi jdk.jfr jdk.jlink jdk.jpackage jdk.jshell jdk.jsobject jdk.jstatd jdk.localedata jdk.management.jfr jdk.naming.dns jdk.naming.rmi jdk.net jdk.nio.mapmode jdk.random jdk.sctp jdk.security.auth jdk.security.jgss jdk.unsupported jdk.unsupported.desktop jdk.xml.dom" 
OS_ARCH="x86_64" 
OS_NAME="Windows" 
SOURCE=".:git:254494ad7d75" 
BUILD_SOURCE="git:a612825ee82a20ac872d60958c349854c1f29a8e"
BUILD_SOURCE_REPO="https://github.com/adoptium/temurin-build.git"
SOURCE_REPO="https://github.com/adoptium/jdk21u.git"
FULL_VERSION="21.0.11+10-LTS"
SEMANTIC_VERSION="21.0.11+10"
BUILD_INFO="OS: Windows Server 2022 Version: 10.0"
JVM_VARIANT="Hotspot"
JVM_VERSION="21.0.11+10-LTS"
IMAGE_TYPE="JDK"

Environment Variables:
JAVA_HOME=C:\Program Files\Eclipse Adoptium\jdk-21.0.11.10-hotspot\
PATH=C:\Program Files\Eclipse Adoptium\jdk-21.0.11.10-hotspot\bin;C:\Program Files (x86)\Common Files\Oracle\Java\javapath;E:\Oculus\Support\oculus-runtime;C:\Program Files (x86)\NVIDIA Corporation\PhysX\Common;C:\Windows\system32;C:\Windows;C:\Windows\System32\Wbem;C:\Windows\System32\WindowsPowerShell\v1.0\;C:\Windows\System32\OpenSSH\;C:\Program Files\dotnet\;C:\WINDOWS\system32;C:\WINDOWS;C:\WINDOWS\System32\Wbem;C:\WINDOWS\System32\WindowsPowerShell\v1.0\;C:\WINDOWS\System32\OpenSSH\;C:\Program Files\NVIDIA Corporation\NVIDIA App\NvDLISR;C:\WINDOWS\system32;C:\WINDOWS;C:\WINDOWS\System32\Wbem;C:\WINDOWS\System32\WindowsPowerShell\v1.0\;C:\WINDOWS\System32\OpenSSH\;C:\Program Files\nodejs\;C:\Program Files\Cloudflare\Cloudflare WARP\;C:\Program Files\WezTerm;C:\Program Files\Git\cmd;C:\Program Files\CMake\bin;C:\Program Files (x86)\Windows Kits\10\Windows Performance Toolkit\;C:\Program Files\GitHub CLI\;C:\Users\ahmed\.cargo\bin;C:\Program Files\CMake\bin;C:\Users\ahmed\AppData\Local\Microsoft\WindowsApps;C:\Users\ahmed\AppData\Roaming\npm;C:\Users\ahmed\.lmstudio\bin;C:\Users\ahmed\AppData\Local\Microsoft\WinGet\Packages\MartinStorsjo.LLVM-MinGW.UCRT_Microsoft.Winget.Source_8wekyb3d8bbwe\llvm-mingw-20260505-ucrt-x86_64\bin;C:\Users\ahmed\AppData\Local\Microsoft\WinGet\Packages\Ninja-build.Ninja_Microsoft.Winget.Source_8wekyb3d8bbwe;
USERNAME=ahmed
OS=Windows_NT
PROCESSOR_IDENTIFIER=Intel64 Family 6 Model 154 Stepping 3, GenuineIntel
TMP=C:\Users\ahmed\AppData\Local\Temp
TEMP=C:\Users\ahmed\AppData\Local\Temp




Periodic native trim disabled

---------------  S Y S T E M  ---------------

OS:
 Windows 11 , 64 bit Build 26100 (10.0.26100.8328)
OS uptime: 0 days 2:04 hours
Hyper-V role detected

CPU: total 20 (initial active 20) (10 cores per cpu, 2 threads per core) family 6 model 154 stepping 3 microcode 0x432, cx8, cmov, fxsr, ht, mmx, 3dnowpref, sse, sse2, sse3, ssse3, sse4.1, sse4.2, popcnt, lzcnt, tsc, tscinvbit, avx, avx2, aes, erms, clmul, bmi1, bmi2, adx, sha, fma, vzeroupper, clflush, clflushopt, clwb, hv, serialize, rdtscp, rdpid, fsrm, f16c, cet_ibt, cet_ss
Processor Information for processor 0
  Max Mhz: 2300, Current Mhz: 2300, Mhz Limit: 2300
Processor Information for processor 1
  Max Mhz: 2300, Current Mhz: 2300, Mhz Limit: 2300
Processor Information for processor 2
  Max Mhz: 2300, Current Mhz: 2300, Mhz Limit: 2300
Processor Information for processor 3
  Max Mhz: 2300, Current Mhz: 2300, Mhz Limit: 2300
Processor Information for processor 4
  Max Mhz: 2300, Current Mhz: 2300, Mhz Limit: 2300
Processor Information for processor 5
  Max Mhz: 2300, Current Mhz: 2300, Mhz Limit: 2300
Processor Information for processor 6
  Max Mhz: 2300, Current Mhz: 2300, Mhz Limit: 2300
Processor Information for processor 7
  Max Mhz: 2300, Current Mhz: 2300, Mhz Limit: 2300
Processor Information for processor 8
  Max Mhz: 2300, Current Mhz: 2300, Mhz Limit: 2300
Processor Information for processor 9
  Max Mhz: 2300, Current Mhz: 2300, Mhz Limit: 2300
Processor Information for processor 10
  Max Mhz: 2300, Current Mhz: 2300, Mhz Limit: 2300
Processor Information for processor 11
  Max Mhz: 2300, Current Mhz: 2300, Mhz Limit: 2300
Processor Information for processor 12
  Max Mhz: 2300, Current Mhz: 1700, Mhz Limit: 1679
Processor Information for processor 13
  Max Mhz: 2300, Current Mhz: 1700, Mhz Limit: 1679
Processor Information for processor 14
  Max Mhz: 2300, Current Mhz: 1700, Mhz Limit: 1679
Processor Information for processor 15
  Max Mhz: 2300, Current Mhz: 1700, Mhz Limit: 1679
Processor Information for processor 16
  Max Mhz: 2300, Current Mhz: 1700, Mhz Limit: 1679
Processor Information for processor 17
  Max Mhz: 2300, Current Mhz: 1500, Mhz Limit: 1679
Processor Information for processor 18
  Max Mhz: 2300, Current Mhz: 1700, Mhz Limit: 1679
Processor Information for processor 19
  Max Mhz: 2300, Current Mhz: 1500, Mhz Limit: 1679

Memory: 4k page, system-wide physical 32492M (18901M free)
TotalPageFile size 34540M (AvailPageFile size 18084M)
current process WorkingSet (physical memory assigned to process): 1152M, peak: 1154M
current process commit charge ("private bytes"): 1596M, peak: 1598M

vm_info: OpenJDK 64-Bit Server VM (21.0.11+10-LTS) for windows-amd64 JRE (21.0.11+10-LTS), built on 2026-04-21T00:00:00Z by "admin" with MS VC++ 17.12 (VS2022)

END.
